-- MySQL dump 10.13  Distrib 5.7.20, for Linux (x86_64)
--
-- Host: localhost    Database: painchaud
-- ------------------------------------------------------
-- Server version	5.7.20-0ubuntu0.16.04.1

/*!40101 SET @OLD_CHARACTER_SET_CLIENT=@@CHARACTER_SET_CLIENT */;
/*!40101 SET @OLD_CHARACTER_SET_RESULTS=@@CHARACTER_SET_RESULTS */;
/*!40101 SET @OLD_COLLATION_CONNECTION=@@COLLATION_CONNECTION */;
/*!40101 SET NAMES utf8 */;
/*!40103 SET @OLD_TIME_ZONE=@@TIME_ZONE */;
/*!40103 SET TIME_ZONE='+00:00' */;
/*!40014 SET @OLD_UNIQUE_CHECKS=@@UNIQUE_CHECKS, UNIQUE_CHECKS=0 */;
/*!40014 SET @OLD_FOREIGN_KEY_CHECKS=@@FOREIGN_KEY_CHECKS, FOREIGN_KEY_CHECKS=0 */;
/*!40101 SET @OLD_SQL_MODE=@@SQL_MODE, SQL_MODE='NO_AUTO_VALUE_ON_ZERO' */;
/*!40111 SET @OLD_SQL_NOTES=@@SQL_NOTES, SQL_NOTES=0 */;

--
-- Table structure for table `assetindexdata`
--

DROP TABLE IF EXISTS `assetindexdata`;
/*!40101 SET @saved_cs_client     = @@character_set_client */;
/*!40101 SET character_set_client = utf8 */;
CREATE TABLE `assetindexdata` (
  `id` int(11) NOT NULL AUTO_INCREMENT,
  `sessionId` varchar(36) NOT NULL DEFAULT '',
  `volumeId` int(11) NOT NULL,
  `uri` text,
  `size` bigint(20) unsigned DEFAULT NULL,
  `timestamp` datetime DEFAULT NULL,
  `recordId` int(11) DEFAULT NULL,
  `inProgress` tinyint(1) DEFAULT '0',
  `completed` tinyint(1) DEFAULT '0',
  `dateCreated` datetime NOT NULL,
  `dateUpdated` datetime NOT NULL,
  `uid` char(36) NOT NULL DEFAULT '0',
  PRIMARY KEY (`id`),
  KEY `assetindexdata_sessionId_volumeId_idx` (`sessionId`,`volumeId`),
  KEY `assetindexdata_volumeId_idx` (`volumeId`),
  CONSTRAINT `assetindexdata_volumeId_fk` FOREIGN KEY (`volumeId`) REFERENCES `volumes` (`id`) ON DELETE CASCADE
) ENGINE=InnoDB DEFAULT CHARSET=utf8;
/*!40101 SET character_set_client = @saved_cs_client */;

--
-- Table structure for table `assets`
--

DROP TABLE IF EXISTS `assets`;
/*!40101 SET @saved_cs_client     = @@character_set_client */;
/*!40101 SET character_set_client = utf8 */;
CREATE TABLE `assets` (
  `id` int(11) NOT NULL,
  `volumeId` int(11) DEFAULT NULL,
  `folderId` int(11) NOT NULL,
  `filename` varchar(255) NOT NULL,
  `kind` varchar(50) NOT NULL DEFAULT 'unknown',
  `width` int(11) unsigned DEFAULT NULL,
  `height` int(11) unsigned DEFAULT NULL,
  `size` bigint(20) unsigned DEFAULT NULL,
  `focalPoint` varchar(13) DEFAULT NULL,
  `deletedWithVolume` tinyint(1) DEFAULT NULL,
  `keptFile` tinyint(1) DEFAULT NULL,
  `dateModified` datetime DEFAULT NULL,
  `dateCreated` datetime NOT NULL,
  `dateUpdated` datetime NOT NULL,
  `uid` char(36) NOT NULL DEFAULT '0',
  PRIMARY KEY (`id`),
  KEY `assets_folderId_idx` (`folderId`),
  KEY `assets_volumeId_idx` (`volumeId`),
  KEY `assets_volumeId_keptFile_idx` (`volumeId`,`keptFile`),
  CONSTRAINT `assets_folderId_fk` FOREIGN KEY (`folderId`) REFERENCES `volumefolders` (`id`) ON DELETE CASCADE,
  CONSTRAINT `assets_id_fk` FOREIGN KEY (`id`) REFERENCES `elements` (`id`) ON DELETE CASCADE,
  CONSTRAINT `assets_volumeId_fk` FOREIGN KEY (`volumeId`) REFERENCES `volumes` (`id`) ON DELETE CASCADE
) ENGINE=InnoDB DEFAULT CHARSET=utf8;
/*!40101 SET character_set_client = @saved_cs_client */;

--
-- Table structure for table `assettransformindex`
--

DROP TABLE IF EXISTS `assettransformindex`;
/*!40101 SET @saved_cs_client     = @@character_set_client */;
/*!40101 SET character_set_client = utf8 */;
CREATE TABLE `assettransformindex` (
  `id` int(11) NOT NULL AUTO_INCREMENT,
  `assetId` int(11) NOT NULL,
  `filename` varchar(255) DEFAULT NULL,
  `format` varchar(255) DEFAULT NULL,
  `location` varchar(255) NOT NULL,
  `volumeId` int(11) DEFAULT NULL,
  `fileExists` tinyint(1) NOT NULL DEFAULT '0',
  `inProgress` tinyint(1) NOT NULL DEFAULT '0',
  `dateIndexed` datetime DEFAULT NULL,
  `dateCreated` datetime NOT NULL,
  `dateUpdated` datetime NOT NULL,
  `uid` char(36) NOT NULL DEFAULT '0',
  PRIMARY KEY (`id`),
  KEY `assettransformindex_volumeId_assetId_location_idx` (`volumeId`,`assetId`,`location`)
) ENGINE=InnoDB AUTO_INCREMENT=119 DEFAULT CHARSET=utf8;
/*!40101 SET character_set_client = @saved_cs_client */;

--
-- Table structure for table `assettransforms`
--

DROP TABLE IF EXISTS `assettransforms`;
/*!40101 SET @saved_cs_client     = @@character_set_client */;
/*!40101 SET character_set_client = utf8 */;
CREATE TABLE `assettransforms` (
  `id` int(11) NOT NULL AUTO_INCREMENT,
  `name` varchar(255) NOT NULL,
  `handle` varchar(255) NOT NULL,
  `mode` enum('stretch','fit','crop') NOT NULL DEFAULT 'crop',
  `position` enum('top-left','top-center','top-right','center-left','center-center','center-right','bottom-left','bottom-center','bottom-right') NOT NULL DEFAULT 'center-center',
  `width` int(11) unsigned DEFAULT NULL,
  `height` int(11) unsigned DEFAULT NULL,
  `format` varchar(255) DEFAULT NULL,
  `quality` int(11) DEFAULT NULL,
  `interlace` enum('none','line','plane','partition') NOT NULL DEFAULT 'none',
  `dimensionChangeTime` datetime DEFAULT NULL,
  `dateCreated` datetime NOT NULL,
  `dateUpdated` datetime NOT NULL,
  `uid` char(36) NOT NULL DEFAULT '0',
  PRIMARY KEY (`id`),
  UNIQUE KEY `assettransforms_name_unq_idx` (`name`),
  UNIQUE KEY `assettransforms_handle_unq_idx` (`handle`)
) ENGINE=InnoDB AUTO_INCREMENT=7 DEFAULT CHARSET=utf8;
/*!40101 SET character_set_client = @saved_cs_client */;

--
-- Table structure for table `categories`
--

DROP TABLE IF EXISTS `categories`;
/*!40101 SET @saved_cs_client     = @@character_set_client */;
/*!40101 SET character_set_client = utf8 */;
CREATE TABLE `categories` (
  `id` int(11) NOT NULL,
  `groupId` int(11) NOT NULL,
  `parentId` int(11) DEFAULT NULL,
  `deletedWithGroup` tinyint(1) DEFAULT NULL,
  `dateCreated` datetime NOT NULL,
  `dateUpdated` datetime NOT NULL,
  `uid` char(36) NOT NULL DEFAULT '0',
  PRIMARY KEY (`id`),
  KEY `categories_groupId_idx` (`groupId`),
  KEY `categories_parentId_fk` (`parentId`),
  CONSTRAINT `categories_groupId_fk` FOREIGN KEY (`groupId`) REFERENCES `categorygroups` (`id`) ON DELETE CASCADE,
  CONSTRAINT `categories_id_fk` FOREIGN KEY (`id`) REFERENCES `elements` (`id`) ON DELETE CASCADE,
  CONSTRAINT `categories_parentId_fk` FOREIGN KEY (`parentId`) REFERENCES `categories` (`id`) ON DELETE SET NULL
) ENGINE=InnoDB DEFAULT CHARSET=utf8;
/*!40101 SET character_set_client = @saved_cs_client */;

--
-- Table structure for table `categorygroups`
--

DROP TABLE IF EXISTS `categorygroups`;
/*!40101 SET @saved_cs_client     = @@character_set_client */;
/*!40101 SET character_set_client = utf8 */;
CREATE TABLE `categorygroups` (
  `id` int(11) NOT NULL AUTO_INCREMENT,
  `structureId` int(11) NOT NULL,
  `fieldLayoutId` int(11) DEFAULT NULL,
  `name` varchar(255) NOT NULL,
  `handle` varchar(255) NOT NULL,
  `dateCreated` datetime NOT NULL,
  `dateUpdated` datetime NOT NULL,
  `dateDeleted` datetime DEFAULT NULL,
  `uid` char(36) NOT NULL DEFAULT '0',
  PRIMARY KEY (`id`),
  KEY `categorygroups_structureId_idx` (`structureId`),
  KEY `categorygroups_fieldLayoutId_idx` (`fieldLayoutId`),
  KEY `categorygroups_dateDeleted_idx` (`dateDeleted`),
  KEY `categorygroups_name_idx` (`name`),
  KEY `categorygroups_handle_idx` (`handle`),
  CONSTRAINT `categorygroups_fieldLayoutId_fk` FOREIGN KEY (`fieldLayoutId`) REFERENCES `fieldlayouts` (`id`) ON DELETE SET NULL,
  CONSTRAINT `categorygroups_structureId_fk` FOREIGN KEY (`structureId`) REFERENCES `structures` (`id`) ON DELETE CASCADE
) ENGINE=InnoDB AUTO_INCREMENT=2 DEFAULT CHARSET=utf8;
/*!40101 SET character_set_client = @saved_cs_client */;

--
-- Table structure for table `categorygroups_sites`
--

DROP TABLE IF EXISTS `categorygroups_sites`;
/*!40101 SET @saved_cs_client     = @@character_set_client */;
/*!40101 SET character_set_client = utf8 */;
CREATE TABLE `categorygroups_sites` (
  `id` int(11) NOT NULL AUTO_INCREMENT,
  `groupId` int(11) NOT NULL,
  `siteId` int(11) NOT NULL,
  `hasUrls` tinyint(1) NOT NULL DEFAULT '1',
  `uriFormat` text,
  `template` varchar(500) DEFAULT NULL,
  `dateCreated` datetime NOT NULL,
  `dateUpdated` datetime NOT NULL,
  `uid` char(36) NOT NULL DEFAULT '0',
  PRIMARY KEY (`id`),
  UNIQUE KEY `categorygroups_sites_groupId_siteId_unq_idx` (`groupId`,`siteId`),
  KEY `categorygroups_sites_siteId_idx` (`siteId`),
  CONSTRAINT `categorygroups_sites_groupId_fk` FOREIGN KEY (`groupId`) REFERENCES `categorygroups` (`id`) ON DELETE CASCADE,
  CONSTRAINT `categorygroups_sites_siteId_fk` FOREIGN KEY (`siteId`) REFERENCES `sites` (`id`) ON DELETE CASCADE ON UPDATE CASCADE
) ENGINE=InnoDB AUTO_INCREMENT=2 DEFAULT CHARSET=utf8;
/*!40101 SET character_set_client = @saved_cs_client */;

--
-- Table structure for table `contactform_submissions`
--

DROP TABLE IF EXISTS `contactform_submissions`;
/*!40101 SET @saved_cs_client     = @@character_set_client */;
/*!40101 SET character_set_client = utf8 */;
CREATE TABLE `contactform_submissions` (
  `id` int(11) NOT NULL,
  `form` varchar(255) DEFAULT NULL,
  `subject` varchar(255) DEFAULT NULL,
  `fromName` varchar(255) DEFAULT NULL,
  `fromEmail` varchar(255) DEFAULT NULL,
  `message` text NOT NULL,
  `dateCreated` datetime NOT NULL,
  `dateUpdated` datetime NOT NULL,
  `uid` char(36) NOT NULL DEFAULT '0',
  PRIMARY KEY (`id`),
  CONSTRAINT `contactform_submissions_id_fk` FOREIGN KEY (`id`) REFERENCES `elements` (`id`) ON DELETE CASCADE
) ENGINE=InnoDB DEFAULT CHARSET=utf8;
/*!40101 SET character_set_client = @saved_cs_client */;

--
-- Table structure for table `content`
--

DROP TABLE IF EXISTS `content`;
/*!40101 SET @saved_cs_client     = @@character_set_client */;
/*!40101 SET character_set_client = utf8 */;
CREATE TABLE `content` (
  `id` int(11) NOT NULL AUTO_INCREMENT,
  `elementId` int(11) NOT NULL,
  `siteId` int(11) NOT NULL,
  `title` varchar(255) DEFAULT NULL,
  `dateCreated` datetime NOT NULL,
  `dateUpdated` datetime NOT NULL,
  `uid` char(36) NOT NULL DEFAULT '0',
  `field_menuLink` text,
  `field_bannerTitleLineOne` text,
  `field_bannerTitleLineTwo` text,
  `field_cttTitle` text,
  `field_cttContent` text,
  `field_cttLink` text,
  `field_activitiesDate` datetime DEFAULT NULL,
  `field_globalAddress` text,
  `field_globalGM` text,
  `field_globalPhone` text,
  `field_globalFax` text,
  `field_globalMail` text,
  `field_citTitle` text,
  `field_citContent` text,
  `field_teamTitle` text,
  `field_teamContent` text,
  `field_galleryTitle` text,
  `field_content1Title` text,
  `field_content1Text` text,
  `field_content2Title` text,
  `field_content2Text` text,
  `field_accordionTitle` text,
  `field_jobDateEntry` text,
  `field_jobNumberJobs` int(10) DEFAULT NULL,
  `field_jobSalary` text,
  `field_jobWorTimetable` text,
  `field_jobEmploymentStatus` text,
  `field_jobShift` text,
  `field_jobResponsabilities` text,
  `field_jobLevelStudies` text,
  `field_jobDiploma` text,
  `field_jobYearsExperience` text,
  `field_jobRequirements` text,
  `field_jobSkillSought` text,
  `field_globalOpenEnvironmentAddress` text,
  `field_globalOpenEnvironmentPhone` text,
  `field_globalOpenEnvironmentFax` text,
  `field_globalOpenEnvironmentEmail` varchar(255) DEFAULT NULL,
  `field_activitiesPlace` text,
  `field_activitiesDetail` text,
  `field_activitiesCost` text,
  `field_activitiesEnd` datetime DEFAULT NULL,
  `field_programTitle` text,
  `field_activitiesLink` text,
  `field_careerPage` text,
  `field_globaFaxTwo` text,
  `field_imagesLink` varchar(255) DEFAULT NULL,
  PRIMARY KEY (`id`),
  UNIQUE KEY `content_elementId_siteId_unq_idx` (`elementId`,`siteId`),
  KEY `content_siteId_idx` (`siteId`),
  KEY `content_title_idx` (`title`),
  CONSTRAINT `content_elementId_fk` FOREIGN KEY (`elementId`) REFERENCES `elements` (`id`) ON DELETE CASCADE,
  CONSTRAINT `content_siteId_fk` FOREIGN KEY (`siteId`) REFERENCES `sites` (`id`) ON DELETE CASCADE ON UPDATE CASCADE
) ENGINE=InnoDB AUTO_INCREMENT=293 DEFAULT CHARSET=utf8;
/*!40101 SET character_set_client = @saved_cs_client */;

--
-- Table structure for table `craftidtokens`
--

DROP TABLE IF EXISTS `craftidtokens`;
/*!40101 SET @saved_cs_client     = @@character_set_client */;
/*!40101 SET character_set_client = utf8 */;
CREATE TABLE `craftidtokens` (
  `id` int(11) NOT NULL AUTO_INCREMENT,
  `userId` int(11) NOT NULL,
  `accessToken` text NOT NULL,
  `expiryDate` datetime DEFAULT NULL,
  `dateCreated` datetime NOT NULL,
  `dateUpdated` datetime NOT NULL,
  `uid` char(36) NOT NULL DEFAULT '0',
  PRIMARY KEY (`id`),
  KEY `craftidtokens_userId_fk` (`userId`),
  CONSTRAINT `craftidtokens_userId_fk` FOREIGN KEY (`userId`) REFERENCES `users` (`id`) ON DELETE CASCADE
) ENGINE=InnoDB DEFAULT CHARSET=utf8;
/*!40101 SET character_set_client = @saved_cs_client */;

--
-- Table structure for table `deprecationerrors`
--

DROP TABLE IF EXISTS `deprecationerrors`;
/*!40101 SET @saved_cs_client     = @@character_set_client */;
/*!40101 SET character_set_client = utf8 */;
CREATE TABLE `deprecationerrors` (
  `id` int(11) NOT NULL AUTO_INCREMENT,
  `key` varchar(255) NOT NULL,
  `fingerprint` varchar(255) NOT NULL,
  `lastOccurrence` datetime NOT NULL,
  `file` varchar(255) NOT NULL,
  `line` smallint(6) unsigned DEFAULT NULL,
  `message` varchar(255) DEFAULT NULL,
  `traces` text,
  `dateCreated` datetime NOT NULL,
  `dateUpdated` datetime NOT NULL,
  `uid` char(36) NOT NULL DEFAULT '0',
  PRIMARY KEY (`id`),
  UNIQUE KEY `deprecationerrors_key_fingerprint_unq_idx` (`key`,`fingerprint`)
) ENGINE=InnoDB DEFAULT CHARSET=utf8;
/*!40101 SET character_set_client = @saved_cs_client */;

--
-- Table structure for table `elementindexsettings`
--

DROP TABLE IF EXISTS `elementindexsettings`;
/*!40101 SET @saved_cs_client     = @@character_set_client */;
/*!40101 SET character_set_client = utf8 */;
CREATE TABLE `elementindexsettings` (
  `id` int(11) NOT NULL AUTO_INCREMENT,
  `type` varchar(255) NOT NULL,
  `settings` text,
  `dateCreated` datetime NOT NULL,
  `dateUpdated` datetime NOT NULL,
  `uid` char(36) NOT NULL DEFAULT '0',
  PRIMARY KEY (`id`),
  UNIQUE KEY `elementindexsettings_type_unq_idx` (`type`)
) ENGINE=InnoDB AUTO_INCREMENT=3 DEFAULT CHARSET=utf8;
/*!40101 SET character_set_client = @saved_cs_client */;

--
-- Table structure for table `elements`
--

DROP TABLE IF EXISTS `elements`;
/*!40101 SET @saved_cs_client     = @@character_set_client */;
/*!40101 SET character_set_client = utf8 */;
CREATE TABLE `elements` (
  `id` int(11) NOT NULL AUTO_INCREMENT,
  `fieldLayoutId` int(11) DEFAULT NULL,
  `type` varchar(255) NOT NULL,
  `enabled` tinyint(1) NOT NULL DEFAULT '1',
  `archived` tinyint(1) NOT NULL DEFAULT '0',
  `dateCreated` datetime NOT NULL,
  `dateUpdated` datetime NOT NULL,
  `dateDeleted` datetime DEFAULT NULL,
  `uid` char(36) NOT NULL DEFAULT '0',
  PRIMARY KEY (`id`),
  KEY `elements_fieldLayoutId_idx` (`fieldLayoutId`),
  KEY `elements_type_idx` (`type`),
  KEY `elements_enabled_idx` (`enabled`),
  KEY `elements_archived_dateCreated_idx` (`archived`,`dateCreated`),
  KEY `elements_dateDeleted_idx` (`dateDeleted`),
  CONSTRAINT `elements_fieldLayoutId_fk` FOREIGN KEY (`fieldLayoutId`) REFERENCES `fieldlayouts` (`id`) ON DELETE SET NULL
) ENGINE=InnoDB AUTO_INCREMENT=344 DEFAULT CHARSET=utf8;
/*!40101 SET character_set_client = @saved_cs_client */;

--
-- Table structure for table `elements_sites`
--

DROP TABLE IF EXISTS `elements_sites`;
/*!40101 SET @saved_cs_client     = @@character_set_client */;
/*!40101 SET character_set_client = utf8 */;
CREATE TABLE `elements_sites` (
  `id` int(11) NOT NULL AUTO_INCREMENT,
  `elementId` int(11) NOT NULL,
  `siteId` int(11) NOT NULL,
  `slug` varchar(255) DEFAULT NULL,
  `uri` varchar(255) DEFAULT NULL,
  `enabled` tinyint(1) NOT NULL DEFAULT '1',
  `dateCreated` datetime NOT NULL,
  `dateUpdated` datetime NOT NULL,
  `uid` char(36) NOT NULL DEFAULT '0',
  PRIMARY KEY (`id`),
  UNIQUE KEY `elements_sites_elementId_siteId_unq_idx` (`elementId`,`siteId`),
  KEY `elements_sites_siteId_idx` (`siteId`),
  KEY `elements_sites_slug_siteId_idx` (`slug`,`siteId`),
  KEY `elements_sites_enabled_idx` (`enabled`),
  KEY `elements_sites_uri_siteId_idx` (`uri`,`siteId`),
  CONSTRAINT `elements_sites_elementId_fk` FOREIGN KEY (`elementId`) REFERENCES `elements` (`id`) ON DELETE CASCADE,
  CONSTRAINT `elements_sites_siteId_fk` FOREIGN KEY (`siteId`) REFERENCES `sites` (`id`) ON DELETE CASCADE ON UPDATE CASCADE
) ENGINE=InnoDB AUTO_INCREMENT=344 DEFAULT CHARSET=utf8;
/*!40101 SET character_set_client = @saved_cs_client */;

--
-- Table structure for table `entries`
--

DROP TABLE IF EXISTS `entries`;
/*!40101 SET @saved_cs_client     = @@character_set_client */;
/*!40101 SET character_set_client = utf8 */;
CREATE TABLE `entries` (
  `id` int(11) NOT NULL,
  `sectionId` int(11) NOT NULL,
  `parentId` int(11) DEFAULT NULL,
  `typeId` int(11) NOT NULL,
  `authorId` int(11) DEFAULT NULL,
  `postDate` datetime DEFAULT NULL,
  `expiryDate` datetime DEFAULT NULL,
  `deletedWithEntryType` tinyint(1) DEFAULT NULL,
  `dateCreated` datetime NOT NULL,
  `dateUpdated` datetime NOT NULL,
  `uid` char(36) NOT NULL DEFAULT '0',
  PRIMARY KEY (`id`),
  KEY `entries_postDate_idx` (`postDate`),
  KEY `entries_expiryDate_idx` (`expiryDate`),
  KEY `entries_authorId_idx` (`authorId`),
  KEY `entries_sectionId_idx` (`sectionId`),
  KEY `entries_typeId_idx` (`typeId`),
  KEY `entries_parentId_fk` (`parentId`),
  CONSTRAINT `entries_authorId_fk` FOREIGN KEY (`authorId`) REFERENCES `users` (`id`) ON DELETE CASCADE,
  CONSTRAINT `entries_id_fk` FOREIGN KEY (`id`) REFERENCES `elements` (`id`) ON DELETE CASCADE,
  CONSTRAINT `entries_parentId_fk` FOREIGN KEY (`parentId`) REFERENCES `entries` (`id`) ON DELETE SET NULL,
  CONSTRAINT `entries_sectionId_fk` FOREIGN KEY (`sectionId`) REFERENCES `sections` (`id`) ON DELETE CASCADE,
  CONSTRAINT `entries_typeId_fk` FOREIGN KEY (`typeId`) REFERENCES `entrytypes` (`id`) ON DELETE CASCADE
) ENGINE=InnoDB DEFAULT CHARSET=utf8;
/*!40101 SET character_set_client = @saved_cs_client */;

--
-- Table structure for table `entrydrafts`
--

DROP TABLE IF EXISTS `entrydrafts`;
/*!40101 SET @saved_cs_client     = @@character_set_client */;
/*!40101 SET character_set_client = utf8 */;
CREATE TABLE `entrydrafts` (
  `id` int(11) NOT NULL AUTO_INCREMENT,
  `entryId` int(11) NOT NULL,
  `sectionId` int(11) NOT NULL,
  `creatorId` int(11) NOT NULL,
  `siteId` int(11) NOT NULL,
  `name` varchar(255) NOT NULL,
  `notes` text,
  `data` mediumtext NOT NULL,
  `dateCreated` datetime NOT NULL,
  `dateUpdated` datetime NOT NULL,
  `uid` char(36) NOT NULL DEFAULT '0',
  PRIMARY KEY (`id`),
  KEY `entrydrafts_sectionId_idx` (`sectionId`),
  KEY `entrydrafts_entryId_siteId_idx` (`entryId`,`siteId`),
  KEY `entrydrafts_siteId_idx` (`siteId`),
  KEY `entrydrafts_creatorId_idx` (`creatorId`),
  CONSTRAINT `entrydrafts_creatorId_fk` FOREIGN KEY (`creatorId`) REFERENCES `users` (`id`) ON DELETE CASCADE,
  CONSTRAINT `entrydrafts_entryId_fk` FOREIGN KEY (`entryId`) REFERENCES `entries` (`id`) ON DELETE CASCADE,
  CONSTRAINT `entrydrafts_sectionId_fk` FOREIGN KEY (`sectionId`) REFERENCES `sections` (`id`) ON DELETE CASCADE,
  CONSTRAINT `entrydrafts_siteId_fk` FOREIGN KEY (`siteId`) REFERENCES `sites` (`id`) ON DELETE CASCADE ON UPDATE CASCADE
) ENGINE=InnoDB DEFAULT CHARSET=utf8;
/*!40101 SET character_set_client = @saved_cs_client */;

--
-- Table structure for table `entrytypes`
--

DROP TABLE IF EXISTS `entrytypes`;
/*!40101 SET @saved_cs_client     = @@character_set_client */;
/*!40101 SET character_set_client = utf8 */;
CREATE TABLE `entrytypes` (
  `id` int(11) NOT NULL AUTO_INCREMENT,
  `sectionId` int(11) NOT NULL,
  `fieldLayoutId` int(11) DEFAULT NULL,
  `name` varchar(255) NOT NULL,
  `handle` varchar(255) NOT NULL,
  `hasTitleField` tinyint(1) NOT NULL DEFAULT '1',
  `titleLabel` varchar(255) DEFAULT 'Title',
  `titleFormat` varchar(255) DEFAULT NULL,
  `sortOrder` smallint(6) unsigned DEFAULT NULL,
  `dateCreated` datetime NOT NULL,
  `dateUpdated` datetime NOT NULL,
  `dateDeleted` datetime DEFAULT NULL,
  `uid` char(36) NOT NULL DEFAULT '0',
  PRIMARY KEY (`id`),
  KEY `entrytypes_sectionId_idx` (`sectionId`),
  KEY `entrytypes_fieldLayoutId_idx` (`fieldLayoutId`),
  KEY `entrytypes_dateDeleted_idx` (`dateDeleted`),
  KEY `entrytypes_name_sectionId_idx` (`name`,`sectionId`),
  KEY `entrytypes_handle_sectionId_idx` (`handle`,`sectionId`),
  CONSTRAINT `entrytypes_fieldLayoutId_fk` FOREIGN KEY (`fieldLayoutId`) REFERENCES `fieldlayouts` (`id`) ON DELETE SET NULL,
  CONSTRAINT `entrytypes_sectionId_fk` FOREIGN KEY (`sectionId`) REFERENCES `sections` (`id`) ON DELETE CASCADE
) ENGINE=InnoDB AUTO_INCREMENT=16 DEFAULT CHARSET=utf8;
/*!40101 SET character_set_client = @saved_cs_client */;

--
-- Table structure for table `entryversions`
--

DROP TABLE IF EXISTS `entryversions`;
/*!40101 SET @saved_cs_client     = @@character_set_client */;
/*!40101 SET character_set_client = utf8 */;
CREATE TABLE `entryversions` (
  `id` int(11) NOT NULL AUTO_INCREMENT,
  `entryId` int(11) NOT NULL,
  `sectionId` int(11) NOT NULL,
  `creatorId` int(11) DEFAULT NULL,
  `siteId` int(11) NOT NULL,
  `num` smallint(6) unsigned NOT NULL,
  `notes` text,
  `data` mediumtext NOT NULL,
  `dateCreated` datetime NOT NULL,
  `dateUpdated` datetime NOT NULL,
  `uid` char(36) NOT NULL DEFAULT '0',
  PRIMARY KEY (`id`),
  KEY `entryversions_sectionId_idx` (`sectionId`),
  KEY `entryversions_entryId_siteId_idx` (`entryId`,`siteId`),
  KEY `entryversions_siteId_idx` (`siteId`),
  KEY `entryversions_creatorId_idx` (`creatorId`),
  CONSTRAINT `entryversions_creatorId_fk` FOREIGN KEY (`creatorId`) REFERENCES `users` (`id`) ON DELETE SET NULL,
  CONSTRAINT `entryversions_entryId_fk` FOREIGN KEY (`entryId`) REFERENCES `entries` (`id`) ON DELETE CASCADE,
  CONSTRAINT `entryversions_sectionId_fk` FOREIGN KEY (`sectionId`) REFERENCES `sections` (`id`) ON DELETE CASCADE,
  CONSTRAINT `entryversions_siteId_fk` FOREIGN KEY (`siteId`) REFERENCES `sites` (`id`) ON DELETE CASCADE ON UPDATE CASCADE
) ENGINE=InnoDB AUTO_INCREMENT=141 DEFAULT CHARSET=utf8;
/*!40101 SET character_set_client = @saved_cs_client */;

--
-- Table structure for table `fieldgroups`
--

DROP TABLE IF EXISTS `fieldgroups`;
/*!40101 SET @saved_cs_client     = @@character_set_client */;
/*!40101 SET character_set_client = utf8 */;
CREATE TABLE `fieldgroups` (
  `id` int(11) NOT NULL AUTO_INCREMENT,
  `name` varchar(255) NOT NULL,
  `dateCreated` datetime NOT NULL,
  `dateUpdated` datetime NOT NULL,
  `uid` char(36) NOT NULL DEFAULT '0',
  PRIMARY KEY (`id`),
  UNIQUE KEY `fieldgroups_name_unq_idx` (`name`)
) ENGINE=InnoDB AUTO_INCREMENT=14 DEFAULT CHARSET=utf8;
/*!40101 SET character_set_client = @saved_cs_client */;

--
-- Table structure for table `fieldlayoutfields`
--

DROP TABLE IF EXISTS `fieldlayoutfields`;
/*!40101 SET @saved_cs_client     = @@character_set_client */;
/*!40101 SET character_set_client = utf8 */;
CREATE TABLE `fieldlayoutfields` (
  `id` int(11) NOT NULL AUTO_INCREMENT,
  `layoutId` int(11) NOT NULL,
  `tabId` int(11) NOT NULL,
  `fieldId` int(11) NOT NULL,
  `required` tinyint(1) NOT NULL DEFAULT '0',
  `sortOrder` smallint(6) unsigned DEFAULT NULL,
  `dateCreated` datetime NOT NULL,
  `dateUpdated` datetime NOT NULL,
  `uid` char(36) NOT NULL DEFAULT '0',
  PRIMARY KEY (`id`),
  UNIQUE KEY `fieldlayoutfields_layoutId_fieldId_unq_idx` (`layoutId`,`fieldId`),
  KEY `fieldlayoutfields_sortOrder_idx` (`sortOrder`),
  KEY `fieldlayoutfields_tabId_idx` (`tabId`),
  KEY `fieldlayoutfields_fieldId_idx` (`fieldId`),
  CONSTRAINT `fieldlayoutfields_fieldId_fk` FOREIGN KEY (`fieldId`) REFERENCES `fields` (`id`) ON DELETE CASCADE,
  CONSTRAINT `fieldlayoutfields_layoutId_fk` FOREIGN KEY (`layoutId`) REFERENCES `fieldlayouts` (`id`) ON DELETE CASCADE,
  CONSTRAINT `fieldlayoutfields_tabId_fk` FOREIGN KEY (`tabId`) REFERENCES `fieldlayouttabs` (`id`) ON DELETE CASCADE
) ENGINE=InnoDB AUTO_INCREMENT=492 DEFAULT CHARSET=utf8;
/*!40101 SET character_set_client = @saved_cs_client */;

--
-- Table structure for table `fieldlayouts`
--

DROP TABLE IF EXISTS `fieldlayouts`;
/*!40101 SET @saved_cs_client     = @@character_set_client */;
/*!40101 SET character_set_client = utf8 */;
CREATE TABLE `fieldlayouts` (
  `id` int(11) NOT NULL AUTO_INCREMENT,
  `type` varchar(255) NOT NULL,
  `dateCreated` datetime NOT NULL,
  `dateUpdated` datetime NOT NULL,
  `dateDeleted` datetime DEFAULT NULL,
  `uid` char(36) NOT NULL DEFAULT '0',
  PRIMARY KEY (`id`),
  KEY `fieldlayouts_type_idx` (`type`),
  KEY `fieldlayouts_dateDeleted_idx` (`dateDeleted`)
) ENGINE=InnoDB AUTO_INCREMENT=33 DEFAULT CHARSET=utf8;
/*!40101 SET character_set_client = @saved_cs_client */;

--
-- Table structure for table `fieldlayouttabs`
--

DROP TABLE IF EXISTS `fieldlayouttabs`;
/*!40101 SET @saved_cs_client     = @@character_set_client */;
/*!40101 SET character_set_client = utf8 */;
CREATE TABLE `fieldlayouttabs` (
  `id` int(11) NOT NULL AUTO_INCREMENT,
  `layoutId` int(11) NOT NULL,
  `name` varchar(255) NOT NULL,
  `sortOrder` smallint(6) unsigned DEFAULT NULL,
  `dateCreated` datetime NOT NULL,
  `dateUpdated` datetime NOT NULL,
  `uid` char(36) NOT NULL DEFAULT '0',
  PRIMARY KEY (`id`),
  KEY `fieldlayouttabs_sortOrder_idx` (`sortOrder`),
  KEY `fieldlayouttabs_layoutId_idx` (`layoutId`),
  CONSTRAINT `fieldlayouttabs_layoutId_fk` FOREIGN KEY (`layoutId`) REFERENCES `fieldlayouts` (`id`) ON DELETE CASCADE
) ENGINE=InnoDB AUTO_INCREMENT=222 DEFAULT CHARSET=utf8;
/*!40101 SET character_set_client = @saved_cs_client */;

--
-- Table structure for table `fields`
--

DROP TABLE IF EXISTS `fields`;
/*!40101 SET @saved_cs_client     = @@character_set_client */;
/*!40101 SET character_set_client = utf8 */;
CREATE TABLE `fields` (
  `id` int(11) NOT NULL AUTO_INCREMENT,
  `groupId` int(11) DEFAULT NULL,
  `name` varchar(255) NOT NULL,
  `handle` varchar(64) NOT NULL,
  `context` varchar(255) NOT NULL DEFAULT 'global',
  `instructions` text,
  `searchable` tinyint(1) NOT NULL DEFAULT '1',
  `translationMethod` varchar(255) NOT NULL DEFAULT 'none',
  `translationKeyFormat` text,
  `type` varchar(255) NOT NULL,
  `settings` text,
  `dateCreated` datetime NOT NULL,
  `dateUpdated` datetime NOT NULL,
  `uid` char(36) NOT NULL DEFAULT '0',
  PRIMARY KEY (`id`),
  UNIQUE KEY `fields_handle_context_unq_idx` (`handle`,`context`),
  KEY `fields_groupId_idx` (`groupId`),
  KEY `fields_context_idx` (`context`),
  CONSTRAINT `fields_groupId_fk` FOREIGN KEY (`groupId`) REFERENCES `fieldgroups` (`id`) ON DELETE CASCADE
) ENGINE=InnoDB AUTO_INCREMENT=94 DEFAULT CHARSET=utf8;
/*!40101 SET character_set_client = @saved_cs_client */;

--
-- Table structure for table `globalsets`
--

DROP TABLE IF EXISTS `globalsets`;
/*!40101 SET @saved_cs_client     = @@character_set_client */;
/*!40101 SET character_set_client = utf8 */;
CREATE TABLE `globalsets` (
  `id` int(11) NOT NULL AUTO_INCREMENT,
  `name` varchar(255) NOT NULL,
  `handle` varchar(255) NOT NULL,
  `fieldLayoutId` int(11) DEFAULT NULL,
  `dateCreated` datetime NOT NULL,
  `dateUpdated` datetime NOT NULL,
  `uid` char(36) NOT NULL DEFAULT '0',
  PRIMARY KEY (`id`),
  KEY `globalsets_fieldLayoutId_idx` (`fieldLayoutId`),
  KEY `globalsets_name_idx` (`name`),
  KEY `globalsets_handle_idx` (`handle`),
  CONSTRAINT `globalsets_fieldLayoutId_fk` FOREIGN KEY (`fieldLayoutId`) REFERENCES `fieldlayouts` (`id`) ON DELETE SET NULL,
  CONSTRAINT `globalsets_id_fk` FOREIGN KEY (`id`) REFERENCES `elements` (`id`) ON DELETE CASCADE
) ENGINE=InnoDB AUTO_INCREMENT=58 DEFAULT CHARSET=utf8;
/*!40101 SET character_set_client = @saved_cs_client */;

--
-- Table structure for table `info`
--

DROP TABLE IF EXISTS `info`;
/*!40101 SET @saved_cs_client     = @@character_set_client */;
/*!40101 SET character_set_client = utf8 */;
CREATE TABLE `info` (
  `id` int(11) NOT NULL AUTO_INCREMENT,
  `version` varchar(50) NOT NULL,
  `schemaVersion` varchar(15) NOT NULL,
  `maintenance` tinyint(1) NOT NULL DEFAULT '0',
  `config` mediumtext,
  `configMap` mediumtext,
  `fieldVersion` char(12) NOT NULL DEFAULT '000000000000',
  `dateCreated` datetime NOT NULL,
  `dateUpdated` datetime NOT NULL,
  `uid` char(36) NOT NULL DEFAULT '0',
  PRIMARY KEY (`id`)
) ENGINE=InnoDB AUTO_INCREMENT=2 DEFAULT CHARSET=utf8;
/*!40101 SET character_set_client = @saved_cs_client */;

--
-- Table structure for table `matrixblocks`
--

DROP TABLE IF EXISTS `matrixblocks`;
/*!40101 SET @saved_cs_client     = @@character_set_client */;
/*!40101 SET character_set_client = utf8 */;
CREATE TABLE `matrixblocks` (
  `id` int(11) NOT NULL,
  `ownerId` int(11) NOT NULL,
  `ownerSiteId` int(11) DEFAULT NULL,
  `fieldId` int(11) NOT NULL,
  `typeId` int(11) NOT NULL,
  `sortOrder` smallint(6) unsigned DEFAULT NULL,
  `deletedWithOwner` tinyint(1) DEFAULT NULL,
  `dateCreated` datetime NOT NULL,
  `dateUpdated` datetime NOT NULL,
  `uid` char(36) NOT NULL DEFAULT '0',
  PRIMARY KEY (`id`),
  KEY `matrixblocks_ownerId_idx` (`ownerId`),
  KEY `matrixblocks_fieldId_idx` (`fieldId`),
  KEY `matrixblocks_typeId_idx` (`typeId`),
  KEY `matrixblocks_sortOrder_idx` (`sortOrder`),
  KEY `matrixblocks_ownerSiteId_idx` (`ownerSiteId`),
  CONSTRAINT `matrixblocks_fieldId_fk` FOREIGN KEY (`fieldId`) REFERENCES `fields` (`id`) ON DELETE CASCADE,
  CONSTRAINT `matrixblocks_id_fk` FOREIGN KEY (`id`) REFERENCES `elements` (`id`) ON DELETE CASCADE,
  CONSTRAINT `matrixblocks_ownerId_fk` FOREIGN KEY (`ownerId`) REFERENCES `elements` (`id`) ON DELETE CASCADE,
  CONSTRAINT `matrixblocks_ownerSiteId_fk` FOREIGN KEY (`ownerSiteId`) REFERENCES `sites` (`id`) ON DELETE CASCADE ON UPDATE CASCADE,
  CONSTRAINT `matrixblocks_typeId_fk` FOREIGN KEY (`typeId`) REFERENCES `matrixblocktypes` (`id`) ON DELETE CASCADE
) ENGINE=InnoDB DEFAULT CHARSET=utf8;
/*!40101 SET character_set_client = @saved_cs_client */;

--
-- Table structure for table `matrixblocktypes`
--

DROP TABLE IF EXISTS `matrixblocktypes`;
/*!40101 SET @saved_cs_client     = @@character_set_client */;
/*!40101 SET character_set_client = utf8 */;
CREATE TABLE `matrixblocktypes` (
  `id` int(11) NOT NULL AUTO_INCREMENT,
  `fieldId` int(11) NOT NULL,
  `fieldLayoutId` int(11) DEFAULT NULL,
  `name` varchar(255) NOT NULL,
  `handle` varchar(255) NOT NULL,
  `sortOrder` smallint(6) unsigned DEFAULT NULL,
  `dateCreated` datetime NOT NULL,
  `dateUpdated` datetime NOT NULL,
  `uid` char(36) NOT NULL DEFAULT '0',
  PRIMARY KEY (`id`),
  UNIQUE KEY `matrixblocktypes_name_fieldId_unq_idx` (`name`,`fieldId`),
  UNIQUE KEY `matrixblocktypes_handle_fieldId_unq_idx` (`handle`,`fieldId`),
  KEY `matrixblocktypes_fieldId_idx` (`fieldId`),
  KEY `matrixblocktypes_fieldLayoutId_idx` (`fieldLayoutId`),
  CONSTRAINT `matrixblocktypes_fieldId_fk` FOREIGN KEY (`fieldId`) REFERENCES `fields` (`id`) ON DELETE CASCADE,
  CONSTRAINT `matrixblocktypes_fieldLayoutId_fk` FOREIGN KEY (`fieldLayoutId`) REFERENCES `fieldlayouts` (`id`) ON DELETE SET NULL
) ENGINE=InnoDB AUTO_INCREMENT=11 DEFAULT CHARSET=utf8;
/*!40101 SET character_set_client = @saved_cs_client */;

--
-- Table structure for table `matrixcontent_accordeon`
--

DROP TABLE IF EXISTS `matrixcontent_accordeon`;
/*!40101 SET @saved_cs_client     = @@character_set_client */;
/*!40101 SET character_set_client = utf8 */;
CREATE TABLE `matrixcontent_accordeon` (
  `id` int(11) NOT NULL AUTO_INCREMENT,
  `elementId` int(11) NOT NULL,
  `siteId` int(11) NOT NULL,
  `dateCreated` datetime NOT NULL,
  `dateUpdated` datetime NOT NULL,
  `uid` char(36) NOT NULL DEFAULT '0',
  `field_asdzdf_test` text,
  `field_sdf_sdfdfsdf` text,
  PRIMARY KEY (`id`),
  UNIQUE KEY `matrixcontent_accordeon_elementId_siteId_unq_idx` (`elementId`,`siteId`),
  KEY `matrixcontent_accordeon_siteId_fk` (`siteId`),
  CONSTRAINT `matrixcontent_accordeon_elementId_fk` FOREIGN KEY (`elementId`) REFERENCES `elements` (`id`) ON DELETE CASCADE,
  CONSTRAINT `matrixcontent_accordeon_siteId_fk` FOREIGN KEY (`siteId`) REFERENCES `sites` (`id`) ON DELETE CASCADE ON UPDATE CASCADE
) ENGINE=InnoDB DEFAULT CHARSET=utf8;
/*!40101 SET character_set_client = @saved_cs_client */;

--
-- Table structure for table `matrixcontent_accordion`
--

DROP TABLE IF EXISTS `matrixcontent_accordion`;
/*!40101 SET @saved_cs_client     = @@character_set_client */;
/*!40101 SET character_set_client = utf8 */;
CREATE TABLE `matrixcontent_accordion` (
  `id` int(11) NOT NULL AUTO_INCREMENT,
  `elementId` int(11) NOT NULL,
  `siteId` int(11) NOT NULL,
  `dateCreated` datetime NOT NULL,
  `dateUpdated` datetime NOT NULL,
  `uid` char(36) NOT NULL DEFAULT '0',
  `field_accordionTable_accordionTitle` text,
  PRIMARY KEY (`id`),
  UNIQUE KEY `matrixcontent_accordion_elementId_siteId_unq_idx` (`elementId`,`siteId`),
  KEY `matrixcontent_accordion_siteId_fk` (`siteId`),
  CONSTRAINT `matrixcontent_accordion_elementId_fk` FOREIGN KEY (`elementId`) REFERENCES `elements` (`id`) ON DELETE CASCADE,
  CONSTRAINT `matrixcontent_accordion_siteId_fk` FOREIGN KEY (`siteId`) REFERENCES `sites` (`id`) ON DELETE CASCADE ON UPDATE CASCADE
) ENGINE=InnoDB AUTO_INCREMENT=3 DEFAULT CHARSET=utf8;
/*!40101 SET character_set_client = @saved_cs_client */;

--
-- Table structure for table `matrixcontent_accordionblocelement`
--

DROP TABLE IF EXISTS `matrixcontent_accordionblocelement`;
/*!40101 SET @saved_cs_client     = @@character_set_client */;
/*!40101 SET character_set_client = utf8 */;
CREATE TABLE `matrixcontent_accordionblocelement` (
  `id` int(11) NOT NULL AUTO_INCREMENT,
  `elementId` int(11) NOT NULL,
  `siteId` int(11) NOT NULL,
  `dateCreated` datetime NOT NULL,
  `dateUpdated` datetime NOT NULL,
  `uid` char(36) NOT NULL DEFAULT '0',
  `field_accordionblocA_accordionBlocAContent` text,
  `field_accordionblocB_accordionBlocBContent` text,
  `field_accordionblocB_accordionBlocBBullet` text,
  `field_accordionblocA_accordionBlocABullet` text,
  PRIMARY KEY (`id`),
  UNIQUE KEY `matrixcontent_accordionblocelement_elementId_siteId_unq_idx` (`elementId`,`siteId`),
  KEY `matrixcontent_accordionblocelement_siteId_fk` (`siteId`),
  CONSTRAINT `matrixcontent_accordionblocelement_elementId_fk` FOREIGN KEY (`elementId`) REFERENCES `elements` (`id`) ON DELETE CASCADE,
  CONSTRAINT `matrixcontent_accordionblocelement_siteId_fk` FOREIGN KEY (`siteId`) REFERENCES `sites` (`id`) ON DELETE CASCADE ON UPDATE CASCADE
) ENGINE=InnoDB AUTO_INCREMENT=10 DEFAULT CHARSET=utf8;
/*!40101 SET character_set_client = @saved_cs_client */;

--
-- Table structure for table `matrixcontent_accordiontab`
--

DROP TABLE IF EXISTS `matrixcontent_accordiontab`;
/*!40101 SET @saved_cs_client     = @@character_set_client */;
/*!40101 SET character_set_client = utf8 */;
CREATE TABLE `matrixcontent_accordiontab` (
  `id` int(11) NOT NULL AUTO_INCREMENT,
  `elementId` int(11) NOT NULL,
  `siteId` int(11) NOT NULL,
  `dateCreated` datetime NOT NULL,
  `dateUpdated` datetime NOT NULL,
  `uid` char(36) NOT NULL DEFAULT '0',
  `field_accordionBlocA_accordionBlocABullet` text,
  `field_accordionBlocB_accordionBlocBContent` text,
  `field_accordionBlocA_accordionBlocAContent` text,
  `field_accordionBlocB_accordionBlocBBullet` text,
  PRIMARY KEY (`id`),
  UNIQUE KEY `matrixcontent_accordiontab_elementId_siteId_unq_idx` (`elementId`,`siteId`),
  KEY `matrixcontent_accordiontab_siteId_fk` (`siteId`),
  CONSTRAINT `matrixcontent_accordiontab_elementId_fk` FOREIGN KEY (`elementId`) REFERENCES `elements` (`id`) ON DELETE CASCADE,
  CONSTRAINT `matrixcontent_accordiontab_siteId_fk` FOREIGN KEY (`siteId`) REFERENCES `sites` (`id`) ON DELETE CASCADE ON UPDATE CASCADE
) ENGINE=InnoDB AUTO_INCREMENT=8 DEFAULT CHARSET=utf8;
/*!40101 SET character_set_client = @saved_cs_client */;

--
-- Table structure for table `matrixcontent_globalopenenvironmentemail`
--

DROP TABLE IF EXISTS `matrixcontent_globalopenenvironmentemail`;
/*!40101 SET @saved_cs_client     = @@character_set_client */;
/*!40101 SET character_set_client = utf8 */;
CREATE TABLE `matrixcontent_globalopenenvironmentemail` (
  `id` int(11) NOT NULL AUTO_INCREMENT,
  `elementId` int(11) NOT NULL,
  `siteId` int(11) NOT NULL,
  `dateCreated` datetime NOT NULL,
  `dateUpdated` datetime NOT NULL,
  `uid` char(36) NOT NULL DEFAULT '0',
  PRIMARY KEY (`id`),
  UNIQUE KEY `matrixcontent_globalopenenvironmentemail_elementId_siteId_unq_id` (`elementId`,`siteId`),
  KEY `matrixcontent_globalopenenvironmentemail_siteId_fk` (`siteId`),
  CONSTRAINT `matrixcontent_globalopenenvironmentemail_elementId_fk` FOREIGN KEY (`elementId`) REFERENCES `elements` (`id`) ON DELETE CASCADE,
  CONSTRAINT `matrixcontent_globalopenenvironmentemail_siteId_fk` FOREIGN KEY (`siteId`) REFERENCES `sites` (`id`) ON DELETE CASCADE ON UPDATE CASCADE
) ENGINE=InnoDB DEFAULT CHARSET=utf8;
/*!40101 SET character_set_client = @saved_cs_client */;

--
-- Table structure for table `matrixcontent_pagefileslist`
--

DROP TABLE IF EXISTS `matrixcontent_pagefileslist`;
/*!40101 SET @saved_cs_client     = @@character_set_client */;
/*!40101 SET character_set_client = utf8 */;
CREATE TABLE `matrixcontent_pagefileslist` (
  `id` int(11) NOT NULL AUTO_INCREMENT,
  `elementId` int(11) NOT NULL,
  `siteId` int(11) NOT NULL,
  `dateCreated` datetime NOT NULL,
  `dateUpdated` datetime NOT NULL,
  `uid` char(36) NOT NULL DEFAULT '0',
  `field_pageFilesListTab_pageFilesListTitle` text,
  PRIMARY KEY (`id`),
  UNIQUE KEY `matrixcontent_pagefileslist_elementId_siteId_unq_idx` (`elementId`,`siteId`),
  KEY `matrixcontent_pagefileslist_siteId_fk` (`siteId`),
  CONSTRAINT `matrixcontent_pagefileslist_elementId_fk` FOREIGN KEY (`elementId`) REFERENCES `elements` (`id`) ON DELETE CASCADE,
  CONSTRAINT `matrixcontent_pagefileslist_siteId_fk` FOREIGN KEY (`siteId`) REFERENCES `sites` (`id`) ON DELETE CASCADE ON UPDATE CASCADE
) ENGINE=InnoDB AUTO_INCREMENT=5 DEFAULT CHARSET=utf8;
/*!40101 SET character_set_client = @saved_cs_client */;

--
-- Table structure for table `matrixcontent_partners`
--

DROP TABLE IF EXISTS `matrixcontent_partners`;
/*!40101 SET @saved_cs_client     = @@character_set_client */;
/*!40101 SET character_set_client = utf8 */;
CREATE TABLE `matrixcontent_partners` (
  `id` int(11) NOT NULL AUTO_INCREMENT,
  `elementId` int(11) NOT NULL,
  `siteId` int(11) NOT NULL,
  `dateCreated` datetime NOT NULL,
  `dateUpdated` datetime NOT NULL,
  `uid` char(36) NOT NULL DEFAULT '0',
  `field_partnersTab_partnersWeb` text,
  PRIMARY KEY (`id`),
  UNIQUE KEY `matrixcontent_partners_elementId_siteId_unq_idx` (`elementId`,`siteId`),
  KEY `matrixcontent_partners_siteId_fk` (`siteId`),
  CONSTRAINT `matrixcontent_partners_elementId_fk` FOREIGN KEY (`elementId`) REFERENCES `elements` (`id`) ON DELETE CASCADE,
  CONSTRAINT `matrixcontent_partners_siteId_fk` FOREIGN KEY (`siteId`) REFERENCES `sites` (`id`) ON DELETE CASCADE ON UPDATE CASCADE
) ENGINE=InnoDB AUTO_INCREMENT=5 DEFAULT CHARSET=utf8;
/*!40101 SET character_set_client = @saved_cs_client */;

--
-- Table structure for table `matrixcontent_teammember`
--

DROP TABLE IF EXISTS `matrixcontent_teammember`;
/*!40101 SET @saved_cs_client     = @@character_set_client */;
/*!40101 SET character_set_client = utf8 */;
CREATE TABLE `matrixcontent_teammember` (
  `id` int(11) NOT NULL AUTO_INCREMENT,
  `elementId` int(11) NOT NULL,
  `siteId` int(11) NOT NULL,
  `dateCreated` datetime NOT NULL,
  `dateUpdated` datetime NOT NULL,
  `uid` char(36) NOT NULL DEFAULT '0',
  `field_teamMemberTab_teamMemberName` text,
  `field_teamMemberTab_teamMemberRole` text,
  `field_teamMemberTab_teamMemberPhone` text,
  `field_teamMemberTab_teamMemberEmail` varchar(255) DEFAULT NULL,
  `field_teamMemberTab_teamMemberBio` text,
  PRIMARY KEY (`id`),
  UNIQUE KEY `matrixcontent_teammember_elementId_siteId_unq_idx` (`elementId`,`siteId`),
  KEY `matrixcontent_teammember_siteId_fk` (`siteId`),
  CONSTRAINT `matrixcontent_teammember_elementId_fk` FOREIGN KEY (`elementId`) REFERENCES `elements` (`id`) ON DELETE CASCADE,
  CONSTRAINT `matrixcontent_teammember_siteId_fk` FOREIGN KEY (`siteId`) REFERENCES `sites` (`id`) ON DELETE CASCADE ON UPDATE CASCADE
) ENGINE=InnoDB AUTO_INCREMENT=6 DEFAULT CHARSET=utf8;
/*!40101 SET character_set_client = @saved_cs_client */;

--
-- Table structure for table `migrations`
--

DROP TABLE IF EXISTS `migrations`;
/*!40101 SET @saved_cs_client     = @@character_set_client */;
/*!40101 SET character_set_client = utf8 */;
CREATE TABLE `migrations` (
  `id` int(11) NOT NULL AUTO_INCREMENT,
  `pluginId` int(11) DEFAULT NULL,
  `type` enum('app','plugin','content') NOT NULL DEFAULT 'app',
  `name` varchar(255) NOT NULL,
  `applyTime` datetime NOT NULL,
  `dateCreated` datetime NOT NULL,
  `dateUpdated` datetime NOT NULL,
  `uid` char(36) NOT NULL DEFAULT '0',
  PRIMARY KEY (`id`),
  KEY `migrations_pluginId_idx` (`pluginId`),
  KEY `migrations_type_pluginId_idx` (`type`,`pluginId`),
  CONSTRAINT `migrations_pluginId_fk` FOREIGN KEY (`pluginId`) REFERENCES `plugins` (`id`) ON DELETE CASCADE
) ENGINE=InnoDB AUTO_INCREMENT=160 DEFAULT CHARSET=utf8;
/*!40101 SET character_set_client = @saved_cs_client */;

--
-- Table structure for table `plugins`
--

DROP TABLE IF EXISTS `plugins`;
/*!40101 SET @saved_cs_client     = @@character_set_client */;
/*!40101 SET character_set_client = utf8 */;
CREATE TABLE `plugins` (
  `id` int(11) NOT NULL AUTO_INCREMENT,
  `handle` varchar(255) NOT NULL,
  `version` varchar(255) NOT NULL,
  `schemaVersion` varchar(255) NOT NULL,
  `licenseKeyStatus` enum('valid','invalid','mismatched','astray','unknown') NOT NULL DEFAULT 'unknown',
  `licensedEdition` varchar(255) DEFAULT NULL,
  `installDate` datetime NOT NULL,
  `dateCreated` datetime NOT NULL,
  `dateUpdated` datetime NOT NULL,
  `uid` char(36) NOT NULL DEFAULT '0',
  PRIMARY KEY (`id`),
  UNIQUE KEY `plugins_handle_unq_idx` (`handle`)
) ENGINE=InnoDB AUTO_INCREMENT=9 DEFAULT CHARSET=utf8;
/*!40101 SET character_set_client = @saved_cs_client */;

--
-- Table structure for table `queue`
--

DROP TABLE IF EXISTS `queue`;
/*!40101 SET @saved_cs_client     = @@character_set_client */;
/*!40101 SET character_set_client = utf8 */;
CREATE TABLE `queue` (
  `id` int(11) NOT NULL AUTO_INCREMENT,
  `job` longblob NOT NULL,
  `description` text,
  `timePushed` int(11) NOT NULL,
  `ttr` int(11) NOT NULL,
  `delay` int(11) NOT NULL DEFAULT '0',
  `priority` int(11) unsigned NOT NULL DEFAULT '1024',
  `dateReserved` datetime DEFAULT NULL,
  `timeUpdated` int(11) DEFAULT NULL,
  `progress` smallint(6) NOT NULL DEFAULT '0',
  `attempt` int(11) DEFAULT NULL,
  `fail` tinyint(1) DEFAULT '0',
  `dateFailed` datetime DEFAULT NULL,
  `error` text,
  PRIMARY KEY (`id`),
  KEY `queue_fail_timeUpdated_timePushed_idx` (`fail`,`timeUpdated`,`timePushed`),
  KEY `queue_fail_timeUpdated_delay_idx` (`fail`,`timeUpdated`,`delay`)
) ENGINE=InnoDB AUTO_INCREMENT=34 DEFAULT CHARSET=utf8;
/*!40101 SET character_set_client = @saved_cs_client */;

--
-- Table structure for table `relations`
--

DROP TABLE IF EXISTS `relations`;
/*!40101 SET @saved_cs_client     = @@character_set_client */;
/*!40101 SET character_set_client = utf8 */;
CREATE TABLE `relations` (
  `id` int(11) NOT NULL AUTO_INCREMENT,
  `fieldId` int(11) NOT NULL,
  `sourceId` int(11) NOT NULL,
  `sourceSiteId` int(11) DEFAULT NULL,
  `targetId` int(11) NOT NULL,
  `sortOrder` smallint(6) unsigned DEFAULT NULL,
  `dateCreated` datetime NOT NULL,
  `dateUpdated` datetime NOT NULL,
  `uid` char(36) NOT NULL DEFAULT '0',
  PRIMARY KEY (`id`),
  UNIQUE KEY `relations_fieldId_sourceId_sourceSiteId_targetId_unq_idx` (`fieldId`,`sourceId`,`sourceSiteId`,`targetId`),
  KEY `relations_sourceId_idx` (`sourceId`),
  KEY `relations_targetId_idx` (`targetId`),
  KEY `relations_sourceSiteId_idx` (`sourceSiteId`),
  CONSTRAINT `relations_fieldId_fk` FOREIGN KEY (`fieldId`) REFERENCES `fields` (`id`) ON DELETE CASCADE,
  CONSTRAINT `relations_sourceId_fk` FOREIGN KEY (`sourceId`) REFERENCES `elements` (`id`) ON DELETE CASCADE,
  CONSTRAINT `relations_sourceSiteId_fk` FOREIGN KEY (`sourceSiteId`) REFERENCES `sites` (`id`) ON DELETE CASCADE ON UPDATE CASCADE,
  CONSTRAINT `relations_targetId_fk` FOREIGN KEY (`targetId`) REFERENCES `elements` (`id`) ON DELETE CASCADE
) ENGINE=InnoDB AUTO_INCREMENT=542 DEFAULT CHARSET=utf8;
/*!40101 SET character_set_client = @saved_cs_client */;

--
-- Table structure for table `resourcepaths`
--

DROP TABLE IF EXISTS `resourcepaths`;
/*!40101 SET @saved_cs_client     = @@character_set_client */;
/*!40101 SET character_set_client = utf8 */;
CREATE TABLE `resourcepaths` (
  `hash` varchar(255) NOT NULL,
  `path` varchar(255) NOT NULL,
  PRIMARY KEY (`hash`)
) ENGINE=InnoDB DEFAULT CHARSET=utf8;
/*!40101 SET character_set_client = @saved_cs_client */;

--
-- Table structure for table `searchindex`
--

DROP TABLE IF EXISTS `searchindex`;
/*!40101 SET @saved_cs_client     = @@character_set_client */;
/*!40101 SET character_set_client = utf8 */;
CREATE TABLE `searchindex` (
  `elementId` int(11) NOT NULL,
  `attribute` varchar(25) NOT NULL,
  `fieldId` int(11) NOT NULL,
  `siteId` int(11) NOT NULL,
  `keywords` text NOT NULL,
  PRIMARY KEY (`elementId`,`attribute`,`fieldId`,`siteId`),
  FULLTEXT KEY `searchindex_keywords_idx` (`keywords`)
) ENGINE=MyISAM DEFAULT CHARSET=utf8;
/*!40101 SET character_set_client = @saved_cs_client */;

--
-- Table structure for table `sections`
--

DROP TABLE IF EXISTS `sections`;
/*!40101 SET @saved_cs_client     = @@character_set_client */;
/*!40101 SET character_set_client = utf8 */;
CREATE TABLE `sections` (
  `id` int(11) NOT NULL AUTO_INCREMENT,
  `structureId` int(11) DEFAULT NULL,
  `name` varchar(255) NOT NULL,
  `handle` varchar(255) NOT NULL,
  `type` enum('single','channel','structure') NOT NULL DEFAULT 'channel',
  `enableVersioning` tinyint(1) NOT NULL DEFAULT '0',
  `propagateEntries` tinyint(1) NOT NULL DEFAULT '1',
  `dateCreated` datetime NOT NULL,
  `dateUpdated` datetime NOT NULL,
  `dateDeleted` datetime DEFAULT NULL,
  `uid` char(36) NOT NULL DEFAULT '0',
  PRIMARY KEY (`id`),
  KEY `sections_structureId_idx` (`structureId`),
  KEY `sections_dateDeleted_idx` (`dateDeleted`),
  KEY `sections_name_idx` (`name`),
  KEY `sections_handle_idx` (`handle`),
  CONSTRAINT `sections_structureId_fk` FOREIGN KEY (`structureId`) REFERENCES `structures` (`id`) ON DELETE SET NULL
) ENGINE=InnoDB AUTO_INCREMENT=15 DEFAULT CHARSET=utf8;
/*!40101 SET character_set_client = @saved_cs_client */;

--
-- Table structure for table `sections_sites`
--

DROP TABLE IF EXISTS `sections_sites`;
/*!40101 SET @saved_cs_client     = @@character_set_client */;
/*!40101 SET character_set_client = utf8 */;
CREATE TABLE `sections_sites` (
  `id` int(11) NOT NULL AUTO_INCREMENT,
  `sectionId` int(11) NOT NULL,
  `siteId` int(11) NOT NULL,
  `hasUrls` tinyint(1) NOT NULL DEFAULT '1',
  `uriFormat` text,
  `template` varchar(500) DEFAULT NULL,
  `enabledByDefault` tinyint(1) NOT NULL DEFAULT '1',
  `dateCreated` datetime NOT NULL,
  `dateUpdated` datetime NOT NULL,
  `uid` char(36) NOT NULL DEFAULT '0',
  PRIMARY KEY (`id`),
  UNIQUE KEY `sections_sites_sectionId_siteId_unq_idx` (`sectionId`,`siteId`),
  KEY `sections_sites_siteId_idx` (`siteId`),
  CONSTRAINT `sections_sites_sectionId_fk` FOREIGN KEY (`sectionId`) REFERENCES `sections` (`id`) ON DELETE CASCADE,
  CONSTRAINT `sections_sites_siteId_fk` FOREIGN KEY (`siteId`) REFERENCES `sites` (`id`) ON DELETE CASCADE ON UPDATE CASCADE
) ENGINE=InnoDB AUTO_INCREMENT=15 DEFAULT CHARSET=utf8;
/*!40101 SET character_set_client = @saved_cs_client */;

--
-- Table structure for table `seo_redirects`
--

DROP TABLE IF EXISTS `seo_redirects`;
/*!40101 SET @saved_cs_client     = @@character_set_client */;
/*!40101 SET character_set_client = utf8 */;
CREATE TABLE `seo_redirects` (
  `id` int(11) NOT NULL AUTO_INCREMENT,
  `uri` varchar(255) NOT NULL,
  `to` varchar(255) NOT NULL,
  `type` enum('301','302') NOT NULL,
  `siteId` int(11) DEFAULT NULL,
  `dateCreated` datetime NOT NULL,
  `dateUpdated` datetime NOT NULL,
  `uid` char(36) NOT NULL DEFAULT '0',
  PRIMARY KEY (`id`)
) ENGINE=InnoDB DEFAULT CHARSET=utf8;
/*!40101 SET character_set_client = @saved_cs_client */;

--
-- Table structure for table `seo_sitemap`
--

DROP TABLE IF EXISTS `seo_sitemap`;
/*!40101 SET @saved_cs_client     = @@character_set_client */;
/*!40101 SET character_set_client = utf8 */;
CREATE TABLE `seo_sitemap` (
  `id` int(11) NOT NULL AUTO_INCREMENT,
  `group` enum('sections','categories','customUrls') NOT NULL,
  `url` varchar(255) NOT NULL,
  `frequency` enum('always','hourly','daily','weekly','monthly','yearly','never') NOT NULL,
  `priority` float NOT NULL,
  `enabled` tinyint(1) NOT NULL DEFAULT '0',
  `dateCreated` datetime NOT NULL,
  `dateUpdated` datetime NOT NULL,
  `uid` char(36) NOT NULL DEFAULT '0',
  PRIMARY KEY (`id`)
) ENGINE=InnoDB DEFAULT CHARSET=utf8;
/*!40101 SET character_set_client = @saved_cs_client */;

--
-- Table structure for table `sequences`
--

DROP TABLE IF EXISTS `sequences`;
/*!40101 SET @saved_cs_client     = @@character_set_client */;
/*!40101 SET character_set_client = utf8 */;
CREATE TABLE `sequences` (
  `name` varchar(255) NOT NULL,
  `next` int(11) unsigned NOT NULL DEFAULT '1',
  PRIMARY KEY (`name`)
) ENGINE=InnoDB DEFAULT CHARSET=utf8;
/*!40101 SET character_set_client = @saved_cs_client */;

--
-- Table structure for table `sessions`
--

DROP TABLE IF EXISTS `sessions`;
/*!40101 SET @saved_cs_client     = @@character_set_client */;
/*!40101 SET character_set_client = utf8 */;
CREATE TABLE `sessions` (
  `id` int(11) NOT NULL AUTO_INCREMENT,
  `userId` int(11) NOT NULL,
  `token` char(100) NOT NULL,
  `dateCreated` datetime NOT NULL,
  `dateUpdated` datetime NOT NULL,
  `uid` char(36) NOT NULL DEFAULT '0',
  PRIMARY KEY (`id`),
  KEY `sessions_uid_idx` (`uid`),
  KEY `sessions_token_idx` (`token`),
  KEY `sessions_dateUpdated_idx` (`dateUpdated`),
  KEY `sessions_userId_idx` (`userId`),
  CONSTRAINT `sessions_userId_fk` FOREIGN KEY (`userId`) REFERENCES `users` (`id`) ON DELETE CASCADE
) ENGINE=InnoDB AUTO_INCREMENT=28 DEFAULT CHARSET=utf8;
/*!40101 SET character_set_client = @saved_cs_client */;

--
-- Table structure for table `shunnedmessages`
--

DROP TABLE IF EXISTS `shunnedmessages`;
/*!40101 SET @saved_cs_client     = @@character_set_client */;
/*!40101 SET character_set_client = utf8 */;
CREATE TABLE `shunnedmessages` (
  `id` int(11) NOT NULL AUTO_INCREMENT,
  `userId` int(11) NOT NULL,
  `message` varchar(255) NOT NULL,
  `expiryDate` datetime DEFAULT NULL,
  `dateCreated` datetime NOT NULL,
  `dateUpdated` datetime NOT NULL,
  `uid` char(36) NOT NULL DEFAULT '0',
  PRIMARY KEY (`id`),
  UNIQUE KEY `shunnedmessages_userId_message_unq_idx` (`userId`,`message`),
  CONSTRAINT `shunnedmessages_userId_fk` FOREIGN KEY (`userId`) REFERENCES `users` (`id`) ON DELETE CASCADE
) ENGINE=InnoDB DEFAULT CHARSET=utf8;
/*!40101 SET character_set_client = @saved_cs_client */;

--
-- Table structure for table `sitegroups`
--

DROP TABLE IF EXISTS `sitegroups`;
/*!40101 SET @saved_cs_client     = @@character_set_client */;
/*!40101 SET character_set_client = utf8 */;
CREATE TABLE `sitegroups` (
  `id` int(11) NOT NULL AUTO_INCREMENT,
  `name` varchar(255) NOT NULL,
  `dateCreated` datetime NOT NULL,
  `dateUpdated` datetime NOT NULL,
  `dateDeleted` datetime DEFAULT NULL,
  `uid` char(36) NOT NULL DEFAULT '0',
  PRIMARY KEY (`id`),
  KEY `sitegroups_dateDeleted_idx` (`dateDeleted`),
  KEY `sitegroups_name_idx` (`name`)
) ENGINE=InnoDB AUTO_INCREMENT=2 DEFAULT CHARSET=utf8;
/*!40101 SET character_set_client = @saved_cs_client */;

--
-- Table structure for table `sites`
--

DROP TABLE IF EXISTS `sites`;
/*!40101 SET @saved_cs_client     = @@character_set_client */;
/*!40101 SET character_set_client = utf8 */;
CREATE TABLE `sites` (
  `id` int(11) NOT NULL AUTO_INCREMENT,
  `groupId` int(11) NOT NULL,
  `primary` tinyint(1) NOT NULL,
  `name` varchar(255) NOT NULL,
  `handle` varchar(255) NOT NULL,
  `language` varchar(12) NOT NULL,
  `hasUrls` tinyint(1) NOT NULL DEFAULT '0',
  `baseUrl` varchar(255) DEFAULT NULL,
  `sortOrder` smallint(6) unsigned DEFAULT NULL,
  `dateCreated` datetime NOT NULL,
  `dateUpdated` datetime NOT NULL,
  `dateDeleted` datetime DEFAULT NULL,
  `uid` char(36) NOT NULL DEFAULT '0',
  PRIMARY KEY (`id`),
  KEY `sites_sortOrder_idx` (`sortOrder`),
  KEY `sites_groupId_fk` (`groupId`),
  KEY `sites_dateDeleted_idx` (`dateDeleted`),
  KEY `sites_handle_idx` (`handle`),
  CONSTRAINT `sites_groupId_fk` FOREIGN KEY (`groupId`) REFERENCES `sitegroups` (`id`) ON DELETE CASCADE
) ENGINE=InnoDB AUTO_INCREMENT=2 DEFAULT CHARSET=utf8;
/*!40101 SET character_set_client = @saved_cs_client */;

--
-- Table structure for table `stc_3_accordionbloc`
--

DROP TABLE IF EXISTS `stc_3_accordionbloc`;
/*!40101 SET @saved_cs_client     = @@character_set_client */;
/*!40101 SET character_set_client = utf8 */;
CREATE TABLE `stc_3_accordionbloc` (
  `id` int(11) NOT NULL AUTO_INCREMENT,
  `elementId` int(11) NOT NULL,
  `siteId` int(11) NOT NULL,
  `dateCreated` datetime NOT NULL,
  `dateUpdated` datetime NOT NULL,
  `uid` char(36) NOT NULL DEFAULT '0',
  `field_accordionTitle` text,
  PRIMARY KEY (`id`),
  UNIQUE KEY `stc_3_accordionbloc_elementId_siteId_unq_idx` (`elementId`,`siteId`),
  KEY `stc_3_accordionbloc_siteId_fk` (`siteId`),
  CONSTRAINT `stc_3_accordionbloc_elementId_fk` FOREIGN KEY (`elementId`) REFERENCES `elements` (`id`) ON DELETE CASCADE,
  CONSTRAINT `stc_3_accordionbloc_siteId_fk` FOREIGN KEY (`siteId`) REFERENCES `sites` (`id`) ON DELETE CASCADE ON UPDATE CASCADE
) ENGINE=InnoDB AUTO_INCREMENT=7 DEFAULT CHARSET=utf8;
/*!40101 SET character_set_client = @saved_cs_client */;

--
-- Table structure for table `stc_accordionv2`
--

DROP TABLE IF EXISTS `stc_accordionv2`;
/*!40101 SET @saved_cs_client     = @@character_set_client */;
/*!40101 SET character_set_client = utf8 */;
CREATE TABLE `stc_accordionv2` (
  `id` int(11) NOT NULL AUTO_INCREMENT,
  `elementId` int(11) NOT NULL,
  `siteId` int(11) NOT NULL,
  `dateCreated` datetime NOT NULL,
  `dateUpdated` datetime NOT NULL,
  `uid` char(36) NOT NULL DEFAULT '0',
  `field_accordionTitle` text,
  PRIMARY KEY (`id`),
  UNIQUE KEY `stc_accordionv2_elementId_siteId_unq_idx` (`elementId`,`siteId`),
  KEY `stc_accordionv2_siteId_fk` (`siteId`),
  CONSTRAINT `stc_accordionv2_elementId_fk` FOREIGN KEY (`elementId`) REFERENCES `elements` (`id`) ON DELETE CASCADE,
  CONSTRAINT `stc_accordionv2_siteId_fk` FOREIGN KEY (`siteId`) REFERENCES `sites` (`id`) ON DELETE CASCADE ON UPDATE CASCADE
) ENGINE=InnoDB AUTO_INCREMENT=14 DEFAULT CHARSET=utf8;
/*!40101 SET character_set_client = @saved_cs_client */;

--
-- Table structure for table `stc_pagelist`
--

DROP TABLE IF EXISTS `stc_pagelist`;
/*!40101 SET @saved_cs_client     = @@character_set_client */;
/*!40101 SET character_set_client = utf8 */;
CREATE TABLE `stc_pagelist` (
  `id` int(11) NOT NULL AUTO_INCREMENT,
  `elementId` int(11) NOT NULL,
  `siteId` int(11) NOT NULL,
  `dateCreated` datetime NOT NULL,
  `dateUpdated` datetime NOT NULL,
  `uid` char(36) NOT NULL DEFAULT '0',
  PRIMARY KEY (`id`),
  UNIQUE KEY `stc_pagelist_elementId_siteId_unq_idx` (`elementId`,`siteId`),
  KEY `stc_pagelist_siteId_fk` (`siteId`),
  CONSTRAINT `stc_pagelist_elementId_fk` FOREIGN KEY (`elementId`) REFERENCES `elements` (`id`) ON DELETE CASCADE,
  CONSTRAINT `stc_pagelist_siteId_fk` FOREIGN KEY (`siteId`) REFERENCES `sites` (`id`) ON DELETE CASCADE ON UPDATE CASCADE
) ENGINE=InnoDB DEFAULT CHARSET=utf8;
/*!40101 SET character_set_client = @saved_cs_client */;

--
-- Table structure for table `structureelements`
--

DROP TABLE IF EXISTS `structureelements`;
/*!40101 SET @saved_cs_client     = @@character_set_client */;
/*!40101 SET character_set_client = utf8 */;
CREATE TABLE `structureelements` (
  `id` int(11) NOT NULL AUTO_INCREMENT,
  `structureId` int(11) NOT NULL,
  `elementId` int(11) DEFAULT NULL,
  `root` int(11) unsigned DEFAULT NULL,
  `lft` int(11) unsigned NOT NULL,
  `rgt` int(11) unsigned NOT NULL,
  `level` smallint(6) unsigned NOT NULL,
  `dateCreated` datetime NOT NULL,
  `dateUpdated` datetime NOT NULL,
  `uid` char(36) NOT NULL DEFAULT '0',
  PRIMARY KEY (`id`),
  UNIQUE KEY `structureelements_structureId_elementId_unq_idx` (`structureId`,`elementId`),
  KEY `structureelements_root_idx` (`root`),
  KEY `structureelements_lft_idx` (`lft`),
  KEY `structureelements_rgt_idx` (`rgt`),
  KEY `structureelements_level_idx` (`level`),
  KEY `structureelements_elementId_idx` (`elementId`),
  CONSTRAINT `structureelements_elementId_fk` FOREIGN KEY (`elementId`) REFERENCES `elements` (`id`) ON DELETE CASCADE,
  CONSTRAINT `structureelements_structureId_fk` FOREIGN KEY (`structureId`) REFERENCES `structures` (`id`) ON DELETE CASCADE
) ENGINE=InnoDB AUTO_INCREMENT=39 DEFAULT CHARSET=utf8;
/*!40101 SET character_set_client = @saved_cs_client */;

--
-- Table structure for table `structures`
--

DROP TABLE IF EXISTS `structures`;
/*!40101 SET @saved_cs_client     = @@character_set_client */;
/*!40101 SET character_set_client = utf8 */;
CREATE TABLE `structures` (
  `id` int(11) NOT NULL AUTO_INCREMENT,
  `maxLevels` smallint(6) unsigned DEFAULT NULL,
  `dateCreated` datetime NOT NULL,
  `dateUpdated` datetime NOT NULL,
  `dateDeleted` datetime DEFAULT NULL,
  `uid` char(36) NOT NULL DEFAULT '0',
  PRIMARY KEY (`id`),
  KEY `structures_dateDeleted_idx` (`dateDeleted`)
) ENGINE=InnoDB AUTO_INCREMENT=10 DEFAULT CHARSET=utf8;
/*!40101 SET character_set_client = @saved_cs_client */;

--
-- Table structure for table `supertableblocks`
--

DROP TABLE IF EXISTS `supertableblocks`;
/*!40101 SET @saved_cs_client     = @@character_set_client */;
/*!40101 SET character_set_client = utf8 */;
CREATE TABLE `supertableblocks` (
  `id` int(11) NOT NULL,
  `ownerId` int(11) NOT NULL,
  `ownerSiteId` int(11) DEFAULT NULL,
  `fieldId` int(11) NOT NULL,
  `typeId` int(11) NOT NULL,
  `sortOrder` smallint(6) unsigned DEFAULT NULL,
  `deletedWithOwner` tinyint(1) DEFAULT NULL,
  `dateCreated` datetime NOT NULL,
  `dateUpdated` datetime NOT NULL,
  `uid` char(36) NOT NULL DEFAULT '0',
  PRIMARY KEY (`id`),
  KEY `supertableblocks_ownerId_idx` (`ownerId`),
  KEY `supertableblocks_fieldId_idx` (`fieldId`),
  KEY `supertableblocks_typeId_idx` (`typeId`),
  KEY `supertableblocks_ownerSiteId_idx` (`ownerSiteId`),
  CONSTRAINT `supertableblocks_fieldId_fk` FOREIGN KEY (`fieldId`) REFERENCES `fields` (`id`) ON DELETE CASCADE,
  CONSTRAINT `supertableblocks_id_fk` FOREIGN KEY (`id`) REFERENCES `elements` (`id`) ON DELETE CASCADE,
  CONSTRAINT `supertableblocks_ownerId_fk` FOREIGN KEY (`ownerId`) REFERENCES `elements` (`id`) ON DELETE CASCADE,
  CONSTRAINT `supertableblocks_ownerSiteId_fk` FOREIGN KEY (`ownerSiteId`) REFERENCES `sites` (`id`) ON DELETE CASCADE ON UPDATE CASCADE,
  CONSTRAINT `supertableblocks_typeId_fk` FOREIGN KEY (`typeId`) REFERENCES `supertableblocktypes` (`id`) ON DELETE CASCADE
) ENGINE=InnoDB DEFAULT CHARSET=utf8;
/*!40101 SET character_set_client = @saved_cs_client */;

--
-- Table structure for table `supertableblocktypes`
--

DROP TABLE IF EXISTS `supertableblocktypes`;
/*!40101 SET @saved_cs_client     = @@character_set_client */;
/*!40101 SET character_set_client = utf8 */;
CREATE TABLE `supertableblocktypes` (
  `id` int(11) NOT NULL AUTO_INCREMENT,
  `fieldId` int(11) NOT NULL,
  `fieldLayoutId` int(11) DEFAULT NULL,
  `dateCreated` datetime NOT NULL,
  `dateUpdated` datetime NOT NULL,
  `uid` char(36) NOT NULL DEFAULT '0',
  PRIMARY KEY (`id`),
  KEY `supertableblocktypes_fieldId_idx` (`fieldId`),
  KEY `supertableblocktypes_fieldLayoutId_idx` (`fieldLayoutId`),
  CONSTRAINT `supertableblocktypes_fieldId_fk` FOREIGN KEY (`fieldId`) REFERENCES `fields` (`id`) ON DELETE CASCADE,
  CONSTRAINT `supertableblocktypes_fieldLayoutId_fk` FOREIGN KEY (`fieldLayoutId`) REFERENCES `fieldlayouts` (`id`) ON DELETE SET NULL
) ENGINE=InnoDB AUTO_INCREMENT=4 DEFAULT CHARSET=utf8;
/*!40101 SET character_set_client = @saved_cs_client */;

--
-- Table structure for table `systemmessages`
--

DROP TABLE IF EXISTS `systemmessages`;
/*!40101 SET @saved_cs_client     = @@character_set_client */;
/*!40101 SET character_set_client = utf8 */;
CREATE TABLE `systemmessages` (
  `id` int(11) NOT NULL AUTO_INCREMENT,
  `language` varchar(255) NOT NULL,
  `key` varchar(255) NOT NULL,
  `subject` text NOT NULL,
  `body` text NOT NULL,
  `dateCreated` datetime NOT NULL,
  `dateUpdated` datetime NOT NULL,
  `uid` char(36) NOT NULL DEFAULT '0',
  PRIMARY KEY (`id`),
  UNIQUE KEY `systemmessages_key_language_unq_idx` (`key`,`language`),
  KEY `systemmessages_language_idx` (`language`)
) ENGINE=InnoDB DEFAULT CHARSET=utf8;
/*!40101 SET character_set_client = @saved_cs_client */;

--
-- Table structure for table `taggroups`
--

DROP TABLE IF EXISTS `taggroups`;
/*!40101 SET @saved_cs_client     = @@character_set_client */;
/*!40101 SET character_set_client = utf8 */;
CREATE TABLE `taggroups` (
  `id` int(11) NOT NULL AUTO_INCREMENT,
  `name` varchar(255) NOT NULL,
  `handle` varchar(255) NOT NULL,
  `fieldLayoutId` int(11) DEFAULT NULL,
  `dateCreated` datetime NOT NULL,
  `dateUpdated` datetime NOT NULL,
  `dateDeleted` datetime DEFAULT NULL,
  `uid` char(36) NOT NULL DEFAULT '0',
  PRIMARY KEY (`id`),
  KEY `taggroups_fieldLayoutId_fk` (`fieldLayoutId`),
  KEY `taggroups_dateDeleted_idx` (`dateDeleted`),
  KEY `taggroups_name_idx` (`name`),
  KEY `taggroups_handle_idx` (`handle`),
  CONSTRAINT `taggroups_fieldLayoutId_fk` FOREIGN KEY (`fieldLayoutId`) REFERENCES `fieldlayouts` (`id`) ON DELETE SET NULL
) ENGINE=InnoDB DEFAULT CHARSET=utf8;
/*!40101 SET character_set_client = @saved_cs_client */;

--
-- Table structure for table `tags`
--

DROP TABLE IF EXISTS `tags`;
/*!40101 SET @saved_cs_client     = @@character_set_client */;
/*!40101 SET character_set_client = utf8 */;
CREATE TABLE `tags` (
  `id` int(11) NOT NULL,
  `groupId` int(11) NOT NULL,
  `deletedWithGroup` tinyint(1) DEFAULT NULL,
  `dateCreated` datetime NOT NULL,
  `dateUpdated` datetime NOT NULL,
  `uid` char(36) NOT NULL DEFAULT '0',
  PRIMARY KEY (`id`),
  KEY `tags_groupId_idx` (`groupId`),
  CONSTRAINT `tags_groupId_fk` FOREIGN KEY (`groupId`) REFERENCES `taggroups` (`id`) ON DELETE CASCADE,
  CONSTRAINT `tags_id_fk` FOREIGN KEY (`id`) REFERENCES `elements` (`id`) ON DELETE CASCADE
) ENGINE=InnoDB DEFAULT CHARSET=utf8;
/*!40101 SET character_set_client = @saved_cs_client */;

--
-- Table structure for table `templatecacheelements`
--

DROP TABLE IF EXISTS `templatecacheelements`;
/*!40101 SET @saved_cs_client     = @@character_set_client */;
/*!40101 SET character_set_client = utf8 */;
CREATE TABLE `templatecacheelements` (
  `cacheId` int(11) NOT NULL,
  `elementId` int(11) NOT NULL,
  KEY `templatecacheelements_cacheId_idx` (`cacheId`),
  KEY `templatecacheelements_elementId_idx` (`elementId`),
  CONSTRAINT `templatecacheelements_cacheId_fk` FOREIGN KEY (`cacheId`) REFERENCES `templatecaches` (`id`) ON DELETE CASCADE,
  CONSTRAINT `templatecacheelements_elementId_fk` FOREIGN KEY (`elementId`) REFERENCES `elements` (`id`) ON DELETE CASCADE
) ENGINE=InnoDB DEFAULT CHARSET=utf8;
/*!40101 SET character_set_client = @saved_cs_client */;

--
-- Table structure for table `templatecachequeries`
--

DROP TABLE IF EXISTS `templatecachequeries`;
/*!40101 SET @saved_cs_client     = @@character_set_client */;
/*!40101 SET character_set_client = utf8 */;
CREATE TABLE `templatecachequeries` (
  `id` int(11) NOT NULL AUTO_INCREMENT,
  `cacheId` int(11) NOT NULL,
  `type` varchar(255) NOT NULL,
  `query` longtext NOT NULL,
  PRIMARY KEY (`id`),
  KEY `templatecachequeries_cacheId_idx` (`cacheId`),
  KEY `templatecachequeries_type_idx` (`type`),
  CONSTRAINT `templatecachequeries_cacheId_fk` FOREIGN KEY (`cacheId`) REFERENCES `templatecaches` (`id`) ON DELETE CASCADE
) ENGINE=InnoDB DEFAULT CHARSET=utf8;
/*!40101 SET character_set_client = @saved_cs_client */;

--
-- Table structure for table `templatecaches`
--

DROP TABLE IF EXISTS `templatecaches`;
/*!40101 SET @saved_cs_client     = @@character_set_client */;
/*!40101 SET character_set_client = utf8 */;
CREATE TABLE `templatecaches` (
  `id` int(11) NOT NULL AUTO_INCREMENT,
  `siteId` int(11) NOT NULL,
  `cacheKey` varchar(255) NOT NULL,
  `path` varchar(255) DEFAULT NULL,
  `expiryDate` datetime NOT NULL,
  `body` mediumtext NOT NULL,
  PRIMARY KEY (`id`),
  KEY `templatecaches_cacheKey_siteId_expiryDate_path_idx` (`cacheKey`,`siteId`,`expiryDate`,`path`),
  KEY `templatecaches_cacheKey_siteId_expiryDate_idx` (`cacheKey`,`siteId`,`expiryDate`),
  KEY `templatecaches_siteId_idx` (`siteId`),
  CONSTRAINT `templatecaches_siteId_fk` FOREIGN KEY (`siteId`) REFERENCES `sites` (`id`) ON DELETE CASCADE ON UPDATE CASCADE
) ENGINE=InnoDB DEFAULT CHARSET=utf8;
/*!40101 SET character_set_client = @saved_cs_client */;

--
-- Table structure for table `tokens`
--

DROP TABLE IF EXISTS `tokens`;
/*!40101 SET @saved_cs_client     = @@character_set_client */;
/*!40101 SET character_set_client = utf8 */;
CREATE TABLE `tokens` (
  `id` int(11) NOT NULL AUTO_INCREMENT,
  `token` char(32) NOT NULL,
  `route` text,
  `usageLimit` tinyint(3) unsigned DEFAULT NULL,
  `usageCount` tinyint(3) unsigned DEFAULT NULL,
  `expiryDate` datetime NOT NULL,
  `dateCreated` datetime NOT NULL,
  `dateUpdated` datetime NOT NULL,
  `uid` char(36) NOT NULL DEFAULT '0',
  PRIMARY KEY (`id`),
  UNIQUE KEY `tokens_token_unq_idx` (`token`),
  KEY `tokens_expiryDate_idx` (`expiryDate`)
) ENGINE=InnoDB DEFAULT CHARSET=utf8;
/*!40101 SET character_set_client = @saved_cs_client */;

--
-- Table structure for table `usergroups`
--

DROP TABLE IF EXISTS `usergroups`;
/*!40101 SET @saved_cs_client     = @@character_set_client */;
/*!40101 SET character_set_client = utf8 */;
CREATE TABLE `usergroups` (
  `id` int(11) NOT NULL AUTO_INCREMENT,
  `name` varchar(255) NOT NULL,
  `handle` varchar(255) NOT NULL,
  `dateCreated` datetime NOT NULL,
  `dateUpdated` datetime NOT NULL,
  `uid` char(36) NOT NULL DEFAULT '0',
  PRIMARY KEY (`id`),
  UNIQUE KEY `usergroups_handle_unq_idx` (`handle`),
  UNIQUE KEY `usergroups_name_unq_idx` (`name`)
) ENGINE=InnoDB DEFAULT CHARSET=utf8;
/*!40101 SET character_set_client = @saved_cs_client */;

--
-- Table structure for table `usergroups_users`
--

DROP TABLE IF EXISTS `usergroups_users`;
/*!40101 SET @saved_cs_client     = @@character_set_client */;
/*!40101 SET character_set_client = utf8 */;
CREATE TABLE `usergroups_users` (
  `id` int(11) NOT NULL AUTO_INCREMENT,
  `groupId` int(11) NOT NULL,
  `userId` int(11) NOT NULL,
  `dateCreated` datetime NOT NULL,
  `dateUpdated` datetime NOT NULL,
  `uid` char(36) NOT NULL DEFAULT '0',
  PRIMARY KEY (`id`),
  UNIQUE KEY `usergroups_users_groupId_userId_unq_idx` (`groupId`,`userId`),
  KEY `usergroups_users_userId_idx` (`userId`),
  CONSTRAINT `usergroups_users_groupId_fk` FOREIGN KEY (`groupId`) REFERENCES `usergroups` (`id`) ON DELETE CASCADE,
  CONSTRAINT `usergroups_users_userId_fk` FOREIGN KEY (`userId`) REFERENCES `users` (`id`) ON DELETE CASCADE
) ENGINE=InnoDB DEFAULT CHARSET=utf8;
/*!40101 SET character_set_client = @saved_cs_client */;

--
-- Table structure for table `userpermissions`
--

DROP TABLE IF EXISTS `userpermissions`;
/*!40101 SET @saved_cs_client     = @@character_set_client */;
/*!40101 SET character_set_client = utf8 */;
CREATE TABLE `userpermissions` (
  `id` int(11) NOT NULL AUTO_INCREMENT,
  `name` varchar(255) NOT NULL,
  `dateCreated` datetime NOT NULL,
  `dateUpdated` datetime NOT NULL,
  `uid` char(36) NOT NULL DEFAULT '0',
  PRIMARY KEY (`id`),
  UNIQUE KEY `userpermissions_name_unq_idx` (`name`)
) ENGINE=InnoDB DEFAULT CHARSET=utf8;
/*!40101 SET character_set_client = @saved_cs_client */;

--
-- Table structure for table `userpermissions_usergroups`
--

DROP TABLE IF EXISTS `userpermissions_usergroups`;
/*!40101 SET @saved_cs_client     = @@character_set_client */;
/*!40101 SET character_set_client = utf8 */;
CREATE TABLE `userpermissions_usergroups` (
  `id` int(11) NOT NULL AUTO_INCREMENT,
  `permissionId` int(11) NOT NULL,
  `groupId` int(11) NOT NULL,
  `dateCreated` datetime NOT NULL,
  `dateUpdated` datetime NOT NULL,
  `uid` char(36) NOT NULL DEFAULT '0',
  PRIMARY KEY (`id`),
  UNIQUE KEY `userpermissions_usergroups_permissionId_groupId_unq_idx` (`permissionId`,`groupId`),
  KEY `userpermissions_usergroups_groupId_idx` (`groupId`),
  CONSTRAINT `userpermissions_usergroups_groupId_fk` FOREIGN KEY (`groupId`) REFERENCES `usergroups` (`id`) ON DELETE CASCADE,
  CONSTRAINT `userpermissions_usergroups_permissionId_fk` FOREIGN KEY (`permissionId`) REFERENCES `userpermissions` (`id`) ON DELETE CASCADE
) ENGINE=InnoDB DEFAULT CHARSET=utf8;
/*!40101 SET character_set_client = @saved_cs_client */;

--
-- Table structure for table `userpermissions_users`
--

DROP TABLE IF EXISTS `userpermissions_users`;
/*!40101 SET @saved_cs_client     = @@character_set_client */;
/*!40101 SET character_set_client = utf8 */;
CREATE TABLE `userpermissions_users` (
  `id` int(11) NOT NULL AUTO_INCREMENT,
  `permissionId` int(11) NOT NULL,
  `userId` int(11) NOT NULL,
  `dateCreated` datetime NOT NULL,
  `dateUpdated` datetime NOT NULL,
  `uid` char(36) NOT NULL DEFAULT '0',
  PRIMARY KEY (`id`),
  UNIQUE KEY `userpermissions_users_permissionId_userId_unq_idx` (`permissionId`,`userId`),
  KEY `userpermissions_users_userId_idx` (`userId`),
  CONSTRAINT `userpermissions_users_permissionId_fk` FOREIGN KEY (`permissionId`) REFERENCES `userpermissions` (`id`) ON DELETE CASCADE,
  CONSTRAINT `userpermissions_users_userId_fk` FOREIGN KEY (`userId`) REFERENCES `users` (`id`) ON DELETE CASCADE
) ENGINE=InnoDB DEFAULT CHARSET=utf8;
/*!40101 SET character_set_client = @saved_cs_client */;

--
-- Table structure for table `userpreferences`
--

DROP TABLE IF EXISTS `userpreferences`;
/*!40101 SET @saved_cs_client     = @@character_set_client */;
/*!40101 SET character_set_client = utf8 */;
CREATE TABLE `userpreferences` (
  `userId` int(11) NOT NULL AUTO_INCREMENT,
  `preferences` text,
  PRIMARY KEY (`userId`),
  CONSTRAINT `userpreferences_userId_fk` FOREIGN KEY (`userId`) REFERENCES `users` (`id`) ON DELETE CASCADE
) ENGINE=InnoDB AUTO_INCREMENT=2 DEFAULT CHARSET=utf8;
/*!40101 SET character_set_client = @saved_cs_client */;

--
-- Table structure for table `users`
--

DROP TABLE IF EXISTS `users`;
/*!40101 SET @saved_cs_client     = @@character_set_client */;
/*!40101 SET character_set_client = utf8 */;
CREATE TABLE `users` (
  `id` int(11) NOT NULL,
  `username` varchar(100) NOT NULL,
  `photoId` int(11) DEFAULT NULL,
  `firstName` varchar(100) DEFAULT NULL,
  `lastName` varchar(100) DEFAULT NULL,
  `email` varchar(255) NOT NULL,
  `password` varchar(255) DEFAULT NULL,
  `admin` tinyint(1) NOT NULL DEFAULT '0',
  `locked` tinyint(1) NOT NULL DEFAULT '0',
  `suspended` tinyint(1) NOT NULL DEFAULT '0',
  `pending` tinyint(1) NOT NULL DEFAULT '0',
  `lastLoginDate` datetime DEFAULT NULL,
  `lastLoginAttemptIp` varchar(45) DEFAULT NULL,
  `invalidLoginWindowStart` datetime DEFAULT NULL,
  `invalidLoginCount` tinyint(3) unsigned DEFAULT NULL,
  `lastInvalidLoginDate` datetime DEFAULT NULL,
  `lockoutDate` datetime DEFAULT NULL,
  `hasDashboard` tinyint(1) NOT NULL DEFAULT '0',
  `verificationCode` varchar(255) DEFAULT NULL,
  `verificationCodeIssuedDate` datetime DEFAULT NULL,
  `unverifiedEmail` varchar(255) DEFAULT NULL,
  `passwordResetRequired` tinyint(1) NOT NULL DEFAULT '0',
  `lastPasswordChangeDate` datetime DEFAULT NULL,
  `dateCreated` datetime NOT NULL,
  `dateUpdated` datetime NOT NULL,
  `uid` char(36) NOT NULL DEFAULT '0',
  PRIMARY KEY (`id`),
  KEY `users_uid_idx` (`uid`),
  KEY `users_verificationCode_idx` (`verificationCode`),
  KEY `users_email_idx` (`email`),
  KEY `users_username_idx` (`username`),
  KEY `users_photoId_fk` (`photoId`),
  CONSTRAINT `users_id_fk` FOREIGN KEY (`id`) REFERENCES `elements` (`id`) ON DELETE CASCADE,
  CONSTRAINT `users_photoId_fk` FOREIGN KEY (`photoId`) REFERENCES `assets` (`id`) ON DELETE SET NULL
) ENGINE=InnoDB DEFAULT CHARSET=utf8;
/*!40101 SET character_set_client = @saved_cs_client */;

--
-- Table structure for table `volumefolders`
--

DROP TABLE IF EXISTS `volumefolders`;
/*!40101 SET @saved_cs_client     = @@character_set_client */;
/*!40101 SET character_set_client = utf8 */;
CREATE TABLE `volumefolders` (
  `id` int(11) NOT NULL AUTO_INCREMENT,
  `parentId` int(11) DEFAULT NULL,
  `volumeId` int(11) DEFAULT NULL,
  `name` varchar(255) NOT NULL,
  `path` varchar(255) DEFAULT NULL,
  `dateCreated` datetime NOT NULL,
  `dateUpdated` datetime NOT NULL,
  `uid` char(36) NOT NULL DEFAULT '0',
  PRIMARY KEY (`id`),
  UNIQUE KEY `volumefolders_name_parentId_volumeId_unq_idx` (`name`,`parentId`,`volumeId`),
  KEY `volumefolders_parentId_idx` (`parentId`),
  KEY `volumefolders_volumeId_idx` (`volumeId`),
  CONSTRAINT `volumefolders_parentId_fk` FOREIGN KEY (`parentId`) REFERENCES `volumefolders` (`id`) ON DELETE CASCADE,
  CONSTRAINT `volumefolders_volumeId_fk` FOREIGN KEY (`volumeId`) REFERENCES `volumes` (`id`) ON DELETE CASCADE
) ENGINE=InnoDB AUTO_INCREMENT=10 DEFAULT CHARSET=utf8;
/*!40101 SET character_set_client = @saved_cs_client */;

--
-- Table structure for table `volumes`
--

DROP TABLE IF EXISTS `volumes`;
/*!40101 SET @saved_cs_client     = @@character_set_client */;
/*!40101 SET character_set_client = utf8 */;
CREATE TABLE `volumes` (
  `id` int(11) NOT NULL AUTO_INCREMENT,
  `fieldLayoutId` int(11) DEFAULT NULL,
  `name` varchar(255) NOT NULL,
  `handle` varchar(255) NOT NULL,
  `type` varchar(255) NOT NULL,
  `hasUrls` tinyint(1) NOT NULL DEFAULT '1',
  `url` varchar(255) DEFAULT NULL,
  `settings` text,
  `sortOrder` smallint(6) unsigned DEFAULT NULL,
  `dateCreated` datetime NOT NULL,
  `dateUpdated` datetime NOT NULL,
  `dateDeleted` datetime DEFAULT NULL,
  `uid` char(36) NOT NULL DEFAULT '0',
  PRIMARY KEY (`id`),
  KEY `volumes_fieldLayoutId_idx` (`fieldLayoutId`),
  KEY `volumes_dateDeleted_idx` (`dateDeleted`),
  KEY `volumes_name_idx` (`name`),
  KEY `volumes_handle_idx` (`handle`),
  CONSTRAINT `volumes_fieldLayoutId_fk` FOREIGN KEY (`fieldLayoutId`) REFERENCES `fieldlayouts` (`id`) ON DELETE SET NULL
) ENGINE=InnoDB AUTO_INCREMENT=3 DEFAULT CHARSET=utf8;
/*!40101 SET character_set_client = @saved_cs_client */;

--
-- Table structure for table `widgets`
--

DROP TABLE IF EXISTS `widgets`;
/*!40101 SET @saved_cs_client     = @@character_set_client */;
/*!40101 SET character_set_client = utf8 */;
CREATE TABLE `widgets` (
  `id` int(11) NOT NULL AUTO_INCREMENT,
  `userId` int(11) NOT NULL,
  `type` varchar(255) NOT NULL,
  `sortOrder` smallint(6) unsigned DEFAULT NULL,
  `colspan` tinyint(3) DEFAULT NULL,
  `settings` text,
  `enabled` tinyint(1) NOT NULL DEFAULT '1',
  `dateCreated` datetime NOT NULL,
  `dateUpdated` datetime NOT NULL,
  `uid` char(36) NOT NULL DEFAULT '0',
  PRIMARY KEY (`id`),
  KEY `widgets_userId_idx` (`userId`),
  CONSTRAINT `widgets_userId_fk` FOREIGN KEY (`userId`) REFERENCES `users` (`id`) ON DELETE CASCADE
) ENGINE=InnoDB AUTO_INCREMENT=5 DEFAULT CHARSET=utf8;
/*!40101 SET character_set_client = @saved_cs_client */;

--
-- Dumping routines for database 'painchaud'
--
/*!40103 SET TIME_ZONE=@OLD_TIME_ZONE */;

/*!40101 SET SQL_MODE=@OLD_SQL_MODE */;
/*!40014 SET FOREIGN_KEY_CHECKS=@OLD_FOREIGN_KEY_CHECKS */;
/*!40014 SET UNIQUE_CHECKS=@OLD_UNIQUE_CHECKS */;
/*!40101 SET CHARACTER_SET_CLIENT=@OLD_CHARACTER_SET_CLIENT */;
/*!40101 SET CHARACTER_SET_RESULTS=@OLD_CHARACTER_SET_RESULTS */;
/*!40101 SET COLLATION_CONNECTION=@OLD_COLLATION_CONNECTION */;
/*!40111 SET SQL_NOTES=@OLD_SQL_NOTES */;

-- Dump completed on 2019-07-04 18:33:24
-- MySQL dump 10.13  Distrib 5.7.20, for Linux (x86_64)
--
-- Host: localhost    Database: painchaud
-- ------------------------------------------------------
-- Server version	5.7.20-0ubuntu0.16.04.1

/*!40101 SET @OLD_CHARACTER_SET_CLIENT=@@CHARACTER_SET_CLIENT */;
/*!40101 SET @OLD_CHARACTER_SET_RESULTS=@@CHARACTER_SET_RESULTS */;
/*!40101 SET @OLD_COLLATION_CONNECTION=@@COLLATION_CONNECTION */;
/*!40101 SET NAMES utf8 */;
/*!40103 SET @OLD_TIME_ZONE=@@TIME_ZONE */;
/*!40103 SET TIME_ZONE='+00:00' */;
/*!40014 SET @OLD_UNIQUE_CHECKS=@@UNIQUE_CHECKS, UNIQUE_CHECKS=0 */;
/*!40014 SET @OLD_FOREIGN_KEY_CHECKS=@@FOREIGN_KEY_CHECKS, FOREIGN_KEY_CHECKS=0 */;
/*!40101 SET @OLD_SQL_MODE=@@SQL_MODE, SQL_MODE='NO_AUTO_VALUE_ON_ZERO' */;
/*!40111 SET @OLD_SQL_NOTES=@@SQL_NOTES, SQL_NOTES=0 */;

--
-- Dumping data for table `assets`
--

LOCK TABLES `assets` WRITE;
/*!40000 ALTER TABLE `assets` DISABLE KEYS */;
set autocommit=0;
INSERT INTO `assets` VALUES (29,2,4,'placeholder.jpeg','image',1680,689,93209,NULL,NULL,NULL,'2018-11-29 22:32:06','2018-11-28 02:35:06','2018-12-05 14:50:41','537f749f-094f-402a-aab7-e0efdc7079b3'),(30,2,4,'placeholderv2.jpeg','image',1680,430,50975,NULL,NULL,NULL,'2018-11-29 23:24:12','2018-11-28 03:27:12','2018-12-05 14:50:41','5d195431-5f5b-49d6-9999-bc616c5c2f88'),(31,2,5,'dummy-1680x430-Dealmaker-plain.jpg','image',1680,430,111320,NULL,NULL,NULL,'2018-11-30 00:37:10','2018-11-28 04:40:11','2018-12-05 14:50:43','641c07bb-f668-47bd-a7ad-205c5f796f83'),(32,2,5,'maison-painchaud-reinsertion-sociale.jpg','image',1680,430,121623,NULL,NULL,NULL,'2018-11-30 01:13:18','2018-11-28 05:16:18','2018-12-05 14:50:54','bab9a646-e7f0-4fae-924d-8a89f72c5b76'),(33,2,5,'test.png','image',1680,430,660505,NULL,NULL,NULL,'2018-11-30 01:21:41','2018-11-28 05:24:42','2018-12-05 14:50:42','295eff0c-ab50-43b6-8fdf-5c521881370e'),(34,2,6,'maison-painchaud-reinsertion-sociale-home.jpg','image',514,500,65957,NULL,NULL,NULL,'2018-11-30 02:44:50','2018-11-28 05:37:46','2018-12-05 14:50:43','306d228a-67de-41c7-8e8b-d049a2f729ad'),(35,2,6,'maison-painchaud-surveillance-milieu-ouvert-home.jpg','image',514,500,75470,NULL,NULL,NULL,'2018-11-30 02:46:56','2018-11-28 05:39:52','2018-12-05 14:50:42','44f854f3-9090-425c-a36e-3228c750542d'),(36,2,6,'maison-painchaud-programmes-therapeutiques-home.jpg','image',514,501,60105,NULL,NULL,NULL,'2018-11-30 02:48:10','2018-11-28 05:41:06','2018-12-05 14:50:43','d1d17cff-0493-4511-88bd-3ad8f0979fd6'),(37,2,5,'maison-painchaud.jpg','image',1680,689,176734,NULL,NULL,NULL,'2018-11-30 03:25:49','2018-11-28 06:18:45','2018-12-05 14:50:51','fe8c2eaf-b9bc-4bbf-b371-6ab62e64dc71'),(38,2,6,'news-thumbnail.jpg','image',740,432,64942,NULL,NULL,NULL,'2018-11-30 03:31:19','2018-11-28 06:24:15','2018-12-05 14:50:57','920f786b-36b4-4817-b940-cca02a216238'),(44,2,7,'cciq-logo.png','image',494,173,17301,NULL,NULL,NULL,'2018-11-30 14:19:03','2018-11-30 14:19:03','2018-12-05 14:50:52','1370bf1f-4838-48eb-a8c7-ab6d71267741'),(45,2,7,'iusmq-logo.png','image',638,233,86786,NULL,NULL,NULL,'2018-11-30 14:19:03','2018-11-30 14:19:03','2019-07-04 17:10:37','160fe85e-167a-43f7-aa28-8406f7927a22'),(46,2,7,'rimas-logo.png','image',400,162,27638,NULL,NULL,NULL,'2018-11-30 14:19:03','2018-11-30 14:19:03','2018-12-05 14:50:46','b9032044-751e-4b52-bb0a-193d0a247ee8'),(47,2,7,'scq-logo.png','image',702,434,24256,NULL,NULL,NULL,'2018-11-30 14:19:04','2018-11-30 14:19:04','2018-12-05 14:50:44','17210e3d-5b0f-4c2e-a75f-2ff715b9d842'),(52,2,7,'logo-partenaire-1.svg','image',366,145,27981,NULL,NULL,NULL,'2018-11-30 15:46:19','2018-11-30 15:46:19','2019-07-04 17:10:41','388ba848-9d72-41a6-bbd4-83c6282633d0'),(53,2,7,'logo-partenaire-2.svg','image',366,145,42822,NULL,NULL,NULL,'2018-11-30 15:46:20','2018-11-30 15:46:20','2019-07-04 17:10:44','61df9c5b-cf9d-4706-b4f7-73bc4e536881'),(54,2,7,'logo-partenaire-3.svg','image',366,145,116617,NULL,NULL,NULL,'2018-11-30 15:46:20','2018-11-30 15:46:20','2018-12-05 14:50:51','75fa5681-da63-4761-982d-e88613b2af89'),(55,2,7,'logo-partenaire-4.svg','image',366,145,41108,NULL,NULL,NULL,'2018-11-30 15:46:20','2018-11-30 15:46:20','2019-07-04 17:10:49','80e4a8e4-0862-4995-8451-d52dcd33a753'),(58,2,5,'maison-painchaud-about.png','image',1680,430,880364,NULL,NULL,NULL,'2018-12-02 18:13:29','2018-12-01 03:34:40','2018-12-05 14:50:43','6a798f99-58d3-48e5-963c-f1d28baddcf8'),(59,2,4,'ana-tavares-598934-unsplash.jpg','image',704,686,127338,NULL,NULL,NULL,'2018-12-02 18:20:27','2018-12-01 03:41:37','2018-12-05 14:50:41','d5195777-2f90-4ed1-acbc-e8c7f00a1a39'),(65,2,8,'440.jpeg','image',440,440,16985,NULL,NULL,NULL,'2018-12-03 03:29:05','2018-12-01 12:50:16','2018-12-05 14:50:55','fad92fd0-cfdf-421d-877b-e38e7152864c'),(66,2,8,'425.jpeg','image',425,425,24059,NULL,NULL,NULL,'2018-12-03 03:29:05','2018-12-01 12:50:16','2018-12-05 14:50:56','c9f44cfa-3207-423b-9f4f-3bdbdcb990e7'),(67,2,8,'420.jpeg','image',420,420,19958,NULL,NULL,NULL,'2018-12-03 03:29:05','2018-12-01 12:50:16','2018-12-05 14:50:56','69680bfa-b926-4ad6-be16-9f5240476898'),(68,2,8,'415.jpeg','image',415,415,12507,NULL,NULL,NULL,'2018-12-03 03:29:05','2018-12-01 12:50:17','2018-12-05 14:50:56','5053127e-0898-4696-99a7-f96c6d894c93'),(69,2,8,'410.jpeg','image',410,410,14368,NULL,NULL,NULL,'2018-12-03 03:29:06','2018-12-01 12:50:17','2018-12-05 14:50:57','a6fd2d0e-4ad0-43c5-a861-46bcd8f3cc26'),(70,2,8,'405.jpeg','image',405,405,15317,NULL,NULL,NULL,'2018-12-03 03:29:06','2018-12-01 12:50:17','2018-12-05 14:50:57','ece851f3-1cfc-450e-8d72-b2f03a318d6d'),(104,1,1,'001.pdf','pdf',NULL,NULL,11112,NULL,NULL,NULL,'2018-12-03 22:20:17','2018-12-03 22:19:35','2018-12-05 14:50:41','6bf3a76c-d00c-4855-a09f-d533a4a9396f'),(105,1,1,'001_181203_221958.pdf','pdf',NULL,NULL,11112,NULL,NULL,NULL,'2018-12-03 22:19:58','2018-12-03 22:19:58','2018-12-05 14:50:41','bf1f9418-fc96-4d13-9cca-6cbcc42e742c'),(107,1,1,'001_181203_222027.pdf','pdf',NULL,NULL,11112,NULL,NULL,NULL,'2018-12-03 22:20:27','2018-12-03 22:20:27','2018-12-05 14:50:41','40b66ead-4110-4d61-9b3a-5e69bfbed3e6'),(108,2,5,'maison-painchaud-admission.jpg','image',1680,430,228957,NULL,NULL,NULL,'2018-12-04 14:07:26','2018-12-03 23:35:54','2018-12-05 14:50:44','1c68ad17-87f2-46b2-af64-cb8f618d9538'),(109,2,9,'maison-painchaud-critere-admission.jpg','image',523,523,60484,NULL,NULL,NULL,'2018-12-04 14:36:35','2018-12-04 00:05:02','2018-12-05 14:50:54','b642f048-0531-457c-9295-dbe5402e701b'),(110,2,5,'maison-painchaud-career.jpg','image',1680,430,123296,NULL,NULL,NULL,'2018-12-04 16:51:02','2018-12-04 02:19:30','2018-12-05 14:50:53','d1e4e7d1-bc20-4bf5-99e5-77ee12828614'),(117,2,4,'maison-painchaud-00.jpg','image',614,922,109760,NULL,NULL,NULL,'2018-12-04 19:57:53','2018-12-04 05:26:21','2018-12-05 14:50:42','c8f6b4c7-6cb2-4eeb-9ff2-7ef3e6f21a26'),(216,2,5,'maison-painchaud-documentation.jpg','image',1680,430,145816,NULL,NULL,NULL,'2018-12-05 15:18:22','2018-12-05 15:18:22','2018-12-05 15:18:22','f0b22774-36d5-41d9-a6db-45e946006264'),(217,2,5,'maison-painchaud-contact-us.jpg','image',1680,430,223358,NULL,NULL,NULL,'2018-12-05 15:19:37','2018-12-05 15:19:37','2018-12-05 15:19:37','1514de86-1588-49a4-9c76-e3feca3e5f94'),(218,2,9,'maison-painchaud-write-us.jpg','image',570,571,61977,NULL,NULL,NULL,'2018-12-05 15:33:38','2018-12-05 15:33:38','2018-12-05 15:33:38','d52f7e77-a127-4178-9baa-2ab6ba5c7ed3'),(223,2,4,'003.jpg','image',614,732,90577,NULL,NULL,NULL,'2018-12-05 21:22:48','2018-12-05 21:22:48','2018-12-05 21:22:48','894bcfe9-2b20-442f-a9a0-6a1c4bddd38e'),(228,2,8,'2000.jpeg','image',2000,2000,134270,NULL,NULL,NULL,'2018-12-11 15:47:13','2018-12-10 23:12:17','2018-12-10 23:12:17','d47da8c4-22c4-438a-bae7-5a9635c18637');
/*!40000 ALTER TABLE `assets` ENABLE KEYS */;
UNLOCK TABLES;
commit;

--
-- Dumping data for table `assettransforms`
--

LOCK TABLES `assettransforms` WRITE;
/*!40000 ALTER TABLE `assettransforms` DISABLE KEYS */;
set autocommit=0;
INSERT INTO `assettransforms` VALUES (1,'Banniere - Accueil','bannerHome','crop','center-center',1680,689,NULL,NULL,'none','2018-11-28 03:22:49','2018-11-28 03:22:49','2018-11-28 03:22:49','5b24ffe7-2e0c-426d-b09c-75db1f3dbad7'),(2,'Bannière - Page','bannerPage','crop','center-center',1680,430,NULL,NULL,'none','2018-11-28 03:26:32','2018-11-28 03:26:32','2018-11-28 03:26:32','e0af690c-6dd7-44dd-a42c-d5d6f9147ee5'),(3,'Programmes et services | Accueil','homePS','crop','center-center',514,500,NULL,NULL,'none','2018-11-28 05:23:38','2018-11-28 04:33:30','2018-11-28 05:23:38','24c034e6-dee6-465a-97e5-4f1bcc1c3383'),(4,'Activités','activities','crop','center-center',764,446,NULL,NULL,'none','2018-11-28 07:17:15','2018-11-28 07:11:21','2018-11-28 07:17:15','0efc1aa7-18df-4bcf-aace-4a8961ae7de5'),(5,'Maison Painchaud','view','crop','center-center',405,405,NULL,NULL,'none','2018-12-01 12:59:06','2018-12-01 12:59:06','2018-12-01 12:59:06','626128b4-742c-4128-964d-3e2594efe208'),(6,'partenaires','partners','crop','center-center',NULL,120,NULL,NULL,'none','2019-07-04 17:05:04','2019-07-04 17:05:04','2019-07-04 17:05:04','35d9a62a-401c-4796-b6c7-d13e6d94e424');
/*!40000 ALTER TABLE `assettransforms` ENABLE KEYS */;
UNLOCK TABLES;
commit;

--
-- Dumping data for table `categories`
--

LOCK TABLES `categories` WRITE;
/*!40000 ALTER TABLE `categories` DISABLE KEYS */;
set autocommit=0;
INSERT INTO `categories` VALUES (39,1,NULL,NULL,'2018-11-28 06:38:34','2018-12-05 19:32:58','845d7f22-310e-4538-bed5-caad97ca3e87'),(40,1,NULL,NULL,'2018-11-28 06:38:50','2018-11-28 06:38:57','b6c2296c-049b-4fef-9d2f-2fe1334223df'),(41,1,NULL,NULL,'2018-11-28 06:39:03','2018-11-28 06:39:03','c12493fc-058e-4691-8878-9e83d6bb3ac9'),(42,1,NULL,NULL,'2018-11-28 06:39:11','2018-11-28 06:39:11','1e0d7c64-2032-4387-ad20-3a1c0b39dfdd');
/*!40000 ALTER TABLE `categories` ENABLE KEYS */;
UNLOCK TABLES;
commit;

--
-- Dumping data for table `categorygroups`
--

LOCK TABLES `categorygroups` WRITE;
/*!40000 ALTER TABLE `categorygroups` DISABLE KEYS */;
set autocommit=0;
INSERT INTO `categorygroups` VALUES (1,9,23,'Activités','activities','2018-11-28 06:37:53','2018-12-05 18:59:57',NULL,'046dc3f8-222f-474e-9c00-c4c8ce11c089');
/*!40000 ALTER TABLE `categorygroups` ENABLE KEYS */;
UNLOCK TABLES;
commit;

--
-- Dumping data for table `categorygroups_sites`
--

LOCK TABLES `categorygroups_sites` WRITE;
/*!40000 ALTER TABLE `categorygroups_sites` DISABLE KEYS */;
set autocommit=0;
INSERT INTO `categorygroups_sites` VALUES (1,1,1,1,'activites/{slug}','_activities/category','2018-11-28 06:37:53','2018-12-05 18:59:57','0b211408-28b8-4f11-bc92-4bee12deb02e');
/*!40000 ALTER TABLE `categorygroups_sites` ENABLE KEYS */;
UNLOCK TABLES;
commit;

--
-- Dumping data for table `contactform_submissions`
--

LOCK TABLES `contactform_submissions` WRITE;
/*!40000 ALTER TABLE `contactform_submissions` DISABLE KEYS */;
set autocommit=0;
INSERT INTO `contactform_submissions` VALUES (326,'contact',NULL,'asdf wert','gabriel@agencezel.com','{\"Poste\":\"test\",\"Phone\":\"(234) 567-8934\"}','2019-01-05 22:40:12','2019-01-05 22:40:12','674132d5-6e77-4d4f-bb97-f7449d5e583b'),(327,'contact',NULL,'Guy Viens','gabriel@agencezel.com','{\"Poste\":\"test\",\"Phone\":\"(123) 456-7890\"}','2019-01-05 22:40:37','2019-01-05 22:40:37','048d95ab-3f7b-4142-9029-4d96340b9b31'),(328,'contact',NULL,'Gabriel Thiffault','gabriel@agencezel.com','{\"Poste\":\"test\",\"Phone\":\"(450) 747-1330\"}','2019-01-05 22:44:58','2019-01-05 22:44:58','a6352895-6f68-4eae-b510-26a0905f92a7'),(329,'contact',NULL,'Gabriel Thiffault','gabriel@agencezel.com','{\"Poste\":\"test\",\"Phone\":\"(450) 747-1330\"}','2019-01-05 22:45:45','2019-01-05 22:45:45','6b1139e9-d027-476d-bddf-672066028d1d'),(330,'contact',NULL,'Gabriel Thiffault','gabriel@agencezel.com','{\"Poste\":\"test\",\"Activit\\u00e9s\":\"test\",\"Phone\":\"(123) 456-2345\"}','2019-01-05 22:47:02','2019-01-05 22:47:02','a3681e25-3486-410a-b0a4-6099f9df6042'),(331,'contact','test','Gabriel Thiffault','gabriel@agencezel.com','{\"Phone\":\"(123) 456-7890\"}','2019-01-05 22:51:58','2019-01-05 22:51:58','459f49e9-4f0c-4e34-98ec-5505f9c27744'),(332,'contact','Carrière','Gabriel Thiffault','gabriel@agencezel.com','{\"Phone\":\"(234) 234-2425\",\"Poste\":\"Intervenant(e)\"}','2019-01-07 16:44:49','2019-01-07 16:44:49','e10d8325-221f-4d70-b268-572097e4fe6e'),(333,'contact','Carrière','Gabriel Thiffault','gabriel@agencezel.com','{\"Phone\":\"(234) 234-1234\",\"Poste\":\"Intervenant(e)\"}','2019-01-07 16:55:50','2019-01-07 16:55:50','e4eef985-181a-43b0-af4b-235a8bf1f908'),(334,'contact','Carrière','asdf Thiffault','gabriel@agencezel.com','{\"Phone\":\"(341) 234-1234\",\"Poste\":\"Intervenant(e)\"}','2019-01-07 17:01:55','2019-01-07 17:01:55','c6b0f3c7-33e6-4985-8ebb-3f4492e5661f'),(335,'contact','Carrière','Gabriel Thiffault','gabriel@agencezel.com','{\"Phone\":\"(341) 234-1241\",\"Poste\":\"Intervenant(e)\"}','2019-01-07 17:04:38','2019-01-07 17:04:38','69758b15-5047-4408-9122-105ae6edcb9c'),(336,'contact','Activités','Gabriel Thiffault','gabriel@agencezel.com','{\"Activites\":\"asdfasfd23424\",\"Phone\":\"(552) 345-2352\"}','2019-01-09 07:05:00','2019-01-09 07:05:00','19c8c52a-8f6d-4bfa-a740-b678268ac9c4'),(337,'contact','Carrière','Gabriel Thiffault','gabriel@agencezel.com','{\"Phone\":\"(243) 523-4523\"}','2019-01-09 07:12:49','2019-01-09 07:12:49','0167a318-2559-4133-a93e-84d5f62bb9a3'),(338,'contact','Message','Gabriel Thiffault','gabriel@agencezel.com','{\"Phone\":\"(234) 523-5423\",\"Description de la question, commentaire ou plainte\":\"asdfasdfasfdasfdsdf\"}','2019-01-09 07:21:14','2019-01-09 07:21:14','4784b92f-a5a6-40c2-b404-7cebd8599d8d'),(339,'contact','Activités','Gabriel Thiffault','gabriel@agencezel.com','{\"Activites\":\"test\",\"Phone\":\"(523) 542-3523\"}','2019-01-09 07:21:44','2019-01-09 07:21:44','97972f66-7e7c-426a-89b7-5c0512ff57f7'),(340,'contact','Carrière','Gabriel Thiffault','gabriel@agencezel.com','{\"Phone\":\"(000) 000-0009\"}','2019-01-09 07:22:20','2019-01-09 07:22:20','4331768f-7e5b-42da-b2c1-013c1aa3b113'),(341,'contact','Carrière','Gabriel Thiffault','gabriel@agencezel.com','{\"Phone\":\"(243) 552-2345\"}','2019-01-09 07:24:40','2019-01-09 07:24:40','cb9ba1c9-2b95-42bc-a62d-deb0dd9031e6');
/*!40000 ALTER TABLE `contactform_submissions` ENABLE KEYS */;
UNLOCK TABLES;
commit;

--
-- Dumping data for table `content`
--

LOCK TABLES `content` WRITE;
/*!40000 ALTER TABLE `content` DISABLE KEYS */;
set autocommit=0;
INSERT INTO `content` VALUES (1,1,1,NULL,'2018-10-14 21:15:05','2018-10-14 21:15:05','f20cea60-0a65-4cea-bbb6-15b639d994e4',NULL,NULL,NULL,NULL,NULL,NULL,NULL,NULL,NULL,NULL,NULL,NULL,NULL,NULL,NULL,NULL,NULL,NULL,NULL,NULL,NULL,NULL,NULL,NULL,NULL,NULL,NULL,NULL,NULL,NULL,NULL,NULL,NULL,NULL,NULL,NULL,NULL,NULL,NULL,NULL,NULL,NULL,NULL,NULL,NULL,NULL,NULL),(2,2,1,'Accueil','2018-11-27 21:36:10','2018-12-14 10:52:44','d649573c-16d4-47c1-9b0c-7ef9b65b6943',NULL,'Quel que soit','votre passé','Favoriser la réinsertion sociale','<p>La Maison Painchaud est un Centre Résidentiel Communautaire (CRC) situé dans le quartier Limoilou, à Québec. Notre mission est d’accueillir une clientèle adulte judiciarisée et d’offrir de l’hébergement, de l’encadrement, des services de soutien et d’accompagnement dans le but de favoriser la réinsertion sociale et ce, tout en assurant la protection de la société. Notre clientèle provient des centres de détention et des pénitenciers situés dans la province de Québec.</p>\n<p>L’intervention y est personnalisée et vise la prise en charge responsable de l’individu dans la communauté, ainsi que l’acquisition d’habiletés relationnelles et sociales. Un programme thérapeutique, la recherche d’emploi, le retour aux études, le bénévolat, les loisirs sont autant de moyens préconisés pour favoriser la réinsertion sociale.</p>','{\"ariaLabel\":null,\"customText\":\"En savoir plus\",\"target\":\"\",\"title\":null,\"type\":\"entry\",\"value\":\"10\"}',NULL,NULL,NULL,NULL,NULL,NULL,NULL,NULL,NULL,NULL,NULL,NULL,NULL,NULL,NULL,NULL,NULL,NULL,NULL,NULL,NULL,NULL,NULL,NULL,NULL,NULL,NULL,NULL,NULL,NULL,NULL,NULL,NULL,NULL,NULL,NULL,NULL,NULL,NULL,NULL,NULL),(9,9,1,'Critères d\'admission','2018-11-28 00:45:37','2018-12-04 02:22:15','2102fcbd-1bc8-4e61-8d58-8b6581ea0bf5',NULL,NULL,NULL,NULL,NULL,NULL,NULL,NULL,NULL,NULL,NULL,NULL,NULL,NULL,NULL,NULL,NULL,'Quel que soit votre passé','<p>Pour être admis à La Maison Painchaud, les contrevenants qui nous sont référés doivent :</p>\n<ul><li>Présenter un niveau de risque assumable dans la collectivité (niveau de dangerosité sociale);</li><li>Présenter un projet de sortie pertinent et réaliste;</li><li>Présenter de la motivation et du sérieux dans sa démarche de réinsertion sociale;</li><li>Avoir des capacités d’introspection et d’autocritique;</li><li>Être ouverts à l’intervention;</li><li>Présenter des conditions physiques et mentales permettant de participer à un processus de réinsertion sociale;</li><li>Réagir adéquatement face à l’autorité.</li></ul><p><a href=\"{entry:13:url}\">Communiquez avec nous</a> si vous souhaitez obtenir plus de renseignements.</p>',NULL,NULL,NULL,NULL,NULL,NULL,NULL,NULL,NULL,NULL,NULL,NULL,NULL,NULL,NULL,NULL,NULL,NULL,NULL,NULL,NULL,NULL,NULL,NULL,NULL,NULL,NULL,NULL),(10,10,1,'À propos','2018-11-28 00:46:12','2018-12-10 23:12:31','5d8222f8-eb93-4cb4-bd8b-ff54f52974f6',NULL,NULL,NULL,NULL,NULL,NULL,NULL,NULL,NULL,NULL,NULL,NULL,'Au service de la  communauté depuis 1967','<p>La Maison Painchaud a vu le jour le 8 décembre 1967 grâce à l’apport de la Société de Saint-Vincent-de-Paul. Le nom Painchaud est celui du Dr. Joseph Painchaud, fondateur de cette société à Québec, en 1846.</p>\n<p>C’est d’ailleurs la Société de la Saint-Vincent-de-Paul de Québec qui a payé les frais d’aménagement des premiers locaux situés au 1, rue Simard à Québec. Par la suite, La Maison Painchaud a pu se loger dans l’ancienne Académie Notre-Dame, coin Des Glacis et Richelieu à la Haute-Ville. Depuis 1980, La Maison Painchaud est établie au 1415, avenue St-Pascal, dans le quartier Limoilou, à deux pas du Parc Maizeret et de l’Hôpital de l’Enfant-Jésus.</p>\n<p>Depuis le 5 avril 2018, La Maison Painchaud est également propriétaire du 1045 chemin Sainte-Foy, dans la haute-ville de Québec. C’est à cet endroit que les services de surveillance en milieu ouvert seront offerts à compter de juillet 2018.</p>','Notre équipe','<p>La Maison Painchaud regroupe un personnel qualifié et une équipe multidisciplinaire dynamique composée d’éducateurs spécialisés, de criminologues, de conseillers en orientation, de travailleurs sociaux et de psycho-éducateurs.</p>\n<p>La Maison Painchaud est également régie par un conseil d’administration composé de 7 membres dont le rôle est de veiller aux intérêts de l’organisation et au respect de sa mission.</p>','La maison painchaud en images',NULL,NULL,NULL,NULL,NULL,NULL,NULL,NULL,NULL,NULL,NULL,NULL,NULL,NULL,NULL,NULL,NULL,NULL,NULL,NULL,NULL,NULL,NULL,NULL,NULL,NULL,NULL,NULL,NULL,NULL),(11,11,1,'Carrières','2018-11-28 00:49:29','2018-12-04 02:32:24','2f07dba7-c38d-427e-a6cc-2f847663d307',NULL,NULL,NULL,NULL,NULL,NULL,NULL,NULL,NULL,NULL,NULL,NULL,NULL,NULL,NULL,NULL,NULL,'Évoluer professionnellement à La Maison Painchaud','<p>Un emploi dans le domaine de la réinsertion sociale vous intéresse? Notre mission vous interpelle? </p>\n<p>Joignez-vous à notre équipe dynamique et professionnelle!</p>\n<h3>Profitez de divers avantages</h3>\n<p>La Maison Painchaud offre d’excellentes conditions de travail telles que :</p>\n<ul><li>Un régime d’assurances médicales et dentaires</li><li>Un fond de pension dès l’entrée en poste l</li><li>La possibilité de prendre un repas équilibré à la cuisine à un coût très abordable</li><li>Des congés de maladie payés si non utilisés</li><li>Le stationnement gratuit</li><li>Un espace de travail bien aménagé, fraîchement rénové et doté d’outils informatiques performants </li><li>Une ambiance où il fait bon travailler!</li></ul><p>De plus, notre établissement se situe dans un quartier résidentiel à proximité des transports en commun, de tous les services et à deux pas du parc Maizeret.</p>',NULL,NULL,'Opportunités',NULL,NULL,NULL,NULL,NULL,NULL,NULL,NULL,NULL,NULL,NULL,NULL,NULL,NULL,NULL,NULL,NULL,NULL,NULL,NULL,NULL,NULL,NULL,NULL,NULL),(12,12,1,'Documentation','2018-11-28 00:50:58','2018-12-10 20:26:24','d02c7f53-643a-4c05-bd95-c3d63048e123',NULL,NULL,NULL,NULL,NULL,NULL,NULL,NULL,NULL,NULL,NULL,NULL,NULL,NULL,NULL,NULL,NULL,NULL,NULL,NULL,NULL,NULL,NULL,NULL,NULL,NULL,NULL,NULL,NULL,NULL,NULL,NULL,NULL,NULL,NULL,NULL,NULL,NULL,NULL,NULL,NULL,NULL,NULL,NULL,NULL,NULL,NULL),(13,13,1,'Nous joindre','2018-11-28 00:51:18','2018-12-05 15:19:39','ec31b415-3706-44b9-b12f-6cd7165d4b20',NULL,NULL,NULL,NULL,NULL,NULL,NULL,NULL,NULL,NULL,NULL,NULL,NULL,NULL,NULL,NULL,NULL,NULL,NULL,NULL,NULL,NULL,NULL,NULL,NULL,NULL,NULL,NULL,NULL,NULL,NULL,NULL,NULL,NULL,NULL,NULL,NULL,NULL,NULL,NULL,NULL,NULL,NULL,NULL,NULL,NULL,NULL),(14,14,1,'Aenane x proin gravida dolort venetetas perpeta','2018-11-28 00:57:50','2018-12-05 21:12:33','cc28b285-76fb-464e-b350-bdf3e082b9fd',NULL,NULL,NULL,NULL,NULL,NULL,'2018-12-05 04:15:00',NULL,NULL,NULL,NULL,NULL,NULL,NULL,NULL,NULL,NULL,NULL,'<p>Lorem ipsum dolor sit amet, consectetur adipiscing elit. Aenean euismod bibendum laoreet. Proin gravida dolor sit amet lacus accumsan et viverra justo commodo. Proin sodales pulvinar sic tempor. Sociis natoque penatibus et magnis dis parturient montes, nascetur ridiculus mus. Nam fermentum, nulla luctus pharetra vulputate, felis tellus mollis orci, sed rhoncus pronin sapien nunc accuan eget.</p>',NULL,NULL,NULL,NULL,NULL,NULL,NULL,NULL,NULL,NULL,NULL,NULL,NULL,NULL,NULL,NULL,NULL,NULL,NULL,'203 rue Brasse','<p>Madame Lina Cloutier, au 418 661-0203 poste 230</p>','Gratuit','2018-12-06 06:00:00',NULL,NULL,NULL,NULL,NULL),(15,15,1,'Réinsertion sociale','2018-11-28 00:58:59','2018-12-14 08:30:55','3dd111df-544f-4656-b487-97f3ad674f49',NULL,NULL,NULL,NULL,NULL,NULL,NULL,NULL,NULL,NULL,NULL,NULL,NULL,NULL,NULL,NULL,NULL,'Pour cheminer vers son plein potentiel','<p>Le programme de réinsertion sociale de La Maison Painchaud a pour but d’aider les individus ayant eu des démêlés judiciaires à réintégrer la communauté et à demeurer un citoyen respectueux des lois. Le programme vise à aider les individus face aux problématiques liées à leur agir délictuel (toxicomanie, violence, valeurs et attitudes, délinquance sexuelle) et ce, tout en assurant la protection de la société. </p>\n<p>La Maison Painchaud offre des services d’hébergement, de surveillance, de suivi clinique et d’accompagnement aux contrevenants sous juridiction provinciale et fédérale. L’intervention est personnalisée et vise la prise en charge responsable de l’individu dans la communauté ainsi que l’acquisition de meilleures habiletés relationnelles et sociales. Un programme thérapeutique, la recherche d’emploi, le retour aux études, les loisirs, le bénévolat sont autant de moyens préconisés pour favoriser la réinsertion sociale.</p>\n<p>Le CRC Painchaud accueille des délinquants fédéraux en semi-liberté de type projet communautaire depuis 1997. Le CRC offre à cette clientèle un cadre structuré et supportant permettant l’acquisition d’habiletés sociales et personnelles par le retour aux études, le travail ou le bénévolat.</p>',NULL,NULL,NULL,NULL,NULL,NULL,NULL,NULL,NULL,NULL,NULL,NULL,NULL,NULL,NULL,NULL,NULL,NULL,NULL,NULL,NULL,NULL,NULL,'Réinsertion<br>sociale',NULL,NULL,NULL,NULL),(16,16,1,'Surveillance en milieu ouvert','2018-11-28 00:59:23','2018-12-14 08:30:40','194fd304-48e4-4c49-ba47-a265cb022643',NULL,NULL,NULL,NULL,NULL,NULL,NULL,NULL,NULL,NULL,NULL,NULL,NULL,NULL,NULL,NULL,NULL,'Accompagnement et encadrement vers la réinsertion sociale','<p>La surveillance en milieu ouvert offre aux personnes contrevenantes (homme et femmes) sous juridiction provinciale, soumises à une mesure appliquée telle que l’ordonnance de probation, l’emprisonnement avec sursis, la permission de sortir ou encore la libération conditionnelle, un encadrement légal visant l’atteinte d’objectifs de réinsertion sociale.</p>\n<p>En plus de veiller au respect des conditions légales des personnes contrevenantes en vue d’assurer la protection du public, les intervenants accompagnent la clientèle dans son processus de réinsertion sociale et l’épanouissement/le développement de son plein potentiel. La Maison Painchaud effectue le suivi de 255 contrevenants suivis en communauté.</p>','Surveillance des contrevenants sous ordonnance de sursis','<p>Depuis 1999, le CRC Painchaud assure le mandat légal et la surveillance des contrevenants sous ordonnance de sursis. L’intervenant à la surveillance en milieu ouvert, qui détient la désignation d’agent de surveillance, assume toutes les activités d’accompagnement et d’encadrement qui ont pour objectif la réinsertion sociale. Il travaille en collaboration avec l’ASC-vérificateur qui surveille les conditions de couvre-feu et d’assignation à domicile.</p>\n<p>Considérant les besoins des contrevenants qui sont référés à l’intervenant à la surveillance en milieu ouvert, celui-ci a pour mandat plus spécifique d’amener la personne contrevenante à développer, à renforcer et à consolider ses habiletés sociales ou son réseau social.</p>',NULL,NULL,NULL,NULL,NULL,NULL,NULL,NULL,NULL,NULL,NULL,NULL,NULL,NULL,NULL,NULL,NULL,NULL,NULL,NULL,NULL,NULL,NULL,NULL,NULL,NULL),(17,17,1,'Programmes thérapeutiques','2018-11-28 00:59:41','2018-12-14 08:30:40','d8727bfb-af9c-42eb-a8e4-b22901c22192',NULL,NULL,NULL,NULL,NULL,NULL,NULL,NULL,NULL,NULL,NULL,NULL,NULL,NULL,NULL,NULL,NULL,'Des programmes spécialisés','<ul><li>La toxicomanie</li><li>La violence;<br /></li><li>Les valeurs et attitudes;</li><li>La délinquance sexuelle;</li><li>Etc.</li></ul><p>Consultez la liste de nos programmes ci-dessous pour en apprendre plus.</p>',NULL,NULL,NULL,NULL,NULL,NULL,NULL,NULL,NULL,NULL,NULL,NULL,NULL,NULL,NULL,NULL,NULL,NULL,NULL,NULL,NULL,NULL,NULL,NULL,NULL,NULL,NULL,NULL),(18,18,1,'À propos','2018-11-28 01:09:19','2018-11-28 01:09:23','331228a8-06ae-42e9-9cc0-0e16f238b062','{\"ariaLabel\":null,\"customText\":null,\"target\":null,\"title\":null,\"type\":\"entry\",\"value\":\"10\"}',NULL,NULL,NULL,NULL,NULL,NULL,NULL,NULL,NULL,NULL,NULL,NULL,NULL,NULL,NULL,NULL,NULL,NULL,NULL,NULL,NULL,NULL,NULL,NULL,NULL,NULL,NULL,NULL,NULL,NULL,NULL,NULL,NULL,NULL,NULL,NULL,NULL,NULL,NULL,NULL,NULL,NULL,NULL,NULL,NULL,NULL),(19,19,1,'Critères d\'admission','2018-11-28 01:09:58','2018-11-28 01:11:13','310348ad-65eb-42bd-9b5d-1c903ad0752a','{\"ariaLabel\":null,\"customText\":null,\"target\":null,\"title\":null,\"type\":\"entry\",\"value\":\"9\"}',NULL,NULL,NULL,NULL,NULL,NULL,NULL,NULL,NULL,NULL,NULL,NULL,NULL,NULL,NULL,NULL,NULL,NULL,NULL,NULL,NULL,NULL,NULL,NULL,NULL,NULL,NULL,NULL,NULL,NULL,NULL,NULL,NULL,NULL,NULL,NULL,NULL,NULL,NULL,NULL,NULL,NULL,NULL,NULL,NULL,NULL),(20,20,1,'Activités','2018-11-28 01:11:46','2018-12-10 21:44:00','d6454a02-b10e-42f9-802b-c4b05a031d66','{\"ariaLabel\":null,\"customText\":null,\"target\":null,\"title\":null,\"type\":\"entry\",\"value\":\"219\"}',NULL,NULL,NULL,NULL,NULL,NULL,NULL,NULL,NULL,NULL,NULL,NULL,NULL,NULL,NULL,NULL,NULL,NULL,NULL,NULL,NULL,NULL,NULL,NULL,NULL,NULL,NULL,NULL,NULL,NULL,NULL,NULL,NULL,NULL,NULL,NULL,NULL,NULL,NULL,NULL,NULL,NULL,NULL,NULL,NULL,NULL),(21,21,1,'Programmation et services','2018-11-28 01:13:50','2018-11-28 01:13:57','972a2139-2bec-4cd6-9e2e-e355af4740c4','{\"ariaLabel\":null,\"customText\":null,\"target\":null,\"title\":null,\"type\":\"entry\",\"value\":null}',NULL,NULL,NULL,NULL,NULL,NULL,NULL,NULL,NULL,NULL,NULL,NULL,NULL,NULL,NULL,NULL,NULL,NULL,NULL,NULL,NULL,NULL,NULL,NULL,NULL,NULL,NULL,NULL,NULL,NULL,NULL,NULL,NULL,NULL,NULL,NULL,NULL,NULL,NULL,NULL,NULL,NULL,NULL,NULL,NULL,NULL),(22,22,1,'Réinsertion sociale','2018-11-28 01:18:29','2018-11-28 01:18:29','af07b3dd-a395-484e-b0db-9622240497bc','{\"ariaLabel\":null,\"customText\":null,\"target\":null,\"title\":null,\"type\":\"entry\",\"value\":\"15\"}',NULL,NULL,NULL,NULL,NULL,NULL,NULL,NULL,NULL,NULL,NULL,NULL,NULL,NULL,NULL,NULL,NULL,NULL,NULL,NULL,NULL,NULL,NULL,NULL,NULL,NULL,NULL,NULL,NULL,NULL,NULL,NULL,NULL,NULL,NULL,NULL,NULL,NULL,NULL,NULL,NULL,NULL,NULL,NULL,NULL,NULL),(23,23,1,'Surveillance en milieu ouvert','2018-11-28 01:19:05','2018-11-28 01:19:05','edce50fd-525a-4dc1-ba4f-09430929b4be','{\"ariaLabel\":null,\"customText\":null,\"target\":null,\"title\":null,\"type\":\"entry\",\"value\":\"16\"}',NULL,NULL,NULL,NULL,NULL,NULL,NULL,NULL,NULL,NULL,NULL,NULL,NULL,NULL,NULL,NULL,NULL,NULL,NULL,NULL,NULL,NULL,NULL,NULL,NULL,NULL,NULL,NULL,NULL,NULL,NULL,NULL,NULL,NULL,NULL,NULL,NULL,NULL,NULL,NULL,NULL,NULL,NULL,NULL,NULL,NULL),(24,24,1,'Programmes thérapeutiques','2018-11-28 01:19:20','2018-11-28 01:19:20','2b627000-8e19-4b59-a790-c503b6b85a55','{\"ariaLabel\":null,\"customText\":null,\"target\":null,\"title\":null,\"type\":\"entry\",\"value\":\"17\"}',NULL,NULL,NULL,NULL,NULL,NULL,NULL,NULL,NULL,NULL,NULL,NULL,NULL,NULL,NULL,NULL,NULL,NULL,NULL,NULL,NULL,NULL,NULL,NULL,NULL,NULL,NULL,NULL,NULL,NULL,NULL,NULL,NULL,NULL,NULL,NULL,NULL,NULL,NULL,NULL,NULL,NULL,NULL,NULL,NULL,NULL),(25,25,1,'Carrières','2018-11-28 01:19:56','2018-11-28 01:19:56','cd87a707-9efc-41f0-be1b-3ceaf00fb796','{\"ariaLabel\":null,\"customText\":null,\"target\":null,\"title\":null,\"type\":\"entry\",\"value\":\"11\"}',NULL,NULL,NULL,NULL,NULL,NULL,NULL,NULL,NULL,NULL,NULL,NULL,NULL,NULL,NULL,NULL,NULL,NULL,NULL,NULL,NULL,NULL,NULL,NULL,NULL,NULL,NULL,NULL,NULL,NULL,NULL,NULL,NULL,NULL,NULL,NULL,NULL,NULL,NULL,NULL,NULL,NULL,NULL,NULL,NULL,NULL),(26,26,1,'Documentation','2018-11-28 01:20:11','2018-11-28 01:20:11','b0c4bdaf-35e1-43e5-b45f-3b50781d18ed','{\"ariaLabel\":null,\"customText\":null,\"target\":null,\"title\":null,\"type\":\"entry\",\"value\":\"12\"}',NULL,NULL,NULL,NULL,NULL,NULL,NULL,NULL,NULL,NULL,NULL,NULL,NULL,NULL,NULL,NULL,NULL,NULL,NULL,NULL,NULL,NULL,NULL,NULL,NULL,NULL,NULL,NULL,NULL,NULL,NULL,NULL,NULL,NULL,NULL,NULL,NULL,NULL,NULL,NULL,NULL,NULL,NULL,NULL,NULL,NULL),(27,27,1,'Nous joindre','2018-11-28 01:20:26','2018-11-28 01:20:26','73c43ffb-c299-4a5a-ba75-20f5a99e40f3','{\"ariaLabel\":null,\"customText\":null,\"target\":null,\"title\":null,\"type\":\"entry\",\"value\":\"13\"}',NULL,NULL,NULL,NULL,NULL,NULL,NULL,NULL,NULL,NULL,NULL,NULL,NULL,NULL,NULL,NULL,NULL,NULL,NULL,NULL,NULL,NULL,NULL,NULL,NULL,NULL,NULL,NULL,NULL,NULL,NULL,NULL,NULL,NULL,NULL,NULL,NULL,NULL,NULL,NULL,NULL,NULL,NULL,NULL,NULL,NULL),(29,29,1,'Placeholder','2018-11-28 02:35:06','2018-12-05 14:50:41','44c606d3-68f4-4673-9e44-5817260d1fc2',NULL,NULL,NULL,NULL,NULL,NULL,NULL,NULL,NULL,NULL,NULL,NULL,NULL,NULL,NULL,NULL,NULL,NULL,NULL,NULL,NULL,NULL,NULL,NULL,NULL,NULL,NULL,NULL,NULL,NULL,NULL,NULL,NULL,NULL,NULL,NULL,NULL,NULL,NULL,NULL,NULL,NULL,NULL,NULL,NULL,NULL,NULL),(30,30,1,'Placeholderv2','2018-11-28 03:27:12','2018-12-05 14:50:41','d572d2da-5086-4671-a1a3-58ebeb40560c',NULL,NULL,NULL,NULL,NULL,NULL,NULL,NULL,NULL,NULL,NULL,NULL,NULL,NULL,NULL,NULL,NULL,NULL,NULL,NULL,NULL,NULL,NULL,NULL,NULL,NULL,NULL,NULL,NULL,NULL,NULL,NULL,NULL,NULL,NULL,NULL,NULL,NULL,NULL,NULL,NULL,NULL,NULL,NULL,NULL,NULL,NULL),(31,31,1,'Dummy 1680X430 Dealmaker Plain','2018-11-28 04:40:10','2018-12-05 14:50:43','423b3b85-5abe-4498-b566-bf66130f3174',NULL,NULL,NULL,NULL,NULL,NULL,NULL,NULL,NULL,NULL,NULL,NULL,NULL,NULL,NULL,NULL,NULL,NULL,NULL,NULL,NULL,NULL,NULL,NULL,NULL,NULL,NULL,NULL,NULL,NULL,NULL,NULL,NULL,NULL,NULL,NULL,NULL,NULL,NULL,NULL,NULL,NULL,NULL,NULL,NULL,NULL,NULL),(32,32,1,'Maison Painchaud Reinsertion Sociale','2018-11-28 05:16:18','2018-12-05 14:50:54','bde84d30-83d3-4841-86b6-a610d7131937',NULL,NULL,NULL,NULL,NULL,NULL,NULL,NULL,NULL,NULL,NULL,NULL,NULL,NULL,NULL,NULL,NULL,NULL,NULL,NULL,NULL,NULL,NULL,NULL,NULL,NULL,NULL,NULL,NULL,NULL,NULL,NULL,NULL,NULL,NULL,NULL,NULL,NULL,NULL,NULL,NULL,NULL,NULL,NULL,NULL,NULL,NULL),(33,33,1,'Test','2018-11-28 05:24:41','2018-12-05 14:50:42','37ee0fc5-abfb-4e93-af37-e1fe075a0ac2',NULL,NULL,NULL,NULL,NULL,NULL,NULL,NULL,NULL,NULL,NULL,NULL,NULL,NULL,NULL,NULL,NULL,NULL,NULL,NULL,NULL,NULL,NULL,NULL,NULL,NULL,NULL,NULL,NULL,NULL,NULL,NULL,NULL,NULL,NULL,NULL,NULL,NULL,NULL,NULL,NULL,NULL,NULL,NULL,NULL,NULL,NULL),(34,34,1,'Maison Painchaud Reinsertion Sociale Home','2018-11-28 05:37:46','2018-12-05 14:50:43','2c233d3e-c79b-46a6-851c-9c3ff8499891',NULL,NULL,NULL,NULL,NULL,NULL,NULL,NULL,NULL,NULL,NULL,NULL,NULL,NULL,NULL,NULL,NULL,NULL,NULL,NULL,NULL,NULL,NULL,NULL,NULL,NULL,NULL,NULL,NULL,NULL,NULL,NULL,NULL,NULL,NULL,NULL,NULL,NULL,NULL,NULL,NULL,NULL,NULL,NULL,NULL,NULL,NULL),(35,35,1,'Maison Painchaud Surveillance Milieu Ouvert Home','2018-11-28 05:39:52','2018-12-05 14:50:42','feedc6f3-42fb-48c0-8d6c-2f285c064366',NULL,NULL,NULL,NULL,NULL,NULL,NULL,NULL,NULL,NULL,NULL,NULL,NULL,NULL,NULL,NULL,NULL,NULL,NULL,NULL,NULL,NULL,NULL,NULL,NULL,NULL,NULL,NULL,NULL,NULL,NULL,NULL,NULL,NULL,NULL,NULL,NULL,NULL,NULL,NULL,NULL,NULL,NULL,NULL,NULL,NULL,NULL),(36,36,1,'Maison Painchaud Programmes Therapeutiques Home','2018-11-28 05:41:06','2018-12-05 14:50:43','553a5f72-8e37-454e-8df3-41974315ebab',NULL,NULL,NULL,NULL,NULL,NULL,NULL,NULL,NULL,NULL,NULL,NULL,NULL,NULL,NULL,NULL,NULL,NULL,NULL,NULL,NULL,NULL,NULL,NULL,NULL,NULL,NULL,NULL,NULL,NULL,NULL,NULL,NULL,NULL,NULL,NULL,NULL,NULL,NULL,NULL,NULL,NULL,NULL,NULL,NULL,NULL,NULL),(37,37,1,'Maison Painchaud','2018-11-28 06:18:45','2018-12-05 14:50:51','9a9f9c86-7c8f-4972-a3fe-ef3ea0319eb2',NULL,NULL,NULL,NULL,NULL,NULL,NULL,NULL,NULL,NULL,NULL,NULL,NULL,NULL,NULL,NULL,NULL,NULL,NULL,NULL,NULL,NULL,NULL,NULL,NULL,NULL,NULL,NULL,NULL,NULL,NULL,NULL,NULL,NULL,NULL,NULL,NULL,NULL,NULL,NULL,NULL,NULL,NULL,NULL,NULL,NULL,NULL),(38,38,1,'News Thumbnail','2018-11-28 06:24:15','2018-12-05 14:50:57','1a56945f-d6c4-4ede-96f0-51a72f2c1e77',NULL,NULL,NULL,NULL,NULL,NULL,NULL,NULL,NULL,NULL,NULL,NULL,NULL,NULL,NULL,NULL,NULL,NULL,NULL,NULL,NULL,NULL,NULL,NULL,NULL,NULL,NULL,NULL,NULL,NULL,NULL,NULL,NULL,NULL,NULL,NULL,NULL,NULL,NULL,NULL,NULL,NULL,NULL,NULL,NULL,NULL,NULL),(39,39,1,'Création','2018-11-28 06:38:34','2018-12-05 19:32:58','7770e85c-b1e2-4d51-ae71-092c009c9a9a',NULL,NULL,NULL,NULL,NULL,NULL,NULL,NULL,NULL,NULL,NULL,NULL,NULL,NULL,NULL,NULL,NULL,NULL,NULL,NULL,NULL,NULL,NULL,NULL,NULL,NULL,NULL,NULL,NULL,NULL,NULL,NULL,NULL,NULL,NULL,NULL,NULL,NULL,NULL,NULL,NULL,NULL,NULL,NULL,NULL,NULL,NULL),(40,40,1,'Repas communautaires','2018-11-28 06:38:50','2018-11-28 06:38:57','e587b1d0-cf2f-4db3-ada8-def1ca1c2ae2',NULL,NULL,NULL,NULL,NULL,NULL,NULL,NULL,NULL,NULL,NULL,NULL,NULL,NULL,NULL,NULL,NULL,NULL,NULL,NULL,NULL,NULL,NULL,NULL,NULL,NULL,NULL,NULL,NULL,NULL,NULL,NULL,NULL,NULL,NULL,NULL,NULL,NULL,NULL,NULL,NULL,NULL,NULL,NULL,NULL,NULL,NULL),(41,41,1,'Loisirs','2018-11-28 06:39:03','2018-11-28 06:39:03','d6221909-6d5b-43cb-b0a0-acd4ddc8efe5',NULL,NULL,NULL,NULL,NULL,NULL,NULL,NULL,NULL,NULL,NULL,NULL,NULL,NULL,NULL,NULL,NULL,NULL,NULL,NULL,NULL,NULL,NULL,NULL,NULL,NULL,NULL,NULL,NULL,NULL,NULL,NULL,NULL,NULL,NULL,NULL,NULL,NULL,NULL,NULL,NULL,NULL,NULL,NULL,NULL,NULL,NULL),(42,42,1,'Culture','2018-11-28 06:39:11','2018-11-28 06:39:11','67fdf97f-56f1-4494-a1b9-a1489ac57644',NULL,NULL,NULL,NULL,NULL,NULL,NULL,NULL,NULL,NULL,NULL,NULL,NULL,NULL,NULL,NULL,NULL,NULL,NULL,NULL,NULL,NULL,NULL,NULL,NULL,NULL,NULL,NULL,NULL,NULL,NULL,NULL,NULL,NULL,NULL,NULL,NULL,NULL,NULL,NULL,NULL,NULL,NULL,NULL,NULL,NULL,NULL),(43,43,1,'Aenane x proin gravida dolort venetetas perpeta Aenane x proin gravida dolort venetetas perpeta','2018-11-28 07:10:31','2018-12-05 21:12:28','c53ef285-eefc-42cc-9513-af9ebb7bed31',NULL,NULL,NULL,NULL,NULL,NULL,'2018-12-17 06:00:00',NULL,NULL,NULL,NULL,NULL,NULL,NULL,NULL,NULL,NULL,NULL,NULL,NULL,NULL,NULL,NULL,NULL,NULL,NULL,NULL,NULL,NULL,NULL,NULL,NULL,NULL,NULL,NULL,NULL,NULL,NULL,NULL,NULL,NULL,NULL,NULL,NULL,NULL,NULL,NULL),(44,44,1,'Cciq Logo','2018-11-30 14:19:03','2018-12-05 14:50:52','4a63ebf9-9d84-4020-8a12-4b4d9591b1ca',NULL,NULL,NULL,NULL,NULL,NULL,NULL,NULL,NULL,NULL,NULL,NULL,NULL,NULL,NULL,NULL,NULL,NULL,NULL,NULL,NULL,NULL,NULL,NULL,NULL,NULL,NULL,NULL,NULL,NULL,NULL,NULL,NULL,NULL,NULL,NULL,NULL,NULL,NULL,NULL,NULL,NULL,NULL,NULL,NULL,NULL,NULL),(45,45,1,'Iusmq Logo','2018-11-30 14:19:03','2019-07-04 17:10:37','ed30d00d-b5d8-4ba9-9f84-be874d963700',NULL,NULL,NULL,NULL,NULL,NULL,NULL,NULL,NULL,NULL,NULL,NULL,NULL,NULL,NULL,NULL,NULL,NULL,NULL,NULL,NULL,NULL,NULL,NULL,NULL,NULL,NULL,NULL,NULL,NULL,NULL,NULL,NULL,NULL,NULL,NULL,NULL,NULL,NULL,NULL,NULL,NULL,NULL,NULL,NULL,NULL,'https://www.google.ca/'),(46,46,1,'Rimas Logo','2018-11-30 14:19:03','2018-12-05 14:50:45','583fed16-8fca-4a69-afb0-f039504002b6',NULL,NULL,NULL,NULL,NULL,NULL,NULL,NULL,NULL,NULL,NULL,NULL,NULL,NULL,NULL,NULL,NULL,NULL,NULL,NULL,NULL,NULL,NULL,NULL,NULL,NULL,NULL,NULL,NULL,NULL,NULL,NULL,NULL,NULL,NULL,NULL,NULL,NULL,NULL,NULL,NULL,NULL,NULL,NULL,NULL,NULL,NULL),(47,47,1,'Scq Logo','2018-11-30 14:19:04','2018-12-05 14:50:44','48cc9668-f07a-4423-90b3-430c6a2c17c0',NULL,NULL,NULL,NULL,NULL,NULL,NULL,NULL,NULL,NULL,NULL,NULL,NULL,NULL,NULL,NULL,NULL,NULL,NULL,NULL,NULL,NULL,NULL,NULL,NULL,NULL,NULL,NULL,NULL,NULL,NULL,NULL,NULL,NULL,NULL,NULL,NULL,NULL,NULL,NULL,NULL,NULL,NULL,NULL,NULL,NULL,NULL),(48,52,1,'Logo Partenaire 1','2018-11-30 15:46:19','2019-07-04 17:10:41','e112e6b4-21c4-42de-a92e-4a3fa4ab0788',NULL,NULL,NULL,NULL,NULL,NULL,NULL,NULL,NULL,NULL,NULL,NULL,NULL,NULL,NULL,NULL,NULL,NULL,NULL,NULL,NULL,NULL,NULL,NULL,NULL,NULL,NULL,NULL,NULL,NULL,NULL,NULL,NULL,NULL,NULL,NULL,NULL,NULL,NULL,NULL,NULL,NULL,NULL,NULL,NULL,NULL,'https://www.google.ca/'),(49,53,1,'Logo Partenaire 2','2018-11-30 15:46:20','2019-07-04 17:10:44','0738c701-6e2a-42de-8e10-e40600b657e2',NULL,NULL,NULL,NULL,NULL,NULL,NULL,NULL,NULL,NULL,NULL,NULL,NULL,NULL,NULL,NULL,NULL,NULL,NULL,NULL,NULL,NULL,NULL,NULL,NULL,NULL,NULL,NULL,NULL,NULL,NULL,NULL,NULL,NULL,NULL,NULL,NULL,NULL,NULL,NULL,NULL,NULL,NULL,NULL,NULL,NULL,'https://www.google.ca/'),(50,54,1,'Logo Partenaire 3','2018-11-30 15:46:20','2018-12-05 14:50:51','bb71cf34-ebc9-4d19-a5de-7cfce3bbcb4a',NULL,NULL,NULL,NULL,NULL,NULL,NULL,NULL,NULL,NULL,NULL,NULL,NULL,NULL,NULL,NULL,NULL,NULL,NULL,NULL,NULL,NULL,NULL,NULL,NULL,NULL,NULL,NULL,NULL,NULL,NULL,NULL,NULL,NULL,NULL,NULL,NULL,NULL,NULL,NULL,NULL,NULL,NULL,NULL,NULL,NULL,NULL),(51,55,1,'Logo Partenaire 4','2018-11-30 15:46:20','2019-07-04 17:10:49','a5d35791-2579-4b01-9951-46cf2df15e3d',NULL,NULL,NULL,NULL,NULL,NULL,NULL,NULL,NULL,NULL,NULL,NULL,NULL,NULL,NULL,NULL,NULL,NULL,NULL,NULL,NULL,NULL,NULL,NULL,NULL,NULL,NULL,NULL,NULL,NULL,NULL,NULL,NULL,NULL,NULL,NULL,NULL,NULL,NULL,NULL,NULL,NULL,NULL,NULL,NULL,NULL,'https://www.google.ca/'),(52,57,1,NULL,'2018-11-30 16:34:32','2019-01-08 03:11:34','6e3cf7dd-c254-4f3b-9478-070ecdc38b93',NULL,NULL,NULL,NULL,NULL,NULL,NULL,'<p>1415, avenue Saint-Pascal<br />Québec (QC) G1J 4R1<br /></p>','{\"ariaLabel\":null,\"customText\":\"\",\"target\":null,\"title\":null,\"type\":\"url\",\"value\":\"https://www.google.ca/maps/place/Maison+Painchaud+Inc/@46.836305,-71.2183312,15z/data=!4m5!3m4!1s0x0:0x30a80b15262d9949!8m2!3d46.836305!4d-71.2183312\"}','418 661-0203','418 661-7443','info@maisonpainchaud.com',NULL,NULL,NULL,NULL,NULL,'Calendrier des activités','<p>Fidèle à ses habitudes et convaincue que de saines activités de loisirs contribuent à un mode de vie équilibré, La Maison Painchaud offre une gamme d’activités des plus diversifiées. </p>',NULL,NULL,NULL,NULL,NULL,NULL,NULL,NULL,NULL,NULL,NULL,NULL,NULL,NULL,NULL,'<p>1045, chemin Sainte-Foy<br />Québec (QC) G1S 2L8</p>','418 661-0203','418 661-7443','info@maisonpainchaud.com',NULL,NULL,NULL,NULL,NULL,'{\"ariaLabel\":null,\"customText\":null,\"target\":null,\"title\":null,\"type\":\"entry\",\"value\":\"219\"}','{\"ariaLabel\":null,\"customText\":null,\"target\":null,\"title\":null,\"type\":\"entry\",\"value\":\"11\"}',NULL,NULL),(53,58,1,'Maison Painchaud About','2018-12-01 03:34:35','2018-12-05 14:50:43','54649d28-7f66-4451-a617-e8840aaac86b',NULL,NULL,NULL,NULL,NULL,NULL,NULL,NULL,NULL,NULL,NULL,NULL,NULL,NULL,NULL,NULL,NULL,NULL,NULL,NULL,NULL,NULL,NULL,NULL,NULL,NULL,NULL,NULL,NULL,NULL,NULL,NULL,NULL,NULL,NULL,NULL,NULL,NULL,NULL,NULL,NULL,NULL,NULL,NULL,NULL,NULL,NULL),(54,59,1,'Ana Tavares 598934 Unsplash','2018-12-01 03:41:37','2018-12-05 14:50:41','cbbb092c-29fe-41f8-8337-99406e60b10c',NULL,NULL,NULL,NULL,NULL,NULL,NULL,NULL,NULL,NULL,NULL,NULL,NULL,NULL,NULL,NULL,NULL,NULL,NULL,NULL,NULL,NULL,NULL,NULL,NULL,NULL,NULL,NULL,NULL,NULL,NULL,NULL,NULL,NULL,NULL,NULL,NULL,NULL,NULL,NULL,NULL,NULL,NULL,NULL,NULL,NULL,NULL),(55,65,1,'440','2018-12-01 12:50:16','2018-12-05 14:50:55','f2685932-138d-4fd9-81d4-44efdd5de248',NULL,NULL,NULL,NULL,NULL,NULL,NULL,NULL,NULL,NULL,NULL,NULL,NULL,NULL,NULL,NULL,NULL,NULL,NULL,NULL,NULL,NULL,NULL,NULL,NULL,NULL,NULL,NULL,NULL,NULL,NULL,NULL,NULL,NULL,NULL,NULL,NULL,NULL,NULL,NULL,NULL,NULL,NULL,NULL,NULL,NULL,NULL),(56,66,1,'425','2018-12-01 12:50:16','2018-12-05 14:50:56','5523f49a-8a58-4a77-8164-4a9bec263e3e',NULL,NULL,NULL,NULL,NULL,NULL,NULL,NULL,NULL,NULL,NULL,NULL,NULL,NULL,NULL,NULL,NULL,NULL,NULL,NULL,NULL,NULL,NULL,NULL,NULL,NULL,NULL,NULL,NULL,NULL,NULL,NULL,NULL,NULL,NULL,NULL,NULL,NULL,NULL,NULL,NULL,NULL,NULL,NULL,NULL,NULL,NULL),(57,67,1,'420','2018-12-01 12:50:16','2018-12-05 14:50:56','822431e2-615d-4bc1-9f27-1c975e30efb1',NULL,NULL,NULL,NULL,NULL,NULL,NULL,NULL,NULL,NULL,NULL,NULL,NULL,NULL,NULL,NULL,NULL,NULL,NULL,NULL,NULL,NULL,NULL,NULL,NULL,NULL,NULL,NULL,NULL,NULL,NULL,NULL,NULL,NULL,NULL,NULL,NULL,NULL,NULL,NULL,NULL,NULL,NULL,NULL,NULL,NULL,NULL),(58,68,1,'415','2018-12-01 12:50:16','2018-12-05 14:50:56','8dddc816-5d61-4cf6-88c1-4c03625c7116',NULL,NULL,NULL,NULL,NULL,NULL,NULL,NULL,NULL,NULL,NULL,NULL,NULL,NULL,NULL,NULL,NULL,NULL,NULL,NULL,NULL,NULL,NULL,NULL,NULL,NULL,NULL,NULL,NULL,NULL,NULL,NULL,NULL,NULL,NULL,NULL,NULL,NULL,NULL,NULL,NULL,NULL,NULL,NULL,NULL,NULL,NULL),(59,69,1,'410','2018-12-01 12:50:17','2018-12-05 14:50:57','2b7fa264-3079-4c43-9c11-9a931c7beb04',NULL,NULL,NULL,NULL,NULL,NULL,NULL,NULL,NULL,NULL,NULL,NULL,NULL,NULL,NULL,NULL,NULL,NULL,NULL,NULL,NULL,NULL,NULL,NULL,NULL,NULL,NULL,NULL,NULL,NULL,NULL,NULL,NULL,NULL,NULL,NULL,NULL,NULL,NULL,NULL,NULL,NULL,NULL,NULL,NULL,NULL,NULL),(60,70,1,'405','2018-12-01 12:50:17','2018-12-05 14:50:57','dceb8acf-6a32-45cf-992f-ae7aa389468e',NULL,NULL,NULL,NULL,NULL,NULL,NULL,NULL,NULL,NULL,NULL,NULL,NULL,NULL,NULL,NULL,NULL,NULL,NULL,NULL,NULL,NULL,NULL,NULL,NULL,NULL,NULL,NULL,NULL,NULL,NULL,NULL,NULL,NULL,NULL,NULL,NULL,NULL,NULL,NULL,NULL,NULL,NULL,NULL,NULL,NULL,NULL),(61,104,1,'Guide de séjour des résidents','2018-12-03 22:19:35','2018-12-05 14:50:41','349273a8-c8cd-448c-9514-c4e8bca00dc2',NULL,NULL,NULL,NULL,NULL,NULL,NULL,NULL,NULL,NULL,NULL,NULL,NULL,NULL,NULL,NULL,NULL,NULL,NULL,NULL,NULL,NULL,NULL,NULL,NULL,NULL,NULL,NULL,NULL,NULL,NULL,NULL,NULL,NULL,NULL,NULL,NULL,NULL,NULL,NULL,NULL,NULL,NULL,NULL,NULL,NULL,NULL),(62,105,1,'Votre cadre de vie','2018-12-03 22:19:58','2018-12-05 14:50:41','158e5353-ea51-457e-af9f-6da9624cce3f',NULL,NULL,NULL,NULL,NULL,NULL,NULL,NULL,NULL,NULL,NULL,NULL,NULL,NULL,NULL,NULL,NULL,NULL,NULL,NULL,NULL,NULL,NULL,NULL,NULL,NULL,NULL,NULL,NULL,NULL,NULL,NULL,NULL,NULL,NULL,NULL,NULL,NULL,NULL,NULL,NULL,NULL,NULL,NULL,NULL,NULL,NULL),(64,107,1,'Dépliant | Maison Painchaud','2018-12-03 22:20:27','2018-12-05 14:50:41','58272e52-a4af-4b6d-be87-141fadaaa205',NULL,NULL,NULL,NULL,NULL,NULL,NULL,NULL,NULL,NULL,NULL,NULL,NULL,NULL,NULL,NULL,NULL,NULL,NULL,NULL,NULL,NULL,NULL,NULL,NULL,NULL,NULL,NULL,NULL,NULL,NULL,NULL,NULL,NULL,NULL,NULL,NULL,NULL,NULL,NULL,NULL,NULL,NULL,NULL,NULL,NULL,NULL),(65,108,1,'Maison Painchaud Admission','2018-12-03 23:35:54','2018-12-05 14:50:44','2c93aeaa-6389-4227-bef5-101d09cf5a02',NULL,NULL,NULL,NULL,NULL,NULL,NULL,NULL,NULL,NULL,NULL,NULL,NULL,NULL,NULL,NULL,NULL,NULL,NULL,NULL,NULL,NULL,NULL,NULL,NULL,NULL,NULL,NULL,NULL,NULL,NULL,NULL,NULL,NULL,NULL,NULL,NULL,NULL,NULL,NULL,NULL,NULL,NULL,NULL,NULL,NULL,NULL),(66,109,1,'Maison Painchaud Critere Admission','2018-12-04 00:05:02','2018-12-05 14:50:54','67aa56d6-186b-4ed4-8f83-e1b0c35ba14e',NULL,NULL,NULL,NULL,NULL,NULL,NULL,NULL,NULL,NULL,NULL,NULL,NULL,NULL,NULL,NULL,NULL,NULL,NULL,NULL,NULL,NULL,NULL,NULL,NULL,NULL,NULL,NULL,NULL,NULL,NULL,NULL,NULL,NULL,NULL,NULL,NULL,NULL,NULL,NULL,NULL,NULL,NULL,NULL,NULL,NULL,NULL),(67,110,1,'Maison Painchaud Career','2018-12-04 02:19:29','2018-12-05 14:50:53','cbfde853-9d1a-4327-9d40-47d7c80709a1',NULL,NULL,NULL,NULL,NULL,NULL,NULL,NULL,NULL,NULL,NULL,NULL,NULL,NULL,NULL,NULL,NULL,NULL,NULL,NULL,NULL,NULL,NULL,NULL,NULL,NULL,NULL,NULL,NULL,NULL,NULL,NULL,NULL,NULL,NULL,NULL,NULL,NULL,NULL,NULL,NULL,NULL,NULL,NULL,NULL,NULL,NULL),(68,115,1,'Intervenant(e)','2018-12-04 02:37:26','2018-12-04 04:29:39','5cab0e0b-a943-4c82-a931-7ee81b6c8fcb',NULL,NULL,NULL,NULL,NULL,NULL,NULL,NULL,NULL,NULL,NULL,NULL,NULL,NULL,NULL,NULL,NULL,NULL,NULL,NULL,NULL,NULL,'Dès que possible',1,'à discuter','40h - Temps plein','Permanent','jour, soir, fin de semaine','<ul><li>Lorem ipsum dolor sit amet, </li><li>Consectetur adipiscing elit, sed do eiusmod tempor incididunt ut labore et dolore magna aliqua. </li><li>Ut enim ad minim veniam, quis nostrud exercitation ullamco laboris nisi ut aliquip ex ea commodo consequat. </li><li>Duis aute irure dolor in reprehenderit in voluptate velit esse cillum dolore eu fugiat nulla pariatur. </li><li>Excepteur sint occaecat cupidatat non proident, sunt in culpa qui officia deserunt mollit anim id est laborum.</li></ul>','Secondaire','DES terminé','0-2 années','<ul><li>Lorem ipsum dolor sit amet,</li><li>Consectetur adipiscing elit, sed do eiusmod tempor incididunt ut labore et dolore magna aliqua.</li><li>Ut enim ad minim veniam, quis nostrud exercitation ullamco laboris nisi ut aliquip ex ea commodo consequat.</li><li>Duis aute irure dolor in reprehenderit in voluptate velit esse cillum dolore eu fugiat nulla pariatur.</li><li>Excepteur sint occaecat cupidatat non proident, sunt in culpa qui officia deserunt mollit anim id est laborum.</li></ul>','\n\n\n\n<ul><li>Lorem ipsum dolor sit amet, </li><li>Consectetur adipiscing elit, sed do eiusmod tempor incididunt ut labore et dolore magna aliqua. </li><li>Ut enim ad minim veniam, quis nostrud exercitation ullamco laboris nisi ut aliquip ex ea commodo consequat. </li><li>Duis aute irure dolor in reprehenderit in voluptate velit esse cillum dolore eu fugiat nulla pariatur. </li><li>Excepteur sint occaecat cupidatat non proident, sunt in culpa qui officia deserunt mollit anim id est laborum.</li></ul>',NULL,NULL,NULL,NULL,NULL,NULL,NULL,NULL,NULL,NULL,NULL,NULL,NULL),(69,116,1,'Organisateur(rice) communautaire','2018-12-04 02:37:55','2018-12-04 04:28:04','14b84ccf-40e9-4d3c-8589-254c27da5b2b',NULL,NULL,NULL,NULL,NULL,NULL,NULL,NULL,NULL,NULL,NULL,NULL,NULL,NULL,NULL,NULL,NULL,NULL,NULL,NULL,NULL,NULL,NULL,NULL,NULL,NULL,NULL,NULL,NULL,NULL,NULL,NULL,NULL,NULL,NULL,NULL,NULL,NULL,NULL,NULL,NULL,NULL,NULL,NULL,NULL,NULL,NULL),(70,117,1,'Maison Painchaud 00','2018-12-04 05:26:21','2018-12-05 14:50:42','28891a6c-94ec-4209-893a-60c85c3df971',NULL,NULL,NULL,NULL,NULL,NULL,NULL,NULL,NULL,NULL,NULL,NULL,NULL,NULL,NULL,NULL,NULL,NULL,NULL,NULL,NULL,NULL,NULL,NULL,NULL,NULL,NULL,NULL,NULL,NULL,NULL,NULL,NULL,NULL,NULL,NULL,NULL,NULL,NULL,NULL,NULL,NULL,NULL,NULL,NULL,NULL,NULL),(169,216,1,'Maison Painchaud Documentation','2018-12-05 15:18:22','2018-12-05 15:18:22','9827de06-11c6-47aa-8013-ce55e74e5991',NULL,NULL,NULL,NULL,NULL,NULL,NULL,NULL,NULL,NULL,NULL,NULL,NULL,NULL,NULL,NULL,NULL,NULL,NULL,NULL,NULL,NULL,NULL,NULL,NULL,NULL,NULL,NULL,NULL,NULL,NULL,NULL,NULL,NULL,NULL,NULL,NULL,NULL,NULL,NULL,NULL,NULL,NULL,NULL,NULL,NULL,NULL),(170,217,1,'Maison Painchaud Contact Us','2018-12-05 15:19:36','2018-12-05 15:19:36','d17c865f-e09c-4af5-ac98-5e02017b4fa1',NULL,NULL,NULL,NULL,NULL,NULL,NULL,NULL,NULL,NULL,NULL,NULL,NULL,NULL,NULL,NULL,NULL,NULL,NULL,NULL,NULL,NULL,NULL,NULL,NULL,NULL,NULL,NULL,NULL,NULL,NULL,NULL,NULL,NULL,NULL,NULL,NULL,NULL,NULL,NULL,NULL,NULL,NULL,NULL,NULL,NULL,NULL),(171,218,1,'Maison Painchaud Write Us','2018-12-05 15:33:38','2018-12-05 15:33:38','e88d32c8-f105-42dc-9238-4258a0674869',NULL,NULL,NULL,NULL,NULL,NULL,NULL,NULL,NULL,NULL,NULL,NULL,NULL,NULL,NULL,NULL,NULL,NULL,NULL,NULL,NULL,NULL,NULL,NULL,NULL,NULL,NULL,NULL,NULL,NULL,NULL,NULL,NULL,NULL,NULL,NULL,NULL,NULL,NULL,NULL,NULL,NULL,NULL,NULL,NULL,NULL,NULL),(172,219,1,'Activités','2018-12-05 17:05:49','2018-12-05 17:22:31','b715b72b-3aa1-437e-8477-a47fb6556111',NULL,NULL,NULL,NULL,NULL,NULL,NULL,NULL,NULL,NULL,NULL,NULL,NULL,NULL,NULL,NULL,NULL,'Calendrier des activités','<p>Fidèle à ses habitudes et convaincue que de saines activités de loisirs contribuent à un mode de vie équilibré, La Maison Painchaud offre une gamme d’activités des plus diversifiées. </p>',NULL,NULL,NULL,NULL,NULL,NULL,NULL,NULL,NULL,NULL,NULL,NULL,NULL,NULL,NULL,NULL,NULL,NULL,NULL,NULL,NULL,NULL,NULL,NULL,NULL,NULL,NULL,NULL),(173,220,1,'test','2018-12-05 17:34:26','2018-12-05 21:12:28','2736ba0a-f550-4eec-afc2-dcf240d7cef4',NULL,NULL,NULL,NULL,NULL,NULL,'2018-12-12 09:30:00',NULL,NULL,NULL,NULL,NULL,NULL,NULL,NULL,NULL,NULL,NULL,NULL,NULL,NULL,NULL,NULL,NULL,NULL,NULL,NULL,NULL,NULL,NULL,NULL,NULL,NULL,NULL,NULL,NULL,NULL,NULL,NULL,NULL,NULL,NULL,NULL,NULL,NULL,NULL,NULL),(174,221,1,'1234','2018-12-05 17:34:57','2018-12-05 21:12:29','22a12437-7d63-4ce0-ab05-1b73f61fd184',NULL,NULL,NULL,NULL,NULL,NULL,'2018-12-26 11:00:00',NULL,NULL,NULL,NULL,NULL,NULL,NULL,NULL,NULL,NULL,NULL,NULL,NULL,NULL,NULL,NULL,NULL,NULL,NULL,NULL,NULL,NULL,NULL,NULL,NULL,NULL,NULL,NULL,NULL,NULL,NULL,NULL,NULL,NULL,NULL,NULL,NULL,NULL,NULL,NULL),(175,222,1,'asdfasfd23424','2018-12-05 17:42:57','2018-12-14 08:47:04','3d40e370-cccc-4560-9410-9d4892336c37',NULL,NULL,NULL,NULL,NULL,NULL,'2018-12-25 06:30:00',NULL,NULL,NULL,NULL,NULL,NULL,NULL,NULL,NULL,NULL,NULL,NULL,NULL,NULL,NULL,NULL,NULL,NULL,NULL,NULL,NULL,NULL,NULL,NULL,NULL,NULL,NULL,NULL,NULL,NULL,NULL,NULL,NULL,NULL,NULL,NULL,NULL,NULL,NULL,NULL),(176,223,1,'003','2018-12-05 21:22:48','2018-12-05 21:22:48','dcb24f14-d00e-4edf-bd91-4b56e7b5ddb1',NULL,NULL,NULL,NULL,NULL,NULL,NULL,NULL,NULL,NULL,NULL,NULL,NULL,NULL,NULL,NULL,NULL,NULL,NULL,NULL,NULL,NULL,NULL,NULL,NULL,NULL,NULL,NULL,NULL,NULL,NULL,NULL,NULL,NULL,NULL,NULL,NULL,NULL,NULL,NULL,NULL,NULL,NULL,NULL,NULL,NULL,NULL),(177,228,1,'2000','2018-12-10 23:12:17','2018-12-10 23:12:17','a2773755-5568-429a-bdfd-9cb043c2f4f7',NULL,NULL,NULL,NULL,NULL,NULL,NULL,NULL,NULL,NULL,NULL,NULL,NULL,NULL,NULL,NULL,NULL,NULL,NULL,NULL,NULL,NULL,NULL,NULL,NULL,NULL,NULL,NULL,NULL,NULL,NULL,NULL,NULL,NULL,NULL,NULL,NULL,NULL,NULL,NULL,NULL,NULL,NULL,NULL,NULL,NULL,NULL),(275,326,1,NULL,'2019-01-05 22:40:12','2019-01-05 22:40:12','55684651-ae37-4018-88ea-b8a0a0561858',NULL,NULL,NULL,NULL,NULL,NULL,NULL,NULL,NULL,NULL,NULL,NULL,NULL,NULL,NULL,NULL,NULL,NULL,NULL,NULL,NULL,NULL,NULL,NULL,NULL,NULL,NULL,NULL,NULL,NULL,NULL,NULL,NULL,NULL,NULL,NULL,NULL,NULL,NULL,NULL,NULL,NULL,NULL,NULL,NULL,NULL,NULL),(276,327,1,NULL,'2019-01-05 22:40:37','2019-01-05 22:40:37','e4c87262-8602-4858-956d-affff84b46dd',NULL,NULL,NULL,NULL,NULL,NULL,NULL,NULL,NULL,NULL,NULL,NULL,NULL,NULL,NULL,NULL,NULL,NULL,NULL,NULL,NULL,NULL,NULL,NULL,NULL,NULL,NULL,NULL,NULL,NULL,NULL,NULL,NULL,NULL,NULL,NULL,NULL,NULL,NULL,NULL,NULL,NULL,NULL,NULL,NULL,NULL,NULL),(277,328,1,NULL,'2019-01-05 22:44:58','2019-01-05 22:44:58','87b128b4-71bf-4e1f-82b5-24ef20693f9b',NULL,NULL,NULL,NULL,NULL,NULL,NULL,NULL,NULL,NULL,NULL,NULL,NULL,NULL,NULL,NULL,NULL,NULL,NULL,NULL,NULL,NULL,NULL,NULL,NULL,NULL,NULL,NULL,NULL,NULL,NULL,NULL,NULL,NULL,NULL,NULL,NULL,NULL,NULL,NULL,NULL,NULL,NULL,NULL,NULL,NULL,NULL),(278,329,1,NULL,'2019-01-05 22:45:45','2019-01-05 22:45:45','c9f7c6d6-53bb-4252-adae-a82098807f91',NULL,NULL,NULL,NULL,NULL,NULL,NULL,NULL,NULL,NULL,NULL,NULL,NULL,NULL,NULL,NULL,NULL,NULL,NULL,NULL,NULL,NULL,NULL,NULL,NULL,NULL,NULL,NULL,NULL,NULL,NULL,NULL,NULL,NULL,NULL,NULL,NULL,NULL,NULL,NULL,NULL,NULL,NULL,NULL,NULL,NULL,NULL),(279,330,1,NULL,'2019-01-05 22:47:02','2019-01-05 22:47:02','6d21888b-9fa1-4a9d-aeb4-ae2409c058e6',NULL,NULL,NULL,NULL,NULL,NULL,NULL,NULL,NULL,NULL,NULL,NULL,NULL,NULL,NULL,NULL,NULL,NULL,NULL,NULL,NULL,NULL,NULL,NULL,NULL,NULL,NULL,NULL,NULL,NULL,NULL,NULL,NULL,NULL,NULL,NULL,NULL,NULL,NULL,NULL,NULL,NULL,NULL,NULL,NULL,NULL,NULL),(280,331,1,NULL,'2019-01-05 22:51:58','2019-01-05 22:51:58','e88fe11e-dfa3-43cb-bd85-56c16d585ca9',NULL,NULL,NULL,NULL,NULL,NULL,NULL,NULL,NULL,NULL,NULL,NULL,NULL,NULL,NULL,NULL,NULL,NULL,NULL,NULL,NULL,NULL,NULL,NULL,NULL,NULL,NULL,NULL,NULL,NULL,NULL,NULL,NULL,NULL,NULL,NULL,NULL,NULL,NULL,NULL,NULL,NULL,NULL,NULL,NULL,NULL,NULL),(281,332,1,NULL,'2019-01-07 16:44:49','2019-01-07 16:44:49','102c262b-4634-4f87-baba-22223107415e',NULL,NULL,NULL,NULL,NULL,NULL,NULL,NULL,NULL,NULL,NULL,NULL,NULL,NULL,NULL,NULL,NULL,NULL,NULL,NULL,NULL,NULL,NULL,NULL,NULL,NULL,NULL,NULL,NULL,NULL,NULL,NULL,NULL,NULL,NULL,NULL,NULL,NULL,NULL,NULL,NULL,NULL,NULL,NULL,NULL,NULL,NULL),(282,333,1,NULL,'2019-01-07 16:55:50','2019-01-07 16:55:50','6d312db2-4def-4335-9af7-523c8b02ff26',NULL,NULL,NULL,NULL,NULL,NULL,NULL,NULL,NULL,NULL,NULL,NULL,NULL,NULL,NULL,NULL,NULL,NULL,NULL,NULL,NULL,NULL,NULL,NULL,NULL,NULL,NULL,NULL,NULL,NULL,NULL,NULL,NULL,NULL,NULL,NULL,NULL,NULL,NULL,NULL,NULL,NULL,NULL,NULL,NULL,NULL,NULL),(283,334,1,NULL,'2019-01-07 17:01:55','2019-01-07 17:01:55','42e3e89e-7320-4174-88ba-789c1001c012',NULL,NULL,NULL,NULL,NULL,NULL,NULL,NULL,NULL,NULL,NULL,NULL,NULL,NULL,NULL,NULL,NULL,NULL,NULL,NULL,NULL,NULL,NULL,NULL,NULL,NULL,NULL,NULL,NULL,NULL,NULL,NULL,NULL,NULL,NULL,NULL,NULL,NULL,NULL,NULL,NULL,NULL,NULL,NULL,NULL,NULL,NULL),(284,335,1,NULL,'2019-01-07 17:04:38','2019-01-07 17:04:38','68948cd1-3fee-4ef3-92bb-0d38afde2509',NULL,NULL,NULL,NULL,NULL,NULL,NULL,NULL,NULL,NULL,NULL,NULL,NULL,NULL,NULL,NULL,NULL,NULL,NULL,NULL,NULL,NULL,NULL,NULL,NULL,NULL,NULL,NULL,NULL,NULL,NULL,NULL,NULL,NULL,NULL,NULL,NULL,NULL,NULL,NULL,NULL,NULL,NULL,NULL,NULL,NULL,NULL),(285,336,1,NULL,'2019-01-09 07:05:00','2019-01-09 07:05:00','15862373-2531-4f38-b771-3df2dedc3e30',NULL,NULL,NULL,NULL,NULL,NULL,NULL,NULL,NULL,NULL,NULL,NULL,NULL,NULL,NULL,NULL,NULL,NULL,NULL,NULL,NULL,NULL,NULL,NULL,NULL,NULL,NULL,NULL,NULL,NULL,NULL,NULL,NULL,NULL,NULL,NULL,NULL,NULL,NULL,NULL,NULL,NULL,NULL,NULL,NULL,NULL,NULL),(286,337,1,NULL,'2019-01-09 07:12:49','2019-01-09 07:12:49','ab5316ae-e65f-45fd-a354-18117b636616',NULL,NULL,NULL,NULL,NULL,NULL,NULL,NULL,NULL,NULL,NULL,NULL,NULL,NULL,NULL,NULL,NULL,NULL,NULL,NULL,NULL,NULL,NULL,NULL,NULL,NULL,NULL,NULL,NULL,NULL,NULL,NULL,NULL,NULL,NULL,NULL,NULL,NULL,NULL,NULL,NULL,NULL,NULL,NULL,NULL,NULL,NULL),(287,338,1,NULL,'2019-01-09 07:21:14','2019-01-09 07:21:14','a5f6dd16-64ad-4c13-aeb8-5cd1d395c76e',NULL,NULL,NULL,NULL,NULL,NULL,NULL,NULL,NULL,NULL,NULL,NULL,NULL,NULL,NULL,NULL,NULL,NULL,NULL,NULL,NULL,NULL,NULL,NULL,NULL,NULL,NULL,NULL,NULL,NULL,NULL,NULL,NULL,NULL,NULL,NULL,NULL,NULL,NULL,NULL,NULL,NULL,NULL,NULL,NULL,NULL,NULL),(288,339,1,NULL,'2019-01-09 07:21:44','2019-01-09 07:21:44','1bd24524-c1a6-4931-9b37-d261c86a7e8e',NULL,NULL,NULL,NULL,NULL,NULL,NULL,NULL,NULL,NULL,NULL,NULL,NULL,NULL,NULL,NULL,NULL,NULL,NULL,NULL,NULL,NULL,NULL,NULL,NULL,NULL,NULL,NULL,NULL,NULL,NULL,NULL,NULL,NULL,NULL,NULL,NULL,NULL,NULL,NULL,NULL,NULL,NULL,NULL,NULL,NULL,NULL),(289,340,1,NULL,'2019-01-09 07:22:20','2019-01-09 07:22:20','43f4f4a0-5f7e-417d-bfae-9b393f2d0779',NULL,NULL,NULL,NULL,NULL,NULL,NULL,NULL,NULL,NULL,NULL,NULL,NULL,NULL,NULL,NULL,NULL,NULL,NULL,NULL,NULL,NULL,NULL,NULL,NULL,NULL,NULL,NULL,NULL,NULL,NULL,NULL,NULL,NULL,NULL,NULL,NULL,NULL,NULL,NULL,NULL,NULL,NULL,NULL,NULL,NULL,NULL),(290,341,1,NULL,'2019-01-09 07:24:40','2019-01-09 07:24:40','f7e885be-de83-449f-a683-458059b5ff33',NULL,NULL,NULL,NULL,NULL,NULL,NULL,NULL,NULL,NULL,NULL,NULL,NULL,NULL,NULL,NULL,NULL,NULL,NULL,NULL,NULL,NULL,NULL,NULL,NULL,NULL,NULL,NULL,NULL,NULL,NULL,NULL,NULL,NULL,NULL,NULL,NULL,NULL,NULL,NULL,NULL,NULL,NULL,NULL,NULL,NULL,NULL),(291,342,1,'Partenaires','2019-07-04 16:47:42','2019-07-04 17:22:53','afcba90c-2e32-4cb5-935b-23def447ec39',NULL,NULL,NULL,NULL,NULL,NULL,NULL,NULL,NULL,NULL,NULL,NULL,NULL,NULL,NULL,NULL,NULL,NULL,NULL,NULL,NULL,NULL,NULL,NULL,NULL,NULL,NULL,NULL,NULL,NULL,NULL,NULL,NULL,NULL,NULL,NULL,NULL,NULL,NULL,NULL,NULL,NULL,NULL,NULL,NULL,NULL,NULL),(292,343,1,'Partenaires','2019-07-04 16:55:42','2019-07-04 16:55:42','4312a671-67f3-49f4-abb3-37442705cc10','{\"ariaLabel\":null,\"customText\":null,\"target\":null,\"title\":null,\"type\":\"entry\",\"value\":\"342\"}',NULL,NULL,NULL,NULL,NULL,NULL,NULL,NULL,NULL,NULL,NULL,NULL,NULL,NULL,NULL,NULL,NULL,NULL,NULL,NULL,NULL,NULL,NULL,NULL,NULL,NULL,NULL,NULL,NULL,NULL,NULL,NULL,NULL,NULL,NULL,NULL,NULL,NULL,NULL,NULL,NULL,NULL,NULL,NULL,NULL,NULL);
/*!40000 ALTER TABLE `content` ENABLE KEYS */;
UNLOCK TABLES;
commit;

--
-- Dumping data for table `craftidtokens`
--

LOCK TABLES `craftidtokens` WRITE;
/*!40000 ALTER TABLE `craftidtokens` DISABLE KEYS */;
set autocommit=0;
/*!40000 ALTER TABLE `craftidtokens` ENABLE KEYS */;
UNLOCK TABLES;
commit;

--
-- Dumping data for table `deprecationerrors`
--

LOCK TABLES `deprecationerrors` WRITE;
/*!40000 ALTER TABLE `deprecationerrors` DISABLE KEYS */;
set autocommit=0;
/*!40000 ALTER TABLE `deprecationerrors` ENABLE KEYS */;
UNLOCK TABLES;
commit;

--
-- Dumping data for table `elementindexsettings`
--

LOCK TABLES `elementindexsettings` WRITE;
/*!40000 ALTER TABLE `elementindexsettings` DISABLE KEYS */;
set autocommit=0;
INSERT INTO `elementindexsettings` VALUES (1,'craft\\elements\\Entry','{\"sourceOrder\":[[\"key\",\"*\"],[\"key\",\"singles\"],[\"heading\",\"Structures\"],[\"key\",\"section:2b25c7a9-c9d3-4826-910e-5efce4ef17aa\"],[\"key\",\"section:7e44e799-052a-4846-83b8-6d68f359b15e\"],[\"key\",\"section:dbb2ace7-c57b-4848-b6e5-16c7c15cc757\"],[\"heading\",\"\"],[\"key\",\"section:631be873-0b20-419a-9f4a-57fdafdbf662\"],[\"key\",\"section:2368e738-77e3-48af-ad89-7d6c9145730f\"]],\"sources\":{\"section:dbb2ace7-c57b-4848-b6e5-16c7c15cc757\":{\"tableAttributes\":{\"1\":\"postDate\",\"2\":\"expiryDate\",\"3\":\"link\"}},\"section:2b25c7a9-c9d3-4826-910e-5efce4ef17aa\":{\"tableAttributes\":{\"1\":\"postDate\",\"2\":\"expiryDate\",\"3\":\"link\",\"4\":\"field:23\"}}}}','2018-12-05 19:06:11','2018-12-05 19:06:11','7cc8cbad-48a6-4f8a-8bcc-00c604a42307'),(2,'rias\\contactformextensions\\elements\\ContactFormSubmission','{\"sources\":{\"contact\":{\"tableAttributes\":{\"1\":\"subject\",\"2\":\"form\",\"3\":\"fromName\",\"4\":\"fromEmail\",\"5\":\"message\",\"6\":\"dateCreated\"}}},\"sourceOrder\":[[\"key\",\"*\"],[\"key\",\"contact\"],[\"heading\",\"acsd23\"]]}','2019-01-05 23:27:14','2019-01-05 23:27:14','e5ca0e42-fe09-4a47-a157-9cf0fecb5730');
/*!40000 ALTER TABLE `elementindexsettings` ENABLE KEYS */;
UNLOCK TABLES;
commit;

--
-- Dumping data for table `elements`
--

LOCK TABLES `elements` WRITE;
/*!40000 ALTER TABLE `elements` DISABLE KEYS */;
set autocommit=0;
INSERT INTO `elements` VALUES (1,NULL,'craft\\elements\\User',1,0,'2018-10-14 21:15:05','2018-10-14 21:15:05',NULL,'195bee45-17d9-476f-a789-8f266625d9e0'),(2,1,'craft\\elements\\Entry',1,0,'2018-11-27 21:36:10','2018-12-14 10:52:44',NULL,'b1f2e53f-b5ce-4438-ac9f-9094bc3d35eb'),(9,15,'craft\\elements\\Entry',1,0,'2018-11-28 00:45:37','2018-12-04 02:22:15',NULL,'6b8ac53f-c0e9-4159-949b-37477c3aa41b'),(10,14,'craft\\elements\\Entry',1,0,'2018-11-28 00:46:12','2018-12-10 23:12:31',NULL,'82346794-139f-49cd-be67-4aa8ce5b28a5'),(11,16,'craft\\elements\\Entry',1,0,'2018-11-28 00:49:29','2018-12-04 02:32:24',NULL,'06fc21b3-5cf1-4e1f-9faf-e5e94b8aefa3'),(12,18,'craft\\elements\\Entry',1,0,'2018-11-28 00:50:58','2018-12-10 20:26:24',NULL,'795bd53e-9009-4606-b5dd-c47327d6385e'),(13,19,'craft\\elements\\Entry',1,0,'2018-11-28 00:51:18','2018-12-05 15:19:39',NULL,'44cedc4d-22c7-48fd-ac22-4edd52c292e0'),(14,12,'craft\\elements\\Entry',1,0,'2018-11-28 00:57:50','2018-12-05 21:12:32',NULL,'913d0ea5-8f5c-48ad-8560-2bec61c2f8c7'),(15,13,'craft\\elements\\Entry',1,0,'2018-11-28 00:58:59','2018-12-14 08:30:55',NULL,'923e1516-b111-4a43-a01f-b3ed66d23997'),(16,13,'craft\\elements\\Entry',1,0,'2018-11-28 00:59:23','2018-12-14 08:30:39',NULL,'be578ba1-01e5-4ced-88f6-e35cee7577e5'),(17,13,'craft\\elements\\Entry',1,0,'2018-11-28 00:59:41','2018-12-14 08:30:40',NULL,'bd505274-0391-41e0-92c6-51db2369cc45'),(18,20,'craft\\elements\\Entry',1,0,'2018-11-28 01:09:19','2018-11-28 01:09:23',NULL,'e0abe46a-b4bd-44c0-89fb-592e17df8a9c'),(19,20,'craft\\elements\\Entry',1,0,'2018-11-28 01:09:58','2018-11-28 01:11:13',NULL,'f84975e1-c923-493b-a661-6c729d8a0fd5'),(20,20,'craft\\elements\\Entry',1,0,'2018-11-28 01:11:46','2018-12-10 21:44:00',NULL,'6d160900-ddb3-47b8-aa65-eedd3acb8453'),(21,20,'craft\\elements\\Entry',1,0,'2018-11-28 01:13:50','2018-11-28 01:13:57',NULL,'6af458d1-b363-421b-9781-16111114a750'),(22,20,'craft\\elements\\Entry',1,0,'2018-11-28 01:18:29','2018-11-28 01:18:29',NULL,'974dae34-a546-46bd-a0a0-eecd1312e53b'),(23,20,'craft\\elements\\Entry',1,0,'2018-11-28 01:19:05','2018-11-28 01:19:05',NULL,'fe45297f-97a1-429d-b770-73265b20a72c'),(24,20,'craft\\elements\\Entry',1,0,'2018-11-28 01:19:20','2018-11-28 01:19:20',NULL,'ff1d95a3-fa3f-4a06-ad69-73179f3eb21a'),(25,21,'craft\\elements\\Entry',1,0,'2018-11-28 01:19:56','2018-11-28 01:19:56',NULL,'004f3036-748c-47aa-bd6f-8cd36d12de70'),(26,21,'craft\\elements\\Entry',1,0,'2018-11-28 01:20:11','2018-11-28 01:20:11',NULL,'0afe793b-1ee0-4fbb-aab7-0976f016f76e'),(27,21,'craft\\elements\\Entry',1,0,'2018-11-28 01:20:26','2018-11-28 01:20:26',NULL,'6a868bec-effa-44fd-9325-326e44b8cec0'),(29,22,'craft\\elements\\Asset',1,0,'2018-11-28 02:35:06','2018-12-05 14:50:41',NULL,'58760f4d-d455-49c1-9fb4-f589f1364c7c'),(30,22,'craft\\elements\\Asset',1,0,'2018-11-28 03:27:12','2018-12-05 14:50:41',NULL,'6e1a59ab-8738-478f-b4cb-711cda3e37a3'),(31,22,'craft\\elements\\Asset',1,0,'2018-11-28 04:40:10','2018-12-05 14:50:43',NULL,'ce441e5f-1801-4aec-9368-36c1d28c684e'),(32,22,'craft\\elements\\Asset',1,0,'2018-11-28 05:16:18','2018-12-05 14:50:54',NULL,'69671a5d-6d3a-43dc-b19d-1c5a3cc40442'),(33,22,'craft\\elements\\Asset',1,0,'2018-11-28 05:24:41','2018-12-05 14:50:42',NULL,'42ac236d-9353-4ab8-a5a4-ad24fe1d24a7'),(34,22,'craft\\elements\\Asset',1,0,'2018-11-28 05:37:46','2018-12-05 14:50:43',NULL,'3cd759f6-fdcd-4758-8700-ce1b41c77951'),(35,22,'craft\\elements\\Asset',1,0,'2018-11-28 05:39:52','2018-12-05 14:50:42',NULL,'e5d13047-9b98-4f13-9603-662292426792'),(36,22,'craft\\elements\\Asset',1,0,'2018-11-28 05:41:06','2018-12-05 14:50:43',NULL,'53ca0692-6f06-471e-996f-c00bc065feb6'),(37,22,'craft\\elements\\Asset',1,0,'2018-11-28 06:18:45','2018-12-05 14:50:51',NULL,'d365fe3d-e6b9-4211-a7da-4e037634ee70'),(38,22,'craft\\elements\\Asset',1,0,'2018-11-28 06:24:15','2018-12-05 14:50:57',NULL,'ac941e10-1fc3-406a-ae3d-0bac717c52f4'),(39,23,'craft\\elements\\Category',1,0,'2018-11-28 06:38:34','2018-12-05 19:32:58',NULL,'26211427-8f52-4f00-98ee-d3f6a10790c2'),(40,23,'craft\\elements\\Category',1,0,'2018-11-28 06:38:50','2018-11-28 06:38:57',NULL,'1b64e346-8e77-4ee8-b825-5835d013e8ef'),(41,23,'craft\\elements\\Category',1,0,'2018-11-28 06:39:03','2018-11-28 06:39:03',NULL,'4748835e-4691-4452-a533-8e754ee212b5'),(42,23,'craft\\elements\\Category',1,0,'2018-11-28 06:39:11','2018-11-28 06:39:11',NULL,'ee35df3c-3662-4311-83ae-0aaa1082214f'),(43,12,'craft\\elements\\Entry',1,0,'2018-11-28 07:10:31','2018-12-05 21:12:28',NULL,'5689b44b-cf59-4f6d-a27f-029df70a6765'),(44,22,'craft\\elements\\Asset',1,0,'2018-11-30 14:19:03','2018-12-05 14:50:52',NULL,'b1211265-404f-4e4b-a00e-7558df2e03b8'),(45,22,'craft\\elements\\Asset',1,0,'2018-11-30 14:19:03','2019-07-04 17:10:37',NULL,'eab48077-9046-4092-a08c-27eac15936e3'),(46,22,'craft\\elements\\Asset',1,0,'2018-11-30 14:19:03','2018-12-05 14:50:45',NULL,'5b994835-b194-4663-b731-679222e193a1'),(47,22,'craft\\elements\\Asset',1,0,'2018-11-30 14:19:04','2018-12-05 14:50:44',NULL,'ff3754e1-a8a4-4988-ae55-c6a4b5fe7a50'),(48,24,'craft\\elements\\MatrixBlock',1,0,'2018-11-30 14:19:22','2018-12-14 10:52:45',NULL,'36250d7c-5479-4036-bbd3-2efebc312c5d'),(49,24,'craft\\elements\\MatrixBlock',1,0,'2018-11-30 14:19:22','2018-12-14 10:52:45',NULL,'25135c6c-7f90-44b3-a283-1f86aec020b8'),(50,24,'craft\\elements\\MatrixBlock',1,0,'2018-11-30 14:19:22','2018-12-14 10:52:45',NULL,'2615f8a8-8287-4571-b148-4293ef38b94b'),(51,24,'craft\\elements\\MatrixBlock',1,0,'2018-11-30 14:19:22','2018-12-14 10:52:45',NULL,'a7917d7d-3cdb-4511-846a-2c86e3499f4b'),(52,22,'craft\\elements\\Asset',1,0,'2018-11-30 15:46:19','2019-07-04 17:10:41',NULL,'97f1f316-d4fd-4416-87f9-482d87a141c1'),(53,22,'craft\\elements\\Asset',1,0,'2018-11-30 15:46:20','2019-07-04 17:10:44',NULL,'b2c0f1c6-38e9-4806-bdb8-c9ecad33f5ba'),(54,22,'craft\\elements\\Asset',1,0,'2018-11-30 15:46:20','2018-12-05 14:50:51',NULL,'a47a1933-70a7-46a9-b4be-70e07bfffdca'),(55,22,'craft\\elements\\Asset',1,0,'2018-11-30 15:46:20','2019-07-04 17:10:49',NULL,'eb44a2fc-e6cf-4f76-be7b-5f25c4e95df8'),(57,25,'craft\\elements\\GlobalSet',1,0,'2018-11-30 16:34:32','2019-01-08 03:11:34',NULL,'3b82ae49-4d59-48e0-87a8-950cf08fdd5b'),(58,22,'craft\\elements\\Asset',1,0,'2018-12-01 03:34:35','2018-12-05 14:50:43',NULL,'da93d3ac-4fda-4479-bba9-eb4d9916953a'),(59,22,'craft\\elements\\Asset',1,0,'2018-12-01 03:41:37','2018-12-05 14:50:41',NULL,'24f214ba-fd04-4ec9-b52a-8dd4fd856e5d'),(61,26,'craft\\elements\\MatrixBlock',1,0,'2018-12-01 05:17:36','2018-12-10 23:12:31',NULL,'2bcfa42c-a167-4659-ac1f-0bc0522f2c41'),(62,26,'craft\\elements\\MatrixBlock',1,0,'2018-12-01 05:58:56','2018-12-10 23:12:31',NULL,'bb1f8976-4e4a-4099-bdda-41e02f62141e'),(63,26,'craft\\elements\\MatrixBlock',1,0,'2018-12-01 05:59:17','2018-12-10 23:12:31',NULL,'2f30bb1b-24c0-4739-b1c9-84d13b8e9996'),(64,26,'craft\\elements\\MatrixBlock',1,0,'2018-12-01 06:28:44','2018-12-10 23:12:32',NULL,'aac21956-3ca4-4ba6-9a66-4e8d67c0305e'),(65,22,'craft\\elements\\Asset',1,0,'2018-12-01 12:50:16','2018-12-05 14:50:55',NULL,'06ebc34b-8e8a-4fa7-b65b-2cf5b4ea3cec'),(66,22,'craft\\elements\\Asset',1,0,'2018-12-01 12:50:16','2018-12-05 14:50:56',NULL,'c3a530b4-eb2a-4f56-8612-2b9e822bbdab'),(67,22,'craft\\elements\\Asset',1,0,'2018-12-01 12:50:16','2018-12-05 14:50:56',NULL,'88276b69-c464-4d5b-bc6d-ee543595b6f2'),(68,22,'craft\\elements\\Asset',1,0,'2018-12-01 12:50:16','2018-12-05 14:50:56',NULL,'e3d71481-62b5-4d36-b282-37ced2784851'),(69,22,'craft\\elements\\Asset',1,0,'2018-12-01 12:50:17','2018-12-05 14:50:57',NULL,'9d10cf4c-1c16-4f30-996e-fc9aae9d63ce'),(70,22,'craft\\elements\\Asset',1,0,'2018-12-01 12:50:17','2018-12-05 14:50:57',NULL,'0eb0a8c0-14e1-498b-8775-1582f29d8dbf'),(71,8,'craft\\elements\\MatrixBlock',1,0,'2018-12-01 13:44:52','2018-12-03 21:13:03',NULL,'c32f531f-bc6c-40ec-b892-c4fedb1cd74a'),(72,9,'verbb\\supertable\\elements\\SuperTableBlockElement',1,0,'2018-12-01 13:44:52','2018-12-03 21:13:03',NULL,'34d7e4ff-f479-48d5-81c0-0e897496a364'),(74,9,'verbb\\supertable\\elements\\SuperTableBlockElement',1,0,'2018-12-01 13:44:52','2018-12-03 21:13:04',NULL,'929d6028-9f1f-428d-9fb6-419e3ab41673'),(75,9,'verbb\\supertable\\elements\\SuperTableBlockElement',1,0,'2018-12-01 13:45:29','2018-12-03 21:13:04',NULL,'b4a30ebd-90e5-4b46-a971-244c7b9f91a4'),(76,10,'craft\\elements\\MatrixBlock',1,0,'2018-12-01 13:46:40','2018-12-03 21:13:04',NULL,'42f798b3-e861-4991-9cf0-a5a90fd0e5e2'),(77,8,'craft\\elements\\MatrixBlock',1,0,'2018-12-01 14:03:08','2018-12-03 21:58:04',NULL,'32fe7308-d8e9-4fb9-89f4-8ce08d7cf7fb'),(78,9,'verbb\\supertable\\elements\\SuperTableBlockElement',1,0,'2018-12-01 14:03:08','2018-12-03 21:58:04',NULL,'4f96ab09-c247-4a47-9656-75811b2f79c8'),(79,11,'craft\\elements\\MatrixBlock',1,0,'2018-12-01 14:03:08','2018-12-03 21:58:04',NULL,'5f0d5ecf-2387-44df-be07-8530b7e58292'),(80,10,'craft\\elements\\MatrixBlock',1,0,'2018-12-01 14:03:08','2018-12-03 21:58:04',NULL,'1e0e93e1-6446-482f-a4d8-f0b601771260'),(81,10,'craft\\elements\\MatrixBlock',1,0,'2018-12-01 14:03:08','2018-12-03 21:58:04',NULL,'17f40f1c-aa21-4a3b-ac2e-d391600b0876'),(82,10,'craft\\elements\\MatrixBlock',1,0,'2018-12-01 14:03:08','2018-12-03 21:58:04',NULL,'5415d188-dc43-4fc2-be5f-d15ab41dce94'),(83,10,'craft\\elements\\MatrixBlock',1,0,'2018-12-01 14:03:08','2018-12-03 21:58:04',NULL,'1b376c32-62a7-47c2-9726-6824f1bf8f41'),(84,10,'craft\\elements\\MatrixBlock',1,0,'2018-12-01 14:03:08','2018-12-03 21:58:04',NULL,'ed25f90a-4681-4a10-bdf2-7d1a23ba5734'),(85,9,'verbb\\supertable\\elements\\SuperTableBlockElement',1,0,'2018-12-01 14:47:05','2018-12-03 21:58:04',NULL,'e7aeb6f0-c34d-49ca-a3ac-99a590b384cc'),(86,9,'verbb\\supertable\\elements\\SuperTableBlockElement',1,0,'2018-12-01 14:47:05','2018-12-03 21:58:04',NULL,'40bccbd8-577e-4918-8c50-2d887cdf1f0a'),(87,10,'craft\\elements\\MatrixBlock',1,0,'2018-12-01 15:19:48','2018-12-03 21:58:04',NULL,'3da81cb0-bf35-4d32-b496-ef7a4818622c'),(88,29,'verbb\\supertable\\elements\\SuperTableBlockElement',1,0,'2018-12-03 21:26:11','2018-12-14 08:30:40',NULL,'673bb322-8ff9-45cc-a412-b3bf85125856'),(90,29,'verbb\\supertable\\elements\\SuperTableBlockElement',1,0,'2018-12-03 21:54:33','2018-12-14 08:30:40',NULL,'634cc0d9-261c-4b70-9cc2-574e08d1839e'),(91,29,'verbb\\supertable\\elements\\SuperTableBlockElement',1,0,'2018-12-03 21:54:33','2018-12-14 08:30:40',NULL,'50c430ed-37a6-471e-a035-ebfd0669e9fd'),(92,29,'verbb\\supertable\\elements\\SuperTableBlockElement',1,0,'2018-12-03 21:54:33','2018-12-14 08:30:40',NULL,'89cca1be-e151-41ad-9d8c-dcd705bbfd6e'),(93,29,'verbb\\supertable\\elements\\SuperTableBlockElement',1,0,'2018-12-03 21:54:33','2018-12-14 08:30:41',NULL,'c1971171-3709-4c39-9aec-3fc0953df575'),(94,29,'verbb\\supertable\\elements\\SuperTableBlockElement',1,0,'2018-12-03 21:54:33','2018-12-14 08:30:41',NULL,'d42da28a-0939-4238-a689-c987f1c6001a'),(95,29,'verbb\\supertable\\elements\\SuperTableBlockElement',1,0,'2018-12-03 21:54:33','2018-12-14 08:30:41',NULL,'e9ddf4a6-7f0b-4fde-90fa-9e71730f83c3'),(96,29,'verbb\\supertable\\elements\\SuperTableBlockElement',1,0,'2018-12-03 21:54:33','2018-12-14 08:30:41',NULL,'aed0c4fc-8da3-4efc-8ea1-cb5d2e537790'),(97,29,'verbb\\supertable\\elements\\SuperTableBlockElement',1,0,'2018-12-03 21:54:33','2018-12-14 08:30:41',NULL,'05d549ab-00dc-4942-8c67-fbd65ce73d1d'),(98,28,'craft\\elements\\MatrixBlock',1,0,'2018-12-03 21:56:37','2018-12-14 08:30:41',NULL,'a977687e-c170-4b9b-b123-c6d0b6351fe8'),(99,27,'craft\\elements\\MatrixBlock',1,0,'2018-12-03 22:04:02','2018-12-14 08:30:42',NULL,'076c7816-01d5-4520-a389-f936fe02496b'),(100,27,'craft\\elements\\MatrixBlock',1,0,'2018-12-03 22:04:02','2018-12-14 08:30:42',NULL,'4ee164a1-5772-4e9f-9409-f2f5b54048e2'),(101,27,'craft\\elements\\MatrixBlock',1,0,'2018-12-03 22:04:02','2018-12-14 08:30:42',NULL,'f7b8f573-7386-43f4-a56d-b0767f0235b9'),(102,27,'craft\\elements\\MatrixBlock',1,0,'2018-12-03 22:04:02','2018-12-14 08:30:42',NULL,'c24b25b6-53bb-4f2a-b204-0423ecabe575'),(103,27,'craft\\elements\\MatrixBlock',1,0,'2018-12-03 22:04:03','2018-12-14 08:30:43',NULL,'730ba167-ad18-4b88-8f06-797a952d719d'),(104,4,'craft\\elements\\Asset',1,0,'2018-12-03 22:19:35','2018-12-05 14:50:41',NULL,'d805e251-48a2-4159-878b-ec27e41a2579'),(105,4,'craft\\elements\\Asset',1,0,'2018-12-03 22:19:58','2018-12-05 14:50:41',NULL,'5700a327-dc1d-43dd-b5ee-874cbce7611b'),(107,4,'craft\\elements\\Asset',1,0,'2018-12-03 22:20:27','2018-12-05 14:50:41',NULL,'328367b1-a495-49b5-86a4-c8a23c07aaa5'),(108,22,'craft\\elements\\Asset',1,0,'2018-12-03 23:35:54','2018-12-05 14:50:44',NULL,'bda28be8-8904-4e3d-bdf6-e4413f23505c'),(109,22,'craft\\elements\\Asset',1,0,'2018-12-04 00:05:02','2018-12-05 14:50:54',NULL,'30a208b8-0344-4a54-adcc-083f7f2203ec'),(110,22,'craft\\elements\\Asset',1,0,'2018-12-04 02:19:29','2018-12-05 14:50:53',NULL,'33405cf8-d547-4bf5-828d-3c09ac017047'),(111,29,'verbb\\supertable\\elements\\SuperTableBlockElement',1,0,'2018-12-04 02:29:07','2018-12-04 02:32:24',NULL,'f7dad904-7889-410d-903b-1fc399985615'),(112,29,'verbb\\supertable\\elements\\SuperTableBlockElement',1,0,'2018-12-04 02:29:07','2018-12-04 02:32:24',NULL,'037b7dbd-ae62-428f-a8f2-f9173bd90b5d'),(113,29,'verbb\\supertable\\elements\\SuperTableBlockElement',1,0,'2018-12-04 02:29:07','2018-12-04 02:32:24',NULL,'69690204-a6ca-4e2c-9035-f1666b340088'),(114,29,'verbb\\supertable\\elements\\SuperTableBlockElement',1,0,'2018-12-04 02:29:07','2018-12-04 02:32:24',NULL,'1d06e942-a4c5-4665-a687-53721898a7f2'),(115,17,'craft\\elements\\Entry',1,0,'2018-12-04 02:37:26','2018-12-04 04:29:39',NULL,'efbebd54-4ee6-46fa-adea-1b432e426c87'),(116,17,'craft\\elements\\Entry',1,0,'2018-12-04 02:37:55','2018-12-04 04:28:04',NULL,'79ce5750-40f7-433a-b98b-590f4eb2de24'),(117,22,'craft\\elements\\Asset',1,0,'2018-12-04 05:26:21','2018-12-05 14:50:42',NULL,'184c9b30-d5e5-4ce3-97a8-2c0c350be89d'),(216,22,'craft\\elements\\Asset',1,0,'2018-12-05 15:18:22','2018-12-05 15:18:22',NULL,'5e585b0f-567a-4e8b-bd7f-11cdf2394183'),(217,22,'craft\\elements\\Asset',1,0,'2018-12-05 15:19:36','2018-12-05 15:19:36',NULL,'1ac395c0-a70b-404e-b485-9040979a2170'),(218,22,'craft\\elements\\Asset',1,0,'2018-12-05 15:33:38','2018-12-05 15:33:38',NULL,'0e2764ec-0377-4483-ba40-9d946c81a8c9'),(219,30,'craft\\elements\\Entry',1,0,'2018-12-05 17:05:49','2018-12-05 17:22:31',NULL,'8ece101f-16df-448a-8ac2-b235ece03c19'),(220,12,'craft\\elements\\Entry',1,0,'2018-12-05 17:34:26','2018-12-05 21:12:28',NULL,'daed00ea-055c-44f8-a805-6f1e61e98eae'),(221,12,'craft\\elements\\Entry',1,0,'2018-12-05 17:34:57','2018-12-05 21:12:29',NULL,'981e867e-2a08-4701-9987-3c878eb84ad8'),(222,12,'craft\\elements\\Entry',1,0,'2018-12-05 17:42:57','2018-12-14 08:47:04',NULL,'e45fdf00-2938-4eb6-ac9a-47e054dcfc71'),(223,22,'craft\\elements\\Asset',1,0,'2018-12-05 21:22:48','2018-12-05 21:22:48',NULL,'a11cc107-5afc-4421-8e33-f4aafbe14699'),(224,31,'craft\\elements\\MatrixBlock',1,0,'2018-12-10 20:18:06','2018-12-10 20:26:24',NULL,'6064233c-1df5-4bb5-acf1-2a47185770e1'),(225,31,'craft\\elements\\MatrixBlock',1,0,'2018-12-10 20:18:06','2018-12-10 20:26:24',NULL,'9019a65a-0d8b-4f26-8a10-255a47f9092c'),(226,31,'craft\\elements\\MatrixBlock',1,0,'2018-12-10 20:21:51','2018-12-10 20:26:24',NULL,'c02de4a9-dd42-4493-bfd4-335df9c4078e'),(227,31,'craft\\elements\\MatrixBlock',1,0,'2018-12-10 20:21:51','2018-12-10 20:26:24',NULL,'18970214-5745-49bd-9dc0-c66adc3f0e75'),(228,22,'craft\\elements\\Asset',1,0,'2018-12-10 23:12:17','2018-12-10 23:12:17',NULL,'ed49a853-b367-4027-a281-0d1bb6936723'),(326,NULL,'rias\\contactformextensions\\elements\\ContactFormSubmission',1,0,'2019-01-05 22:40:12','2019-01-05 22:40:12',NULL,'0677f616-ff68-4830-a787-91591b615ae7'),(327,NULL,'rias\\contactformextensions\\elements\\ContactFormSubmission',1,0,'2019-01-05 22:40:37','2019-01-05 22:40:37',NULL,'e30e9eb5-7143-48d5-a8f0-aec17457af34'),(328,NULL,'rias\\contactformextensions\\elements\\ContactFormSubmission',1,0,'2019-01-05 22:44:58','2019-01-05 22:44:58',NULL,'dab241fa-d9df-44d9-aa5c-e6095dcd1330'),(329,NULL,'rias\\contactformextensions\\elements\\ContactFormSubmission',1,0,'2019-01-05 22:45:45','2019-01-05 22:45:45',NULL,'d5cb1808-06a3-41b4-a2c9-5b1f366e709e'),(330,NULL,'rias\\contactformextensions\\elements\\ContactFormSubmission',1,0,'2019-01-05 22:47:02','2019-01-05 22:47:02',NULL,'0d47a6a4-35c4-4d4f-9575-d050f787f0ff'),(331,NULL,'rias\\contactformextensions\\elements\\ContactFormSubmission',1,0,'2019-01-05 22:51:58','2019-01-05 22:51:58',NULL,'86bce211-8b1f-40d1-b506-c9f435570a5f'),(332,NULL,'rias\\contactformextensions\\elements\\ContactFormSubmission',1,0,'2019-01-07 16:44:49','2019-01-07 16:44:49',NULL,'d22cd3d4-9fcc-47e1-9137-b256cd36521f'),(333,NULL,'rias\\contactformextensions\\elements\\ContactFormSubmission',1,0,'2019-01-07 16:55:50','2019-01-07 16:55:50',NULL,'53323f81-62ae-4ffe-9b0f-cd6d4a1d41a6'),(334,NULL,'rias\\contactformextensions\\elements\\ContactFormSubmission',1,0,'2019-01-07 17:01:55','2019-01-07 17:01:55',NULL,'19a6a60b-a5e7-412b-8e98-37ab023b0d0e'),(335,NULL,'rias\\contactformextensions\\elements\\ContactFormSubmission',1,0,'2019-01-07 17:04:38','2019-01-07 17:04:38',NULL,'fd3cf5bb-fb80-4305-b045-edf0d00e9474'),(336,NULL,'rias\\contactformextensions\\elements\\ContactFormSubmission',1,0,'2019-01-09 07:05:00','2019-01-09 07:05:00',NULL,'afaaeb80-abed-4a3c-80c7-7b8eaad572f5'),(337,NULL,'rias\\contactformextensions\\elements\\ContactFormSubmission',1,0,'2019-01-09 07:12:49','2019-01-09 07:12:49',NULL,'ec8a4de7-63db-4309-8c82-bc2b156d2bbb'),(338,NULL,'rias\\contactformextensions\\elements\\ContactFormSubmission',1,0,'2019-01-09 07:21:14','2019-01-09 07:21:14',NULL,'8efd9b2d-e31e-4b9f-bf83-8c0e345f2a3b'),(339,NULL,'rias\\contactformextensions\\elements\\ContactFormSubmission',1,0,'2019-01-09 07:21:44','2019-01-09 07:21:44',NULL,'5fa7cbed-f851-4d17-af18-5b9aec743e0c'),(340,NULL,'rias\\contactformextensions\\elements\\ContactFormSubmission',1,0,'2019-01-09 07:22:20','2019-01-09 07:22:20',NULL,'41ca5a49-a8fa-47a4-ae7a-fdc0f19550dd'),(341,NULL,'rias\\contactformextensions\\elements\\ContactFormSubmission',1,0,'2019-01-09 07:24:40','2019-01-09 07:24:40',NULL,'5945e41a-15db-4e1d-a6b1-c63617fb25bf'),(342,32,'craft\\elements\\Entry',1,0,'2019-07-04 16:47:42','2019-07-04 17:22:53',NULL,'83ee1c00-2075-4e25-9d92-50e767924ba6'),(343,21,'craft\\elements\\Entry',1,0,'2019-07-04 16:55:42','2019-07-04 16:55:42',NULL,'763e24fa-b758-4594-8a3d-7dd04795e01a');
/*!40000 ALTER TABLE `elements` ENABLE KEYS */;
UNLOCK TABLES;
commit;

--
-- Dumping data for table `elements_sites`
--

LOCK TABLES `elements_sites` WRITE;
/*!40000 ALTER TABLE `elements_sites` DISABLE KEYS */;
set autocommit=0;
INSERT INTO `elements_sites` VALUES (1,1,1,NULL,NULL,1,'2018-10-14 21:15:05','2018-10-14 21:15:05','a65fecdc-0b5f-4ee1-a33f-f444da5a20e2'),(2,2,1,'accueil','__home__',1,'2018-11-27 21:36:10','2018-12-14 10:52:44','3e51c92f-a2ba-4706-a34a-815016db6453'),(9,9,1,'critères-dadmission','criteres-dadmission',1,'2018-11-28 00:45:37','2018-12-04 02:22:15','3de85bf6-c7f2-4e94-8e8c-92498cd6b976'),(10,10,1,'à-propos','a-propos',1,'2018-11-28 00:46:12','2018-12-10 23:12:31','65ba8b6e-c405-43d5-828b-b5490df0b981'),(11,11,1,'carrières','carrieres',1,'2018-11-28 00:49:29','2018-12-04 02:32:24','60099d2f-4215-49f6-8a88-cc80987d987e'),(12,12,1,'documentation','documentation',1,'2018-11-28 00:50:58','2018-12-10 20:26:24','b590bc44-2f53-48d6-95ec-699b19e6472f'),(13,13,1,'nous-joindre','nous-joindre',1,'2018-11-28 00:51:18','2018-12-05 15:19:39','f4469f2f-37bb-4697-be85-255d16e1341a'),(14,14,1,'test','activites/creation/test',1,'2018-11-28 00:57:50','2018-12-05 21:12:32','50950fe6-8c85-4dbf-8c81-e7efd00f4175'),(15,15,1,'réinsertion-sociale','programmaton-services/réinsertion-sociale',1,'2018-11-28 00:58:59','2018-12-14 08:30:55','7e70b639-6a95-4dc1-ba1e-da0c38f3e44e'),(16,16,1,'surveillance-en-milieu-ouvert','programmaton-services/surveillance-en-milieu-ouvert',1,'2018-11-28 00:59:23','2018-12-14 08:30:40','caf5e532-c59e-4181-a12d-7c49a9c00bfa'),(17,17,1,'programmes-thérapeutiques','programmaton-services/programmes-thérapeutiques',1,'2018-11-28 00:59:41','2018-12-14 08:30:40','acad219b-cee0-44ed-b8c3-fb95ed05d021'),(18,18,1,'a-propos',NULL,1,'2018-11-28 01:09:19','2018-11-28 01:09:23','6d977362-4686-495b-a6cd-27e6a5eba1cb'),(19,19,1,'criteres-dadmission',NULL,1,'2018-11-28 01:09:58','2018-11-28 01:14:11','db81b1ef-6b54-4910-8e5c-f792ed891708'),(20,20,1,'activites',NULL,1,'2018-11-28 01:11:46','2018-12-10 21:44:00','0e17ea31-5561-4ead-968c-e0a3624ffcd7'),(21,21,1,'programmationt-services',NULL,1,'2018-11-28 01:13:50','2018-11-28 01:14:08','69d64096-6ce5-451c-bfdb-e7a89464bc9a'),(22,22,1,'réinsertion-sociale',NULL,1,'2018-11-28 01:18:29','2018-11-28 01:18:46','d4e0c001-77af-4fd4-9a8b-317d88a46b0f'),(23,23,1,'surveillance-en-milieu-ouvert',NULL,1,'2018-11-28 01:19:05','2018-11-28 01:19:25','78eb05db-f171-40dc-a3e1-b7814b877090'),(24,24,1,'programmes-thérapeutiques',NULL,1,'2018-11-28 01:19:20','2018-11-28 01:19:27','01771b5f-5102-484b-a244-b7b45b052041'),(25,25,1,'carrières',NULL,1,'2018-11-28 01:19:56','2018-11-28 01:19:58','e152b869-21d5-415e-8361-614ac8ae5f73'),(26,26,1,'documentation',NULL,1,'2018-11-28 01:20:11','2018-11-28 01:20:13','f807995c-8883-4c74-929c-0e5f8f530edf'),(27,27,1,'nous-joindre',NULL,1,'2018-11-28 01:20:26','2018-11-28 01:20:27','1ac80d5c-24f5-43af-824c-f62e91d6a5d3'),(29,29,1,NULL,NULL,1,'2018-11-28 02:35:06','2018-12-05 14:50:41','54bb2c83-eb09-4e86-9dca-ef15d33abb4b'),(30,30,1,NULL,NULL,1,'2018-11-28 03:27:12','2018-12-05 14:50:41','3a2a60ec-de27-4143-b27c-ad8762176746'),(31,31,1,NULL,NULL,1,'2018-11-28 04:40:10','2018-12-05 14:50:43','afb98769-01f5-43a7-9049-2b0941b6eb82'),(32,32,1,NULL,NULL,1,'2018-11-28 05:16:18','2018-12-05 14:50:54','83f61c2c-353e-4c72-8c97-208ffeb586af'),(33,33,1,NULL,NULL,1,'2018-11-28 05:24:41','2018-12-05 14:50:42','4e2e69e4-c089-4229-815f-039b678b6145'),(34,34,1,NULL,NULL,1,'2018-11-28 05:37:46','2018-12-05 14:50:43','70bda705-3b3f-4cab-8227-57fe08d76aa9'),(35,35,1,NULL,NULL,1,'2018-11-28 05:39:52','2018-12-05 14:50:42','0c9f1356-ef99-4e3e-9ad9-f1e04fd42821'),(36,36,1,NULL,NULL,1,'2018-11-28 05:41:06','2018-12-05 14:50:43','73b8ebe3-a38e-4643-bbe3-a41bf779e3e7'),(37,37,1,NULL,NULL,1,'2018-11-28 06:18:45','2018-12-05 14:50:51','7d330f86-6ea1-498a-81cb-cb4c386506c4'),(38,38,1,NULL,NULL,1,'2018-11-28 06:24:15','2018-12-05 14:50:57','aefd8388-048a-403a-bc48-7e168e453dab'),(39,39,1,'creation','activites/creation',1,'2018-11-28 06:38:34','2018-12-05 19:32:58','3531445b-bf84-4eed-8aaf-ca4119987128'),(40,40,1,'repas-communautaires','activites/repas-communautaires',1,'2018-11-28 06:38:50','2018-11-28 06:38:57','314c4d5b-dc9e-456c-a6dc-16b0b8c494ee'),(41,41,1,'loisirs','activites/loisirs',1,'2018-11-28 06:39:03','2018-11-28 06:39:19','f5808059-0660-4bf5-b1d9-fdfb33a0509f'),(42,42,1,'culture','activites/culture',1,'2018-11-28 06:39:11','2018-11-28 06:39:18','16e17d88-776a-45f5-a33c-4429702099b7'),(43,43,1,'test-2','activites/loisirs/test-2',1,'2018-11-28 07:10:31','2018-12-05 21:12:28','6177ae58-6748-4d91-9ee4-01ff71c531d1'),(44,44,1,NULL,NULL,1,'2018-11-30 14:19:03','2018-12-05 14:50:52','b4736918-d63a-4f3a-a1ac-50ddfe8c77a4'),(45,45,1,NULL,NULL,1,'2018-11-30 14:19:03','2019-07-04 17:10:37','13c90347-c7c1-48ff-b9c0-82a10c9e2357'),(46,46,1,NULL,NULL,1,'2018-11-30 14:19:03','2018-12-05 14:50:45','fa62d6b9-2384-4394-9790-da687a830142'),(47,47,1,NULL,NULL,1,'2018-11-30 14:19:04','2018-12-05 14:50:44','efaf5ac7-a2d1-4ccd-93f9-87ba176d32bd'),(48,48,1,NULL,NULL,1,'2018-11-30 14:19:22','2018-12-14 10:52:45','a59be7d0-0d14-4856-ba18-ffd2c2fbd032'),(49,49,1,NULL,NULL,1,'2018-11-30 14:19:22','2018-12-14 10:52:45','36d6d1e0-ffa2-4208-a8af-464a86f7c44f'),(50,50,1,NULL,NULL,1,'2018-11-30 14:19:22','2018-12-14 10:52:45','1f646c06-2f8d-4b26-869c-60b8bf59ea53'),(51,51,1,NULL,NULL,1,'2018-11-30 14:19:22','2018-12-14 10:52:45','6111c029-c040-4ec3-837f-ba8ace6b142f'),(52,52,1,NULL,NULL,1,'2018-11-30 15:46:19','2019-07-04 17:10:41','4cf3b5d4-d294-4549-a59a-bb418ffe06b2'),(53,53,1,NULL,NULL,1,'2018-11-30 15:46:20','2019-07-04 17:10:44','667b6470-4c67-4f17-9a66-fcf90598c968'),(54,54,1,NULL,NULL,1,'2018-11-30 15:46:20','2018-12-05 14:50:51','1fed498f-0674-4534-959f-9d6efcc27c4a'),(55,55,1,NULL,NULL,1,'2018-11-30 15:46:20','2019-07-04 17:10:49','771e28ff-3a93-4b17-ada3-5230516c7ac4'),(57,57,1,NULL,NULL,1,'2018-11-30 16:34:32','2019-01-08 03:11:34','bc9c5e88-cdcd-472c-88a8-891c05539701'),(58,58,1,NULL,NULL,1,'2018-12-01 03:34:35','2018-12-05 14:50:43','6eef51c3-64f1-4e9e-8a8a-5a85bb577441'),(59,59,1,NULL,NULL,1,'2018-12-01 03:41:37','2018-12-05 14:50:41','db8c49b4-8c9b-461b-8f90-0a6fec4edb4a'),(61,61,1,NULL,NULL,1,'2018-12-01 05:17:36','2018-12-10 23:12:31','d54e5c11-9ffc-4752-aeb8-814121e285aa'),(62,62,1,NULL,NULL,1,'2018-12-01 05:58:56','2018-12-10 23:12:31','bf34edcd-ff92-433e-9050-f0e5d38928d5'),(63,63,1,NULL,NULL,1,'2018-12-01 05:59:17','2018-12-10 23:12:31','54c07a48-6bd0-438d-959b-98ad297d278d'),(64,64,1,NULL,NULL,1,'2018-12-01 06:28:44','2018-12-10 23:12:32','d895e9fe-c516-4978-9ebc-9f5572d60574'),(65,65,1,NULL,NULL,1,'2018-12-01 12:50:16','2018-12-05 14:50:55','f5a7c4fe-1c98-47a6-964a-6ae66d5c6ab5'),(66,66,1,NULL,NULL,1,'2018-12-01 12:50:16','2018-12-05 14:50:56','c161437c-d8b1-4b13-8377-c8885067f74b'),(67,67,1,NULL,NULL,1,'2018-12-01 12:50:16','2018-12-05 14:50:56','a2570875-a137-43e4-ad8d-07d8ea0ee86f'),(68,68,1,NULL,NULL,1,'2018-12-01 12:50:16','2018-12-05 14:50:56','bd3f02cc-bfa3-4f5b-bc85-e6604fbff5c3'),(69,69,1,NULL,NULL,1,'2018-12-01 12:50:17','2018-12-05 14:50:57','a28ea9b9-0dde-4e35-bcfb-d7bf0de20057'),(70,70,1,NULL,NULL,1,'2018-12-01 12:50:17','2018-12-05 14:50:57','1f5eef7f-38bb-4423-9363-afbf8e1980a1'),(71,71,1,NULL,NULL,1,'2018-12-01 13:44:52','2018-12-03 21:13:03','0f017b9f-c17d-456e-8bf4-4ede62ab96e8'),(72,72,1,NULL,NULL,1,'2018-12-01 13:44:52','2018-12-03 21:13:03','ba81283a-2401-41e5-96c6-b89ca0509bdb'),(74,74,1,NULL,NULL,1,'2018-12-01 13:44:52','2018-12-03 21:13:04','fe1d835a-28f7-4ec4-972d-1fe61729dfac'),(75,75,1,NULL,NULL,1,'2018-12-01 13:45:29','2018-12-03 21:13:04','7f265e86-b12a-4184-8a72-642b02ba4c17'),(76,76,1,NULL,NULL,1,'2018-12-01 13:46:40','2018-12-03 21:13:04','4de19548-47b7-42fb-8065-63c60ce492f6'),(77,77,1,NULL,NULL,1,'2018-12-01 14:03:08','2018-12-03 21:58:04','e7bf0cc0-866d-4499-9a32-648888a79f81'),(78,78,1,NULL,NULL,1,'2018-12-01 14:03:08','2018-12-03 21:58:04','6ada86d7-7cea-44ba-b268-5a9b4d651415'),(79,79,1,NULL,NULL,1,'2018-12-01 14:03:08','2018-12-03 21:58:04','e40ec1a0-fda2-4a3c-a623-24e5f1286b85'),(80,80,1,NULL,NULL,1,'2018-12-01 14:03:08','2018-12-03 21:58:04','3a641fd8-2bef-4701-bb88-376c1a865c22'),(81,81,1,NULL,NULL,1,'2018-12-01 14:03:08','2018-12-03 21:58:04','2e13ae3d-b464-46a0-9cb0-122ff06d63df'),(82,82,1,NULL,NULL,1,'2018-12-01 14:03:08','2018-12-03 21:58:04','e84e71fa-7979-47d6-acad-4bd7a3b0a4d3'),(83,83,1,NULL,NULL,1,'2018-12-01 14:03:08','2018-12-03 21:58:04','d9c3cafa-8471-44b2-a639-9f2cba36049c'),(84,84,1,NULL,NULL,1,'2018-12-01 14:03:08','2018-12-03 21:58:04','c34d9215-ddc6-4a0b-82bc-cd390dce450b'),(85,85,1,NULL,NULL,1,'2018-12-01 14:47:05','2018-12-03 21:58:04','315ae8d8-b45b-4a7e-9873-89ccddae3d60'),(86,86,1,NULL,NULL,1,'2018-12-01 14:47:05','2018-12-03 21:58:04','1659efd0-7c63-48df-bf29-d7d6bcf777b2'),(87,87,1,NULL,NULL,1,'2018-12-01 15:19:48','2018-12-03 21:58:04','7b3c7e02-f8a2-43cf-b519-48eb9a917e9b'),(88,88,1,NULL,NULL,1,'2018-12-03 21:26:11','2018-12-14 08:30:40','b20393e5-fda5-43f0-8954-431a560b1d86'),(90,90,1,NULL,NULL,1,'2018-12-03 21:54:33','2018-12-14 08:30:40','845917f4-0ef2-4d4f-8c2e-52259c5b720a'),(91,91,1,NULL,NULL,1,'2018-12-03 21:54:33','2018-12-14 08:30:40','22f652b3-8fa8-4990-a9e2-308876c7a1b2'),(92,92,1,NULL,NULL,1,'2018-12-03 21:54:33','2018-12-14 08:30:40','07adc002-d86d-49f1-8b09-d232978194e2'),(93,93,1,NULL,NULL,1,'2018-12-03 21:54:33','2018-12-14 08:30:41','285f2f14-20d6-402b-8acb-2987f6ca380f'),(94,94,1,NULL,NULL,1,'2018-12-03 21:54:33','2018-12-14 08:30:41','ac26dbde-fa57-42cc-b68d-4fd26519fa92'),(95,95,1,NULL,NULL,1,'2018-12-03 21:54:33','2018-12-14 08:30:41','60dedaad-6d94-41cc-a722-92f8e5145cce'),(96,96,1,NULL,NULL,1,'2018-12-03 21:54:33','2018-12-14 08:30:41','766991a9-7a9a-4156-8e8e-a9d8388946e0'),(97,97,1,NULL,NULL,1,'2018-12-03 21:54:33','2018-12-14 08:30:41','d66112a3-e2b2-4cd3-a84a-d9fbb7c84e78'),(98,98,1,NULL,NULL,1,'2018-12-03 21:56:37','2018-12-14 08:30:41','09e322a3-ec67-4012-bcf7-2f30a379479a'),(99,99,1,NULL,NULL,1,'2018-12-03 22:04:02','2018-12-14 08:30:42','96d4c655-3bba-4ea6-8264-33904df2562a'),(100,100,1,NULL,NULL,1,'2018-12-03 22:04:02','2018-12-14 08:30:42','93487562-d311-4baa-a653-17ebfe184fe5'),(101,101,1,NULL,NULL,1,'2018-12-03 22:04:02','2018-12-14 08:30:42','0212a776-c24b-4c43-b419-bbe268489f32'),(102,102,1,NULL,NULL,1,'2018-12-03 22:04:03','2018-12-14 08:30:42','171c604f-a8b4-45a1-bcc4-02f3d5b7efb4'),(103,103,1,NULL,NULL,1,'2018-12-03 22:04:03','2018-12-14 08:30:43','14566ae5-69d0-40e5-88f9-f64d67173a18'),(104,104,1,NULL,NULL,1,'2018-12-03 22:19:35','2018-12-05 14:50:41','0a58f50b-158c-42fb-bc23-ad4d48fcf6e9'),(105,105,1,NULL,NULL,1,'2018-12-03 22:19:58','2018-12-05 14:50:41','3c1a5db8-276d-4cb8-ac65-61dba746436d'),(107,107,1,NULL,NULL,1,'2018-12-03 22:20:27','2018-12-05 14:50:41','ee8dbfe3-e813-4816-a6dd-626475356c65'),(108,108,1,NULL,NULL,1,'2018-12-03 23:35:54','2018-12-05 14:50:44','15abf63c-529b-4542-9bd2-cc8c494428b6'),(109,109,1,NULL,NULL,1,'2018-12-04 00:05:02','2018-12-05 14:50:54','32b24737-b362-4717-8f42-a150819f3a97'),(110,110,1,NULL,NULL,1,'2018-12-04 02:19:29','2018-12-05 14:50:53','f0f5ff5b-3b31-489a-91c6-ad041f3973ee'),(111,111,1,NULL,NULL,1,'2018-12-04 02:29:07','2018-12-04 02:32:24','91d5302c-720b-4f84-a845-864e7b34ab0c'),(112,112,1,NULL,NULL,1,'2018-12-04 02:29:07','2018-12-04 02:32:24','2bf37b0c-8de5-4d0a-ae22-f022d91d7a53'),(113,113,1,NULL,NULL,1,'2018-12-04 02:29:07','2018-12-04 02:32:24','b83b4bcf-3968-4d88-bbc7-ee8fe2d71275'),(114,114,1,NULL,NULL,1,'2018-12-04 02:29:07','2018-12-04 02:32:24','d8e8c941-b9a3-45fb-a027-5d2a02d6c27f'),(115,115,1,'intervenante','carrieres/intervenante',1,'2018-12-04 02:37:26','2018-12-04 04:29:39','d2744e64-344d-4c0e-a7a2-b864f42b5e3f'),(116,116,1,'organisateurrice-communautaire','carrieres/organisateurrice-communautaire',1,'2018-12-04 02:37:55','2018-12-04 04:28:04','256dedad-5671-4278-98a1-8f28b6cb05b3'),(117,117,1,NULL,NULL,1,'2018-12-04 05:26:21','2018-12-05 14:50:42','fdf2939c-a9a0-4d67-a411-d6d5f3f1fab5'),(216,216,1,NULL,NULL,1,'2018-12-05 15:18:22','2018-12-05 15:18:22','af694bdf-8f31-4ea0-8fb8-e91712958438'),(217,217,1,NULL,NULL,1,'2018-12-05 15:19:36','2018-12-05 15:19:36','a5c78293-810e-46f7-bc0d-9c148a58f9bd'),(218,218,1,NULL,NULL,1,'2018-12-05 15:33:38','2018-12-05 15:33:38','a081fa4e-dde3-481f-bfb8-fe2fcb9f70a5'),(219,219,1,'activités','activites',1,'2018-12-05 17:05:49','2018-12-05 17:22:31','ee160930-1cec-4b19-a6d6-07c233a8427d'),(220,220,1,'test-1','activites/creation/test-1',1,'2018-12-05 17:34:26','2018-12-05 21:12:28','70bc4224-59c9-41ba-b237-189305576f4b'),(221,221,1,'1234','activites/loisirs/1234',1,'2018-12-05 17:34:57','2018-12-05 21:12:29','c9ff9f04-5a05-45fd-883b-97b6056ed709'),(222,222,1,'asdfasfd23424','activites/loisirs/asdfasfd23424',1,'2018-12-05 17:42:57','2018-12-14 08:47:04','718d7c74-2e82-4ffd-bb49-cdcdb2828e6c'),(223,223,1,NULL,NULL,1,'2018-12-05 21:22:48','2018-12-05 21:22:48','746a01b1-04b1-4adc-8e4a-fefd96ad8d01'),(224,224,1,NULL,NULL,1,'2018-12-10 20:18:06','2018-12-10 20:26:24','dbc378cc-580c-4ae6-ba72-3733165380cc'),(225,225,1,NULL,NULL,1,'2018-12-10 20:18:06','2018-12-10 20:26:24','8e7740e9-157a-4329-a3aa-9a5d6dcea157'),(226,226,1,NULL,NULL,1,'2018-12-10 20:21:51','2018-12-10 20:26:24','a4a2d2bc-51f2-4b6c-a105-16c00a1a72ec'),(227,227,1,NULL,NULL,1,'2018-12-10 20:21:51','2018-12-10 20:26:24','3d1554cf-3bd7-4133-bea3-e293767ec6df'),(228,228,1,NULL,NULL,1,'2018-12-10 23:12:17','2018-12-10 23:12:17','e5a01460-9ea8-427d-b75e-45bd1a6c5d8b'),(326,326,1,NULL,NULL,1,'2019-01-05 22:40:12','2019-01-05 22:40:12','dab1ec1a-f015-4f16-a229-489029fa6166'),(327,327,1,NULL,NULL,1,'2019-01-05 22:40:37','2019-01-05 22:40:37','adffbf82-dfee-4b13-b71f-45e9f4b7fb04'),(328,328,1,NULL,NULL,1,'2019-01-05 22:44:58','2019-01-05 22:44:58','dd5ad43a-0f14-4f0f-b428-0ffbbb4824cc'),(329,329,1,NULL,NULL,1,'2019-01-05 22:45:45','2019-01-05 22:45:45','eabb3616-be4b-41fe-abc5-b736b7bc234d'),(330,330,1,NULL,NULL,1,'2019-01-05 22:47:02','2019-01-05 22:47:02','d978d9c9-20e6-4bc0-ba8a-006861c841ef'),(331,331,1,NULL,NULL,1,'2019-01-05 22:51:58','2019-01-05 22:51:58','4e6c2f32-6317-49c1-be2b-1d1dacb7363b'),(332,332,1,NULL,NULL,1,'2019-01-07 16:44:49','2019-01-07 16:44:49','6540a3c2-025a-4afa-ac68-354913422981'),(333,333,1,NULL,NULL,1,'2019-01-07 16:55:50','2019-01-07 16:55:50','3bff6443-95f7-4899-8891-1c4db72c0768'),(334,334,1,NULL,NULL,1,'2019-01-07 17:01:55','2019-01-07 17:01:55','aa393718-e081-4997-9ce7-4c72cacd3373'),(335,335,1,NULL,NULL,1,'2019-01-07 17:04:38','2019-01-07 17:04:38','bce31bf7-d895-44ce-b43f-c455e4560436'),(336,336,1,NULL,NULL,1,'2019-01-09 07:05:00','2019-01-09 07:05:00','e2ac5643-4462-40e9-bd84-3de6c6ffbb66'),(337,337,1,NULL,NULL,1,'2019-01-09 07:12:49','2019-01-09 07:12:49','04aad5c9-587b-4cff-97c4-930e8e7d3db3'),(338,338,1,NULL,NULL,1,'2019-01-09 07:21:14','2019-01-09 07:21:14','e9ee3790-5b11-40e0-ada3-2f47b05348d3'),(339,339,1,NULL,NULL,1,'2019-01-09 07:21:44','2019-01-09 07:21:44','a973b808-0d20-4799-993f-9e1dab9495f3'),(340,340,1,NULL,NULL,1,'2019-01-09 07:22:20','2019-01-09 07:22:20','15abc9d1-9723-4fb3-af93-06b66cb2ee74'),(341,341,1,NULL,NULL,1,'2019-01-09 07:24:40','2019-01-09 07:24:40','d8bbfd19-6166-4a50-9bce-72d932eec6b4'),(342,342,1,'partenaires','partenaires',1,'2019-07-04 16:47:42','2019-07-04 17:22:53','ad01b6c4-d97a-4ee2-8e6f-f47af4294e21'),(343,343,1,'partenaires',NULL,1,'2019-07-04 16:55:42','2019-07-04 16:55:53','bb69a53a-c3d8-450f-964f-6c1f08b9ad90');
/*!40000 ALTER TABLE `elements_sites` ENABLE KEYS */;
UNLOCK TABLES;
commit;

--
-- Dumping data for table `entries`
--

LOCK TABLES `entries` WRITE;
/*!40000 ALTER TABLE `entries` DISABLE KEYS */;
set autocommit=0;
INSERT INTO `entries` VALUES (2,1,NULL,1,NULL,'2018-11-27 21:36:00',NULL,NULL,'2018-11-27 21:36:10','2018-12-14 10:52:44','082a5f0f-5ade-4092-a37f-8ba5ea205e05'),(9,6,NULL,7,NULL,'2018-11-28 00:45:00',NULL,NULL,'2018-11-28 00:45:37','2018-12-04 02:22:15','89c37ebb-9c25-4619-8e3a-912388e11b15'),(10,5,NULL,6,NULL,'2018-11-28 00:46:00',NULL,NULL,'2018-11-28 00:46:12','2018-12-10 23:12:31','b0c9f42c-9802-4678-bf60-ea9993551a10'),(11,7,NULL,8,NULL,'2018-11-28 00:49:00',NULL,NULL,'2018-11-28 00:49:29','2018-12-04 02:32:24','893746bb-fe75-4c7e-91c4-ef9391d4eb2b'),(12,9,NULL,10,NULL,'2018-11-28 00:50:00',NULL,NULL,'2018-11-28 00:50:58','2018-12-10 20:26:24','3618a900-2bc3-45e2-b449-91a01c734650'),(13,10,NULL,11,NULL,'2018-11-28 00:51:00',NULL,NULL,'2018-11-28 00:51:18','2018-12-05 15:19:39','d0df91ce-9f66-42c0-a468-30d938879f37'),(14,3,NULL,4,1,'2018-11-28 00:57:00',NULL,NULL,'2018-11-28 00:57:50','2018-12-05 21:12:33','f77b4ab7-8974-4b1c-8295-ff8868007188'),(15,4,NULL,5,1,'2018-11-28 00:58:00',NULL,NULL,'2018-11-28 00:58:59','2018-12-14 08:30:55','04028bb1-f524-4218-b6e0-2b222a2b4e35'),(16,4,NULL,5,1,'2018-11-28 00:59:00',NULL,NULL,'2018-11-28 00:59:23','2018-12-14 08:30:40','39063dc8-423b-4a91-96c2-4762badadcf7'),(17,4,NULL,5,1,'2018-11-28 00:59:00',NULL,NULL,'2018-11-28 00:59:41','2018-12-14 08:30:40','d8563c82-904f-40b9-bd01-1f4777db0f70'),(18,11,NULL,12,1,'2018-11-28 01:09:00',NULL,NULL,'2018-11-28 01:09:19','2018-11-28 01:09:23','d15f3c58-9102-4131-81dd-695d95a872d3'),(19,11,NULL,12,1,'2018-11-28 01:09:00',NULL,NULL,'2018-11-28 01:09:58','2018-11-28 01:11:13','9b36a6bd-5199-47c0-a4c7-ef6b70b27e00'),(20,11,NULL,12,1,'2018-11-28 01:11:00',NULL,NULL,'2018-11-28 01:11:46','2018-12-10 21:44:00','16069dc7-a351-4556-8140-bf8cb96bf39e'),(21,11,NULL,12,1,'2018-11-28 01:13:00',NULL,NULL,'2018-11-28 01:13:50','2018-11-28 01:13:57','05e5463e-4789-49d2-95d0-30f677e54b8b'),(22,11,NULL,12,1,'2018-11-28 01:18:00',NULL,NULL,'2018-11-28 01:18:29','2018-11-28 01:18:29','7762af05-6708-4201-8305-75009bf56a4d'),(23,11,NULL,12,1,'2018-11-28 01:19:00',NULL,NULL,'2018-11-28 01:19:05','2018-11-28 01:19:05','a4e978de-aae9-4f63-bf38-8bda9313059b'),(24,11,NULL,12,1,'2018-11-28 01:19:00',NULL,NULL,'2018-11-28 01:19:20','2018-11-28 01:19:20','682fea14-1f35-454a-95e0-f29beff8c4b9'),(25,12,NULL,13,1,'2018-11-28 01:19:00',NULL,NULL,'2018-11-28 01:19:56','2018-11-28 01:19:56','e303f79c-2c53-4c91-bc2e-3d81d5e562cb'),(26,12,NULL,13,1,'2018-11-28 01:20:00',NULL,NULL,'2018-11-28 01:20:11','2018-11-28 01:20:11','ca901bf4-1c1a-4765-9018-c49d5b5f0ec9'),(27,12,NULL,13,1,'2018-11-28 01:20:00',NULL,NULL,'2018-11-28 01:20:26','2018-11-28 01:20:26','6419019a-e44a-41c4-a042-590ab21f92e5'),(43,3,NULL,4,1,'2018-11-28 07:10:00',NULL,NULL,'2018-11-28 07:10:31','2018-12-05 21:12:28','f6832e10-af44-4b4e-a31e-79bf950b9624'),(115,8,NULL,9,1,'2018-12-04 02:37:00',NULL,NULL,'2018-12-04 02:37:26','2018-12-04 04:29:39','5e445d08-f722-4f9c-b4fc-585521f026c5'),(116,8,NULL,9,1,'2018-12-04 02:37:00',NULL,NULL,'2018-12-04 02:37:55','2018-12-04 04:28:04','900488d9-e06d-4ca0-8acd-e5fd3daed03d'),(219,13,NULL,14,NULL,'2018-12-05 17:05:00',NULL,NULL,'2018-12-05 17:05:49','2018-12-05 17:22:31','ae747a6b-5000-47ca-a938-81cf67c40cbc'),(220,3,NULL,4,1,'2018-12-05 17:34:00',NULL,NULL,'2018-12-05 17:34:26','2018-12-05 21:12:28','2ec7af46-db6a-4c68-9184-c924d9a67538'),(221,3,NULL,4,1,'2018-12-05 17:34:00',NULL,NULL,'2018-12-05 17:34:57','2018-12-05 21:12:29','882ccb22-c364-4927-8a93-6b4f641597c5'),(222,3,NULL,4,1,'2018-12-24 17:42:00',NULL,NULL,'2018-12-05 17:42:57','2018-12-14 08:47:04','ced6abb5-b09d-418d-8c72-3b64b1b74c38'),(342,14,NULL,15,NULL,'2019-07-04 16:47:00',NULL,NULL,'2019-07-04 16:47:42','2019-07-04 17:22:53','2860d7a5-e38e-40a4-b46a-596fe5d24551'),(343,12,NULL,13,1,'2019-07-04 16:55:00',NULL,NULL,'2019-07-04 16:55:42','2019-07-04 16:55:42','75e88c2b-6aa8-4390-8f5c-856732bb098a');
/*!40000 ALTER TABLE `entries` ENABLE KEYS */;
UNLOCK TABLES;
commit;

--
-- Dumping data for table `entrydrafts`
--

LOCK TABLES `entrydrafts` WRITE;
/*!40000 ALTER TABLE `entrydrafts` DISABLE KEYS */;
set autocommit=0;
/*!40000 ALTER TABLE `entrydrafts` ENABLE KEYS */;
UNLOCK TABLES;
commit;

--
-- Dumping data for table `entrytypes`
--

LOCK TABLES `entrytypes` WRITE;
/*!40000 ALTER TABLE `entrytypes` DISABLE KEYS */;
set autocommit=0;
INSERT INTO `entrytypes` VALUES (1,1,1,'Accueil','home',0,NULL,'{section.name|raw}',1,'2018-11-27 21:36:10','2018-11-30 14:16:13',NULL,'6d80604f-59b4-4ba9-a604-2c9aa471c403'),(4,3,12,'Activités','activities',1,'Titre',NULL,1,'2018-11-28 00:38:04','2018-12-05 21:12:26',NULL,'81ef9cc6-e5a2-43f7-9dcd-0450935d171f'),(5,4,13,'Programmaton et services','programmatonServices',1,'Titre',NULL,1,'2018-11-28 00:39:48','2018-12-14 08:30:37',NULL,'7b8f1d88-3149-4a6b-8bb8-c6007137da45'),(6,5,14,'À propos','about',1,'Titre',NULL,1,'2018-11-28 00:40:56','2018-12-01 11:12:50',NULL,'a1c2d427-0ea0-4af3-a602-df4db1856810'),(7,6,15,'Critères d\'admission','admissionCriteria',1,'Titre',NULL,1,'2018-11-28 00:44:26','2018-12-04 00:04:08',NULL,'1f816dc3-b36c-4511-8d4f-8dc36e36e7bb'),(8,7,16,'Carrières','Careers',0,NULL,'{section.name|raw}',1,'2018-11-28 00:49:29','2018-12-04 02:31:43',NULL,'d5c10c13-6e03-4045-8767-cd6738a88578'),(9,8,17,'Postes disponibles','availablePositions',1,'Titre',NULL,1,'2018-11-28 00:50:26','2018-12-04 04:28:02',NULL,'79abd8f1-30b6-4062-9e1d-235bfe7cdac2'),(10,9,18,'Documentation','documentation',0,NULL,'{section.name|raw}',1,'2018-11-28 00:50:58','2018-12-10 20:11:48',NULL,'8b057263-eb23-46a8-ad9c-95c8a5c364a4'),(11,10,19,'Nous joindre','contactUs',0,NULL,'{section.name|raw}',1,'2018-11-28 00:51:18','2018-12-05 15:15:54',NULL,'ef2b962e-0d92-4776-bc43-8aae47c43214'),(12,11,20,'Menu principal','menuMain',1,'Titre',NULL,1,'2018-11-28 01:04:32','2018-11-28 01:08:04',NULL,'eae9997b-0648-4a38-9506-9abcf9498303'),(13,12,21,'Menu utilitaire','menuSecondary',1,'Titre',NULL,1,'2018-11-28 01:04:54','2018-11-28 01:08:57',NULL,'72ed1e16-193a-486e-852b-8588c060c6f1'),(14,13,30,'Activités','activitesSingle',0,NULL,'{section.name|raw}',1,'2018-12-05 17:05:49','2018-12-05 17:21:51',NULL,'d7f653de-f361-452d-8b79-1b30b3c90daa'),(15,14,32,'Partenaires','partners',0,NULL,'{section.name|raw}',1,'2019-07-04 16:47:42','2019-07-04 16:53:56',NULL,'a1428717-3601-4fee-bcf0-cf5ab82c4764');
/*!40000 ALTER TABLE `entrytypes` ENABLE KEYS */;
UNLOCK TABLES;
commit;

--
-- Dumping data for table `entryversions`
--

LOCK TABLES `entryversions` WRITE;
/*!40000 ALTER TABLE `entryversions` DISABLE KEYS */;
set autocommit=0;
INSERT INTO `entryversions` VALUES (8,14,3,1,1,1,'','{\"typeId\":\"4\",\"authorId\":\"1\",\"title\":\"test\",\"slug\":\"test\",\"postDate\":1543366620,\"expiryDate\":null,\"enabled\":true,\"newParentId\":\"\",\"fields\":[]}','2018-11-28 00:57:50','2018-11-28 00:57:50','5f457a0f-2743-43ac-9775-41b5ca756c4c'),(9,15,4,1,1,1,'','{\"typeId\":\"5\",\"authorId\":\"1\",\"title\":\"Réinsertion sociale\",\"slug\":\"réinsertion-sociale\",\"postDate\":1543366680,\"expiryDate\":null,\"enabled\":true,\"newParentId\":\"\",\"fields\":[]}','2018-11-28 00:58:59','2018-11-28 00:58:59','981d1a89-e64d-472f-885c-5530a30d5529'),(10,16,4,1,1,1,'','{\"typeId\":\"5\",\"authorId\":\"1\",\"title\":\"Surveillance en milieu ouvert\",\"slug\":\"surveillance-en-milieu-ouvert\",\"postDate\":1543366740,\"expiryDate\":null,\"enabled\":true,\"newParentId\":\"\",\"fields\":[]}','2018-11-28 00:59:23','2018-11-28 00:59:23','5b6aa8e6-27f7-4ec5-bb0b-a8be49fefdb3'),(11,17,4,1,1,1,'','{\"typeId\":\"5\",\"authorId\":\"1\",\"title\":\"Programmes thérapeutiques\",\"slug\":\"programmes-thérapeutiques\",\"postDate\":1543366740,\"expiryDate\":null,\"enabled\":true,\"newParentId\":\"\",\"fields\":[]}','2018-11-28 00:59:41','2018-11-28 00:59:41','105cce7f-33d3-42f6-a531-0f5b8081e6e0'),(12,18,11,1,1,1,'','{\"typeId\":\"12\",\"authorId\":\"1\",\"title\":\"À propos\",\"slug\":\"a-propos\",\"postDate\":1543367340,\"expiryDate\":null,\"enabled\":true,\"newParentId\":\"\",\"fields\":{\"15\":{\"ariaLabel\":null,\"customText\":null,\"target\":null,\"title\":null,\"type\":\"entry\",\"value\":\"10\"}}}','2018-11-28 01:09:19','2018-11-28 01:09:19','9ef86a7e-7d5f-4a86-ba87-e2ae484c3bc2'),(13,19,11,1,1,1,'','{\"typeId\":\"12\",\"authorId\":\"1\",\"title\":\"Critères d\'admission\",\"slug\":\"criteres-dadmission\",\"postDate\":1543367340,\"expiryDate\":null,\"enabled\":true,\"newParentId\":\"\",\"fields\":{\"15\":{\"ariaLabel\":null,\"customText\":null,\"target\":null,\"title\":null,\"type\":\"entry\",\"value\":\"9\"}}}','2018-11-28 01:09:59','2018-11-28 01:09:59','3b1c2e0b-4264-4492-a849-c2bb7eec9c64'),(14,19,11,1,1,2,'','{\"typeId\":\"12\",\"authorId\":\"1\",\"title\":\"àCritères d\'admission\",\"slug\":\"criteres-dadmission\",\"postDate\":1543367340,\"expiryDate\":null,\"enabled\":true,\"newParentId\":\"\",\"fields\":{\"15\":{\"ariaLabel\":null,\"customText\":null,\"target\":null,\"title\":null,\"type\":\"entry\",\"value\":\"9\"}}}','2018-11-28 01:10:02','2018-11-28 01:10:02','9b9ee7c3-1e90-4e5a-8483-fc51eac2a573'),(15,19,11,1,1,3,'','{\"typeId\":\"12\",\"authorId\":\"1\",\"title\":\"Critères d\'admission\",\"slug\":\"criteres-dadmission\",\"postDate\":1543367340,\"expiryDate\":null,\"enabled\":true,\"newParentId\":\"\",\"fields\":{\"15\":{\"ariaLabel\":null,\"customText\":null,\"target\":null,\"title\":null,\"type\":\"entry\",\"value\":\"9\"}}}','2018-11-28 01:11:13','2018-11-28 01:11:13','f683a462-0430-495b-8ecb-c892645ef1ad'),(16,20,11,1,1,1,'','{\"typeId\":\"12\",\"authorId\":\"1\",\"title\":\"Activités\",\"slug\":\"activités\",\"postDate\":1543367460,\"expiryDate\":null,\"enabled\":true,\"newParentId\":\"\",\"fields\":{\"15\":{\"ariaLabel\":null,\"customText\":null,\"target\":null,\"title\":null,\"type\":\"url\",\"value\":\"http://painchaud.test/activites\"}}}','2018-11-28 01:11:46','2018-11-28 01:11:46','dc914fed-2f3f-479c-8604-9578cd20080b'),(17,21,11,1,1,1,'','{\"typeId\":\"12\",\"authorId\":\"1\",\"title\":\"Programmation et services\",\"slug\":\"programmationt-services\",\"postDate\":1543367580,\"expiryDate\":null,\"enabled\":true,\"newParentId\":\"\",\"fields\":{\"15\":{\"ariaLabel\":null,\"customText\":null,\"target\":null,\"title\":null,\"type\":\"entry\",\"value\":null}}}','2018-11-28 01:13:50','2018-11-28 01:13:50','f52f685e-58e9-4f70-a0d8-895baa0592cc'),(18,22,11,1,1,1,'','{\"typeId\":\"12\",\"authorId\":\"1\",\"title\":\"Réinsertion sociale\",\"slug\":\"réinsertion-sociale\",\"postDate\":1543367880,\"expiryDate\":null,\"enabled\":true,\"newParentId\":\"\",\"fields\":{\"15\":{\"ariaLabel\":null,\"customText\":null,\"target\":null,\"title\":null,\"type\":\"entry\",\"value\":\"15\"}}}','2018-11-28 01:18:29','2018-11-28 01:18:29','e2a5ffce-d469-4a71-a18f-539e1ec6a72f'),(19,23,11,1,1,1,'','{\"typeId\":\"12\",\"authorId\":\"1\",\"title\":\"Surveillance en milieu ouvert\",\"slug\":\"surveillance-en-milieu-ouvert\",\"postDate\":1543367940,\"expiryDate\":null,\"enabled\":true,\"newParentId\":\"\",\"fields\":{\"15\":{\"ariaLabel\":null,\"customText\":null,\"target\":null,\"title\":null,\"type\":\"entry\",\"value\":\"16\"}}}','2018-11-28 01:19:05','2018-11-28 01:19:05','09145271-0383-4d39-8084-aef29324bf0e'),(20,24,11,1,1,1,'','{\"typeId\":\"12\",\"authorId\":\"1\",\"title\":\"Programmes thérapeutiques\",\"slug\":\"programmes-thérapeutiques\",\"postDate\":1543367940,\"expiryDate\":null,\"enabled\":true,\"newParentId\":\"\",\"fields\":{\"15\":{\"ariaLabel\":null,\"customText\":null,\"target\":null,\"title\":null,\"type\":\"entry\",\"value\":\"17\"}}}','2018-11-28 01:19:20','2018-11-28 01:19:20','dbe426d3-3b3d-467a-b303-470d27731572'),(21,25,12,1,1,1,'','{\"typeId\":\"13\",\"authorId\":\"1\",\"title\":\"Carrières\",\"slug\":\"carrières\",\"postDate\":1543367940,\"expiryDate\":null,\"enabled\":true,\"newParentId\":\"\",\"fields\":{\"15\":{\"ariaLabel\":null,\"customText\":null,\"target\":null,\"title\":null,\"type\":\"entry\",\"value\":\"11\"}}}','2018-11-28 01:19:56','2018-11-28 01:19:56','04ed317a-9f71-4f28-b695-2c8390ac696c'),(22,26,12,1,1,1,'','{\"typeId\":\"13\",\"authorId\":\"1\",\"title\":\"Documentation\",\"slug\":\"documentation\",\"postDate\":1543368000,\"expiryDate\":null,\"enabled\":true,\"newParentId\":\"\",\"fields\":{\"15\":{\"ariaLabel\":null,\"customText\":null,\"target\":null,\"title\":null,\"type\":\"entry\",\"value\":\"12\"}}}','2018-11-28 01:20:11','2018-11-28 01:20:11','44970bcd-79cc-4400-a5bf-9ba27bbd04cd'),(23,27,12,1,1,1,'','{\"typeId\":\"13\",\"authorId\":\"1\",\"title\":\"Nous joindre\",\"slug\":\"nous-joindre\",\"postDate\":1543368000,\"expiryDate\":null,\"enabled\":true,\"newParentId\":\"\",\"fields\":{\"15\":{\"ariaLabel\":null,\"customText\":null,\"target\":null,\"title\":null,\"type\":\"entry\",\"value\":\"13\"}}}','2018-11-28 01:20:26','2018-11-28 01:20:26','8c013d55-54f4-4737-b899-c5503ea8c695'),(24,2,1,1,1,1,'Revision from 27 nov. 2018 18:31:47','{\"typeId\":\"1\",\"authorId\":null,\"title\":\"Accueil\",\"slug\":\"accueil\",\"postDate\":1543354560,\"expiryDate\":null,\"enabled\":\"1\",\"newParentId\":null,\"fields\":{\"16\":[]}}','2018-11-28 02:35:11','2018-11-28 02:35:11','9ebff44e-4347-4d7f-a659-b80eb1f851fc'),(25,2,1,1,1,2,'','{\"typeId\":\"1\",\"authorId\":null,\"title\":\"Accueil\",\"slug\":\"accueil\",\"postDate\":1543354560,\"expiryDate\":null,\"enabled\":true,\"newParentId\":null,\"fields\":{\"16\":[\"29\"]}}','2018-11-28 02:35:11','2018-11-28 02:35:11','73c31f83-6520-465e-be8c-0368a3e5613e'),(26,2,1,1,1,3,'','{\"typeId\":\"1\",\"authorId\":null,\"title\":\"Accueil\",\"slug\":\"accueil\",\"postDate\":1543354560,\"expiryDate\":null,\"enabled\":true,\"newParentId\":null,\"fields\":{\"16\":[\"29\"],\"17\":\"Que que soit\",\"18\":\"votre passé\"}}','2018-11-28 02:35:34','2018-11-28 02:35:34','5fae1faa-c098-40d3-8f68-7fe87a9a16e3'),(27,2,1,1,1,4,'','{\"typeId\":\"1\",\"authorId\":null,\"title\":\"Accueil\",\"slug\":\"accueil\",\"postDate\":1543354560,\"expiryDate\":null,\"enabled\":true,\"newParentId\":null,\"fields\":{\"16\":[\"29\"],\"17\":\"Quel que soit\",\"18\":\"votre passé\"}}','2018-11-28 02:49:22','2018-11-28 02:49:22','9a1a70e5-efc1-4afc-8bdf-1ac1662cea39'),(28,10,5,1,1,1,'Revision from 27 nov. 2018 19:25:36','{\"typeId\":\"6\",\"authorId\":null,\"title\":\"À propos\",\"slug\":\"à-propos\",\"postDate\":1543365960,\"expiryDate\":null,\"enabled\":\"1\",\"newParentId\":null,\"fields\":{\"16\":[]}}','2018-11-28 03:27:16','2018-11-28 03:27:16','84717076-7636-43fc-9269-81db253040ba'),(29,10,5,1,1,2,'','{\"typeId\":\"6\",\"authorId\":null,\"title\":\"À propos\",\"slug\":\"à-propos\",\"postDate\":1543365960,\"expiryDate\":null,\"enabled\":true,\"newParentId\":null,\"fields\":{\"16\":[\"30\"]}}','2018-11-28 03:27:16','2018-11-28 03:27:16','4d490f35-3f44-4cbb-b2a0-49dd551e1a03'),(30,2,1,1,1,5,'','{\"typeId\":\"1\",\"authorId\":null,\"title\":\"Accueil\",\"slug\":\"accueil\",\"postDate\":1543354560,\"expiryDate\":null,\"enabled\":true,\"newParentId\":null,\"fields\":{\"20\":\"<p>La Maison Painchaud est un Centre Résidentiel Communautaire (CRC) situé dans le quartier Limoilou, à Québec. Notre mission est d’accueillir une clientèle adulte judiciarisée et d’offrir de l’hébergement, de l’encadrement, des services de soutien et d’accompagnement dans le but de favoriser la réinsertion sociale et ce, tout en assurant la protection de la société. Notre clientèle provient des centres de détention et des pénitenciers situés dans la province de Québec.</p>\\n\\n<p>L’intervention y est personnalisée et vise la prise en charge responsable de l’individu dans la communauté, ainsi que l’acquisition d’habiletés relationnelles et sociales. Un programme thérapeutique, la recherche d’emploi, le retour aux études, le bénévolat, les loisirs sont autant de moyens préconisés pour favoriser la réinsertion sociale.</p>\",\"16\":[\"29\"],\"21\":{\"ariaLabel\":null,\"customText\":null,\"target\":\"\",\"title\":null,\"type\":\"entry\",\"value\":null},\"19\":\"Favoriser la réinsertion sociale\",\"17\":\"Quel que soit\",\"18\":\"votre passé\"}}','2018-11-28 03:42:02','2018-11-28 03:42:02','0f71bf44-5e14-465d-9c2e-396ef6824a0d'),(31,2,1,1,1,6,'','{\"typeId\":\"1\",\"authorId\":null,\"title\":\"Accueil\",\"slug\":\"accueil\",\"postDate\":1543354560,\"expiryDate\":null,\"enabled\":true,\"newParentId\":null,\"fields\":{\"20\":\"<p>La Maison Painchaud est un Centre Résidentiel Communautaire (CRC) situé dans le quartier Limoilou, à Québec. Notre mission est d’accueillir une clientèle adulte judiciarisée et d’offrir de l’hébergement, de l’encadrement, des services de soutien et d’accompagnement dans le but de favoriser la réinsertion sociale et ce, tout en assurant la protection de la société. Notre clientèle provient des centres de détention et des pénitenciers situés dans la province de Québec.</p>\\n<p>L’intervention y est personnalisée et vise la prise en charge responsable de l’individu dans la communauté, ainsi que l’acquisition d’habiletés relationnelles et sociales. Un programme thérapeutique, la recherche d’emploi, le retour aux études, le bénévolat, les loisirs sont autant de moyens préconisés pour favoriser la réinsertion sociale.</p>\",\"16\":[\"29\"],\"21\":{\"ariaLabel\":null,\"customText\":\"En savoir plus\",\"target\":\"\",\"title\":null,\"type\":\"entry\",\"value\":\"10\"},\"19\":\"Favoriser la réinsertion sociale\",\"17\":\"Quel que soit\",\"18\":\"votre passé\"}}','2018-11-28 03:59:06','2018-11-28 03:59:06','c817fb44-7b71-4604-8322-9139cc346903'),(32,15,4,1,1,2,'','{\"typeId\":\"5\",\"authorId\":\"1\",\"title\":\"Réinsertion sociale\",\"slug\":\"réinsertion-sociale\",\"postDate\":1543366680,\"expiryDate\":null,\"enabled\":true,\"newParentId\":\"\",\"fields\":{\"16\":[\"30\"]}}','2018-11-28 04:32:01','2018-11-28 04:32:01','6ca87bc5-1500-4a92-94f6-04e9e6106d6f'),(33,16,4,1,1,2,'','{\"typeId\":\"5\",\"authorId\":\"1\",\"title\":\"Surveillance en milieu ouvert\",\"slug\":\"surveillance-en-milieu-ouvert\",\"postDate\":1543366740,\"expiryDate\":null,\"enabled\":true,\"newParentId\":\"\",\"fields\":{\"16\":[\"30\"]}}','2018-11-28 04:32:03','2018-11-28 04:32:03','bdb1aefc-6b61-42f0-abb4-621e855bdc0b'),(34,17,4,1,1,2,'','{\"typeId\":\"5\",\"authorId\":\"1\",\"title\":\"Programmes thérapeutiques\",\"slug\":\"programmes-thérapeutiques\",\"postDate\":1543366740,\"expiryDate\":null,\"enabled\":true,\"newParentId\":\"\",\"fields\":{\"16\":[\"30\"]}}','2018-11-28 04:32:05','2018-11-28 04:32:05','e8af4863-adc8-4311-9c5c-86b670797b56'),(35,15,4,1,1,3,'','{\"typeId\":\"5\",\"authorId\":\"1\",\"title\":\"Réinsertion sociale\",\"slug\":\"réinsertion-sociale\",\"postDate\":1543366680,\"expiryDate\":null,\"enabled\":true,\"newParentId\":\"\",\"fields\":{\"16\":[\"29\"]}}','2018-11-28 04:36:16','2018-11-28 04:36:16','cf192855-0edc-425d-8f98-b45bac9d5746'),(36,16,4,1,1,3,'','{\"typeId\":\"5\",\"authorId\":\"1\",\"title\":\"Surveillance en milieu ouvert\",\"slug\":\"surveillance-en-milieu-ouvert\",\"postDate\":1543366740,\"expiryDate\":null,\"enabled\":true,\"newParentId\":\"\",\"fields\":{\"16\":[\"29\"]}}','2018-11-28 04:37:10','2018-11-28 04:37:10','456efe71-70d4-4fb0-9861-f645bed4914d'),(37,16,4,1,1,4,'','{\"typeId\":\"5\",\"authorId\":\"1\",\"title\":\"Surveillance en milieu ouvert\",\"slug\":\"surveillance-en-milieu-ouvert\",\"postDate\":1543366740,\"expiryDate\":null,\"enabled\":true,\"newParentId\":\"\",\"fields\":{\"16\":[\"30\"]}}','2018-11-28 04:37:18','2018-11-28 04:37:18','3a9ab941-ed5f-470b-8ba2-fd622616b27c'),(38,16,4,1,1,5,'','{\"typeId\":\"5\",\"authorId\":\"1\",\"title\":\"Surveillance en milieu ouvert\",\"slug\":\"surveillance-en-milieu-ouvert\",\"postDate\":1543366740,\"expiryDate\":null,\"enabled\":true,\"newParentId\":\"\",\"fields\":{\"16\":[\"29\"]}}','2018-11-28 04:37:30','2018-11-28 04:37:30','a9ebd229-518d-4dc4-a29b-ddb69b89c46c'),(39,16,4,1,1,6,'','{\"typeId\":\"5\",\"authorId\":\"1\",\"title\":\"Surveillance en milieu ouvert\",\"slug\":\"surveillance-en-milieu-ouvert\",\"postDate\":1543366740,\"expiryDate\":null,\"enabled\":true,\"newParentId\":\"\",\"fields\":{\"16\":[\"31\"]}}','2018-11-28 04:40:15','2018-11-28 04:40:15','81b640a3-c054-4ca3-a8bf-166315a95c06'),(40,15,4,1,1,4,'','{\"typeId\":\"5\",\"authorId\":\"1\",\"title\":\"Réinsertion sociale\",\"slug\":\"réinsertion-sociale\",\"postDate\":1543366680,\"expiryDate\":null,\"enabled\":true,\"newParentId\":\"\",\"fields\":{\"16\":[\"32\"]}}','2018-11-28 05:16:26','2018-11-28 05:16:26','250be846-4fe9-4d7d-98c1-13503c15cd73'),(41,16,4,1,1,7,'','{\"typeId\":\"5\",\"authorId\":\"1\",\"title\":\"Surveillance en milieu ouvert\",\"slug\":\"surveillance-en-milieu-ouvert\",\"postDate\":1543366740,\"expiryDate\":null,\"enabled\":true,\"newParentId\":\"\",\"fields\":{\"16\":[\"33\"]}}','2018-11-28 05:24:46','2018-11-28 05:24:46','3c3a6ab5-7bbb-4918-b6e7-c79055aa1aee'),(42,15,4,1,1,5,'','{\"typeId\":\"5\",\"authorId\":\"1\",\"title\":\"Réinsertion sociale\",\"slug\":\"réinsertion-sociale\",\"postDate\":1543366680,\"expiryDate\":null,\"enabled\":true,\"newParentId\":\"\",\"fields\":{\"16\":[\"32\"],\"22\":[\"34\"]}}','2018-11-28 05:37:51','2018-11-28 05:37:51','3c0adcf3-61e3-4dd9-9f62-71cf212159a0'),(43,16,4,1,1,8,'','{\"typeId\":\"5\",\"authorId\":\"1\",\"title\":\"Surveillance en milieu ouvert\",\"slug\":\"surveillance-en-milieu-ouvert\",\"postDate\":1543366740,\"expiryDate\":null,\"enabled\":true,\"newParentId\":\"\",\"fields\":{\"16\":[\"33\"],\"22\":[\"34\"]}}','2018-11-28 05:38:10','2018-11-28 05:38:10','63fb6109-ecab-4ef5-af1a-25c6e67a2434'),(44,17,4,1,1,3,'','{\"typeId\":\"5\",\"authorId\":\"1\",\"title\":\"Programmes thérapeutiques\",\"slug\":\"programmes-thérapeutiques\",\"postDate\":1543366740,\"expiryDate\":null,\"enabled\":true,\"newParentId\":\"\",\"fields\":{\"16\":[\"30\"],\"22\":[\"34\"]}}','2018-11-28 05:38:17','2018-11-28 05:38:17','eaaa0a4b-94a7-46d1-bea3-d1a71c8ab7e7'),(45,16,4,1,1,9,'','{\"typeId\":\"5\",\"authorId\":\"1\",\"title\":\"Surveillance en milieu ouvert\",\"slug\":\"surveillance-en-milieu-ouvert\",\"postDate\":1543366740,\"expiryDate\":null,\"enabled\":true,\"newParentId\":\"\",\"fields\":{\"16\":[\"33\"],\"22\":[\"35\"]}}','2018-11-28 05:40:02','2018-11-28 05:40:02','87b3c133-023e-4d67-90fb-1d47c5936f98'),(46,17,4,1,1,4,'','{\"typeId\":\"5\",\"authorId\":\"1\",\"title\":\"Programmes thérapeutiques\",\"slug\":\"programmes-thérapeutiques\",\"postDate\":1543366740,\"expiryDate\":null,\"enabled\":true,\"newParentId\":\"\",\"fields\":{\"16\":[\"30\"],\"22\":[\"36\"]}}','2018-11-28 05:41:14','2018-11-28 05:41:14','b67283bd-b754-4a1f-88b3-43941f41dcb4'),(47,2,1,1,1,7,'','{\"typeId\":\"1\",\"authorId\":null,\"title\":\"Accueil\",\"slug\":\"accueil\",\"postDate\":1543354560,\"expiryDate\":null,\"enabled\":true,\"newParentId\":null,\"fields\":{\"20\":\"<p>La Maison Painchaud est un Centre Résidentiel Communautaire (CRC) situé dans le quartier Limoilou, à Québec. Notre mission est d’accueillir une clientèle adulte judiciarisée et d’offrir de l’hébergement, de l’encadrement, des services de soutien et d’accompagnement dans le but de favoriser la réinsertion sociale et ce, tout en assurant la protection de la société. Notre clientèle provient des centres de détention et des pénitenciers situés dans la province de Québec.</p>\\n<p>L’intervention y est personnalisée et vise la prise en charge responsable de l’individu dans la communauté, ainsi que l’acquisition d’habiletés relationnelles et sociales. Un programme thérapeutique, la recherche d’emploi, le retour aux études, le bénévolat, les loisirs sont autant de moyens préconisés pour favoriser la réinsertion sociale.</p>\",\"16\":[\"37\"],\"21\":{\"ariaLabel\":null,\"customText\":\"En savoir plus\",\"target\":\"\",\"title\":null,\"type\":\"entry\",\"value\":\"10\"},\"19\":\"Favoriser la réinsertion sociale\",\"17\":\"Quel que soit\",\"18\":\"votre passé\"}}','2018-11-28 06:18:52','2018-11-28 06:18:52','1cd65ad6-486c-4338-a63e-3649eb2c0149'),(48,14,3,1,1,2,'','{\"typeId\":\"4\",\"authorId\":\"1\",\"title\":\"test\",\"slug\":\"test\",\"postDate\":1543366620,\"expiryDate\":null,\"enabled\":true,\"newParentId\":\"\",\"fields\":{\"22\":[\"38\"]}}','2018-11-28 06:24:18','2018-11-28 06:24:18','63a69f4a-2295-4753-8d2d-fa62b4e1db8c'),(49,14,3,1,1,3,'','{\"typeId\":\"4\",\"authorId\":\"1\",\"title\":\"test\",\"slug\":\"test\",\"postDate\":1543366620,\"expiryDate\":null,\"enabled\":true,\"newParentId\":\"\",\"fields\":{\"23\":[\"39\"],\"22\":[\"38\"]}}','2018-11-28 06:40:22','2018-11-28 06:40:22','f104148b-e9e1-404b-8b4c-25074962b3d9'),(50,14,3,1,1,4,'','{\"typeId\":\"4\",\"authorId\":\"1\",\"title\":\"test\",\"slug\":\"test\",\"postDate\":1543366620,\"expiryDate\":null,\"enabled\":true,\"newParentId\":\"\",\"fields\":{\"23\":[\"39\"],\"24\":\"2018-12-05 04:00:00\",\"22\":[\"38\"]}}','2018-11-28 06:41:40','2018-11-28 06:41:40','b8597f7f-e69a-4d65-b4e3-a99be01b26bb'),(51,43,3,1,1,1,'','{\"typeId\":\"4\",\"authorId\":\"1\",\"title\":\"Test #2\",\"slug\":\"test-2\",\"postDate\":1543389000,\"expiryDate\":null,\"enabled\":true,\"newParentId\":\"\",\"fields\":{\"23\":[\"41\"],\"24\":\"2018-12-17 06:00:00\",\"22\":[\"36\"]}}','2018-11-28 07:10:32','2018-11-28 07:10:32','de433f67-5cec-4d96-a473-9578e4a0dd36'),(52,14,3,1,1,5,'','{\"typeId\":\"4\",\"authorId\":\"1\",\"title\":\"Aenane x proin gravida dolort venetetas perpeta\",\"slug\":\"test\",\"postDate\":1543366620,\"expiryDate\":null,\"enabled\":true,\"newParentId\":\"\",\"fields\":{\"23\":[\"39\"],\"24\":\"2018-12-05 04:00:00\",\"22\":[\"38\"]}}','2018-11-28 07:40:14','2018-11-28 07:40:14','72d10fae-9b52-4634-a7a4-d735e0029ab8'),(53,43,3,1,1,2,'','{\"typeId\":\"4\",\"authorId\":\"1\",\"title\":\"Aenane x proin gravida dolort venetetas perpeta\",\"slug\":\"test-2\",\"postDate\":1543389000,\"expiryDate\":null,\"enabled\":true,\"newParentId\":\"\",\"fields\":{\"23\":[\"41\"],\"24\":\"2018-12-17 06:00:00\",\"22\":[\"36\"]}}','2018-11-28 07:40:16','2018-11-28 07:40:16','0eaf1955-eec8-4886-a129-92030922e46d'),(54,43,3,1,1,3,'','{\"typeId\":\"4\",\"authorId\":\"1\",\"title\":\"Aenane x proin gravida dolort venetetas perpeta Aenane x proin gravida dolort venetetas perpeta\",\"slug\":\"test-2\",\"postDate\":1543389000,\"expiryDate\":null,\"enabled\":true,\"newParentId\":\"\",\"fields\":{\"23\":[\"41\"],\"24\":\"2018-12-17 06:00:00\",\"22\":[\"36\"]}}','2018-11-28 08:23:33','2018-11-28 08:23:33','ce841908-b9a2-4b4d-9b3f-5ea0400b248c'),(55,2,1,1,1,8,'','{\"typeId\":\"1\",\"authorId\":null,\"title\":\"Accueil\",\"slug\":\"accueil\",\"postDate\":1543354560,\"expiryDate\":null,\"enabled\":true,\"newParentId\":null,\"fields\":{\"20\":\"<p>La Maison Painchaud est un Centre Résidentiel Communautaire (CRC) situé dans le quartier Limoilou, à Québec. Notre mission est d’accueillir une clientèle adulte judiciarisée et d’offrir de l’hébergement, de l’encadrement, des services de soutien et d’accompagnement dans le but de favoriser la réinsertion sociale et ce, tout en assurant la protection de la société. Notre clientèle provient des centres de détention et des pénitenciers situés dans la province de Québec.</p>\\n<p>L’intervention y est personnalisée et vise la prise en charge responsable de l’individu dans la communauté, ainsi que l’acquisition d’habiletés relationnelles et sociales. Un programme thérapeutique, la recherche d’emploi, le retour aux études, le bénévolat, les loisirs sont autant de moyens préconisés pour favoriser la réinsertion sociale.</p>\",\"16\":[\"37\"],\"21\":{\"ariaLabel\":null,\"customText\":\"En savoir plus\",\"target\":\"\",\"title\":null,\"type\":\"entry\",\"value\":\"10\"},\"25\":{\"48\":{\"type\":\"partnersTab\",\"enabled\":true,\"collapsed\":false,\"fields\":{\"partnersLogo\":[\"47\"],\"partnersWeb\":{\"ariaLabel\":null,\"customText\":null,\"target\":null,\"title\":null,\"type\":\"url\",\"value\":\"\"}}},\"49\":{\"type\":\"partnersTab\",\"enabled\":true,\"collapsed\":false,\"fields\":{\"partnersLogo\":[\"46\"],\"partnersWeb\":{\"ariaLabel\":null,\"customText\":null,\"target\":null,\"title\":null,\"type\":\"url\",\"value\":\"\"}}},\"50\":{\"type\":\"partnersTab\",\"enabled\":true,\"collapsed\":false,\"fields\":{\"partnersLogo\":[\"45\"],\"partnersWeb\":{\"ariaLabel\":null,\"customText\":null,\"target\":null,\"title\":null,\"type\":\"url\",\"value\":\"\"}}},\"51\":{\"type\":\"partnersTab\",\"enabled\":true,\"collapsed\":false,\"fields\":{\"partnersLogo\":[\"44\"],\"partnersWeb\":{\"ariaLabel\":null,\"customText\":null,\"target\":null,\"title\":null,\"type\":\"url\",\"value\":\"\"}}}},\"19\":\"Favoriser la réinsertion sociale\",\"17\":\"Quel que soit\",\"18\":\"votre passé\"}}','2018-11-30 14:19:22','2018-11-30 14:19:22','a8a33c6c-016c-4aca-9d78-200807c456bf'),(56,2,1,1,1,9,'','{\"typeId\":\"1\",\"authorId\":null,\"title\":\"Accueil\",\"slug\":\"accueil\",\"postDate\":1543354560,\"expiryDate\":null,\"enabled\":true,\"newParentId\":null,\"fields\":{\"20\":\"<p>La Maison Painchaud est un Centre Résidentiel Communautaire (CRC) situé dans le quartier Limoilou, à Québec. Notre mission est d’accueillir une clientèle adulte judiciarisée et d’offrir de l’hébergement, de l’encadrement, des services de soutien et d’accompagnement dans le but de favoriser la réinsertion sociale et ce, tout en assurant la protection de la société. Notre clientèle provient des centres de détention et des pénitenciers situés dans la province de Québec.</p>\\n<p>L’intervention y est personnalisée et vise la prise en charge responsable de l’individu dans la communauté, ainsi que l’acquisition d’habiletés relationnelles et sociales. Un programme thérapeutique, la recherche d’emploi, le retour aux études, le bénévolat, les loisirs sont autant de moyens préconisés pour favoriser la réinsertion sociale.</p>\",\"16\":[\"37\"],\"21\":{\"ariaLabel\":null,\"customText\":\"En savoir plus\",\"target\":\"\",\"title\":null,\"type\":\"entry\",\"value\":\"10\"},\"25\":{\"48\":{\"type\":\"partnersTab\",\"enabled\":true,\"collapsed\":false,\"fields\":{\"partnersLogo\":[\"52\"],\"partnersWeb\":{\"ariaLabel\":null,\"customText\":null,\"target\":null,\"title\":null,\"type\":\"url\",\"value\":\"\"}}},\"49\":{\"type\":\"partnersTab\",\"enabled\":true,\"collapsed\":false,\"fields\":{\"partnersLogo\":[\"53\"],\"partnersWeb\":{\"ariaLabel\":null,\"customText\":null,\"target\":null,\"title\":null,\"type\":\"url\",\"value\":\"\"}}},\"50\":{\"type\":\"partnersTab\",\"enabled\":true,\"collapsed\":false,\"fields\":{\"partnersLogo\":[\"54\"],\"partnersWeb\":{\"ariaLabel\":null,\"customText\":null,\"target\":null,\"title\":null,\"type\":\"url\",\"value\":\"\"}}},\"51\":{\"type\":\"partnersTab\",\"enabled\":true,\"collapsed\":false,\"fields\":{\"partnersLogo\":[\"55\"],\"partnersWeb\":{\"ariaLabel\":null,\"customText\":null,\"target\":null,\"title\":null,\"type\":\"url\",\"value\":\"\"}}}},\"19\":\"Favoriser la réinsertion sociale\",\"17\":\"Quel que soit\",\"18\":\"votre passé\"}}','2018-11-30 15:46:39','2018-11-30 15:46:39','e87992d6-0c36-4c5b-8add-8c52ca3eff6a'),(57,2,1,1,1,10,'','{\"typeId\":\"1\",\"authorId\":null,\"title\":\"Accueil\",\"slug\":\"accueil\",\"postDate\":1543354560,\"expiryDate\":null,\"enabled\":true,\"newParentId\":null,\"fields\":{\"20\":\"<p>La Maison Painchaud est un Centre Résidentiel Communautaire (CRC) situé dans le quartier Limoilou, à Québec. Notre mission est d’accueillir une clientèle adulte judiciarisée et d’offrir de l’hébergement, de l’encadrement, des services de soutien et d’accompagnement dans le but de favoriser la réinsertion sociale et ce, tout en assurant la protection de la société. Notre clientèle provient des centres de détention et des pénitenciers situés dans la province de Québec.</p>\\n<p>L’intervention y est personnalisée et vise la prise en charge responsable de l’individu dans la communauté, ainsi que l’acquisition d’habiletés relationnelles et sociales. Un programme thérapeutique, la recherche d’emploi, le retour aux études, le bénévolat, les loisirs sont autant de moyens préconisés pour favoriser la réinsertion sociale.</p>\",\"16\":[\"37\"],\"21\":{\"ariaLabel\":null,\"customText\":\"En savoir plus\",\"target\":\"\",\"title\":null,\"type\":\"entry\",\"value\":\"10\"},\"25\":{\"48\":{\"type\":\"partnersTab\",\"enabled\":true,\"collapsed\":false,\"fields\":{\"partnersLogo\":[\"52\"],\"partnersWeb\":{\"ariaLabel\":null,\"customText\":null,\"target\":null,\"title\":null,\"type\":\"url\",\"value\":\"\"}}},\"49\":{\"type\":\"partnersTab\",\"enabled\":true,\"collapsed\":false,\"fields\":{\"partnersLogo\":[\"53\"],\"partnersWeb\":{\"ariaLabel\":null,\"customText\":null,\"target\":null,\"title\":null,\"type\":\"url\",\"value\":\"\"}}},\"50\":{\"type\":\"partnersTab\",\"enabled\":true,\"collapsed\":false,\"fields\":{\"partnersLogo\":[\"54\"],\"partnersWeb\":{\"ariaLabel\":null,\"customText\":null,\"target\":null,\"title\":null,\"type\":\"url\",\"value\":\"\"}}},\"51\":{\"type\":\"partnersTab\",\"enabled\":true,\"collapsed\":false,\"fields\":{\"partnersLogo\":[\"55\"],\"partnersWeb\":{\"ariaLabel\":null,\"customText\":null,\"target\":null,\"title\":null,\"type\":\"url\",\"value\":\"\"}}},\"56\":{\"type\":\"partnersTab\",\"enabled\":true,\"collapsed\":false,\"fields\":{\"partnersLogo\":[\"53\"],\"partnersWeb\":{\"ariaLabel\":null,\"customText\":null,\"target\":null,\"title\":null,\"type\":\"url\",\"value\":\"\"}}}},\"19\":\"Favoriser la réinsertion sociale\",\"17\":\"Quel que soit\",\"18\":\"votre passé\"}}','2018-11-30 15:49:32','2018-11-30 15:49:32','e10e1930-5945-4e28-8eb0-c79b08ca3543'),(58,2,1,1,1,11,'','{\"typeId\":\"1\",\"authorId\":null,\"title\":\"Accueil\",\"slug\":\"accueil\",\"postDate\":1543354560,\"expiryDate\":null,\"enabled\":true,\"newParentId\":null,\"fields\":{\"20\":\"<p>La Maison Painchaud est un Centre Résidentiel Communautaire (CRC) situé dans le quartier Limoilou, à Québec. Notre mission est d’accueillir une clientèle adulte judiciarisée et d’offrir de l’hébergement, de l’encadrement, des services de soutien et d’accompagnement dans le but de favoriser la réinsertion sociale et ce, tout en assurant la protection de la société. Notre clientèle provient des centres de détention et des pénitenciers situés dans la province de Québec.</p>\\n<p>L’intervention y est personnalisée et vise la prise en charge responsable de l’individu dans la communauté, ainsi que l’acquisition d’habiletés relationnelles et sociales. Un programme thérapeutique, la recherche d’emploi, le retour aux études, le bénévolat, les loisirs sont autant de moyens préconisés pour favoriser la réinsertion sociale.</p>\",\"16\":[\"37\"],\"21\":{\"ariaLabel\":null,\"customText\":\"En savoir plus\",\"target\":\"\",\"title\":null,\"type\":\"entry\",\"value\":\"10\"},\"25\":{\"48\":{\"type\":\"partnersTab\",\"enabled\":true,\"collapsed\":false,\"fields\":{\"partnersLogo\":[\"52\"],\"partnersWeb\":{\"ariaLabel\":null,\"customText\":null,\"target\":null,\"title\":null,\"type\":\"url\",\"value\":\"\"}}},\"49\":{\"type\":\"partnersTab\",\"enabled\":true,\"collapsed\":false,\"fields\":{\"partnersLogo\":[\"53\"],\"partnersWeb\":{\"ariaLabel\":null,\"customText\":null,\"target\":null,\"title\":null,\"type\":\"url\",\"value\":\"\"}}},\"50\":{\"type\":\"partnersTab\",\"enabled\":true,\"collapsed\":false,\"fields\":{\"partnersLogo\":[\"54\"],\"partnersWeb\":{\"ariaLabel\":null,\"customText\":null,\"target\":null,\"title\":null,\"type\":\"url\",\"value\":\"\"}}},\"51\":{\"type\":\"partnersTab\",\"enabled\":true,\"collapsed\":false,\"fields\":{\"partnersLogo\":[\"55\"],\"partnersWeb\":{\"ariaLabel\":null,\"customText\":null,\"target\":null,\"title\":null,\"type\":\"url\",\"value\":\"\"}}}},\"19\":\"Favoriser la réinsertion sociale\",\"17\":\"Quel que soit\",\"18\":\"votre passé\"}}','2018-11-30 19:15:56','2018-11-30 19:15:56','5848eef9-b577-4491-93e6-9fc538904623'),(59,10,5,1,1,3,'','{\"typeId\":\"6\",\"authorId\":null,\"title\":\"À propos\",\"slug\":\"à-propos\",\"postDate\":1543365960,\"expiryDate\":null,\"enabled\":true,\"newParentId\":null,\"fields\":{\"35\":\"<p>La Maison Painchaud a vu le jour le 8 décembre 1967 grâce à l’apport de la Société de Saint-Vincent-de-Paul. Le nom Painchaud est celui du Dr. Joseph Painchaud, fondateur de cette société à Québec, en 1846.</p>\\n<p>C’est d’ailleurs la Société de la Saint-Vincent-de-Paul de Québec qui a payé les frais d’aménagement des premiers locaux situés au 1, rue Simard à Québec. Par la suite, La Maison Painchaud a pu se loger dans l’ancienne Académie Notre-Dame, coin Des Glacis et Richelieu à la Haute-Ville. Depuis 1980, La Maison Painchaud est établie au 1415, avenue St-Pascal, dans le quartier Limoilou, à deux pas du Parc Maizeret et de l’Hôpital de l’Enfant-Jésus.</p>\\n<p>Depuis le 5 avril 2018, La Maison Painchaud est également propriétaire du 1045 chemin Sainte-Foy, dans la haute-ville de Québec. C’est à cet endroit que les services de surveillance en milieu ouvert seront offerts à compter de juillet 2018.</p>\",\"16\":[\"30\"],\"33\":[],\"34\":\"Au service de la  communauté depuis 1967\"}}','2018-12-01 03:32:46','2018-12-01 03:32:46','d2b5f99e-4f76-4411-85c3-1afca0f335bd'),(60,10,5,1,1,4,'','{\"typeId\":\"6\",\"authorId\":null,\"title\":\"À propos\",\"slug\":\"à-propos\",\"postDate\":1543365960,\"expiryDate\":null,\"enabled\":true,\"newParentId\":null,\"fields\":{\"35\":\"<p>La Maison Painchaud a vu le jour le 8 décembre 1967 grâce à l’apport de la Société de Saint-Vincent-de-Paul. Le nom Painchaud est celui du Dr. Joseph Painchaud, fondateur de cette société à Québec, en 1846.</p>\\n<p>C’est d’ailleurs la Société de la Saint-Vincent-de-Paul de Québec qui a payé les frais d’aménagement des premiers locaux situés au 1, rue Simard à Québec. Par la suite, La Maison Painchaud a pu se loger dans l’ancienne Académie Notre-Dame, coin Des Glacis et Richelieu à la Haute-Ville. Depuis 1980, La Maison Painchaud est établie au 1415, avenue St-Pascal, dans le quartier Limoilou, à deux pas du Parc Maizeret et de l’Hôpital de l’Enfant-Jésus.</p>\\n<p>Depuis le 5 avril 2018, La Maison Painchaud est également propriétaire du 1045 chemin Sainte-Foy, dans la haute-ville de Québec. C’est à cet endroit que les services de surveillance en milieu ouvert seront offerts à compter de juillet 2018.</p>\",\"16\":[\"58\"],\"33\":[],\"34\":\"Au service de la  communauté depuis 1967\"}}','2018-12-01 03:35:04','2018-12-01 03:35:04','933237ee-b305-4760-b803-348dc2d66e98'),(61,10,5,1,1,5,'','{\"typeId\":\"6\",\"authorId\":null,\"title\":\"À propos\",\"slug\":\"à-propos\",\"postDate\":1543365960,\"expiryDate\":null,\"enabled\":true,\"newParentId\":null,\"fields\":{\"35\":\"<p>La Maison Painchaud a vu le jour le 8 décembre 1967 grâce à l’apport de la Société de Saint-Vincent-de-Paul. Le nom Painchaud est celui du Dr. Joseph Painchaud, fondateur de cette société à Québec, en 1846.</p>\\n<p>C’est d’ailleurs la Société de la Saint-Vincent-de-Paul de Québec qui a payé les frais d’aménagement des premiers locaux situés au 1, rue Simard à Québec. Par la suite, La Maison Painchaud a pu se loger dans l’ancienne Académie Notre-Dame, coin Des Glacis et Richelieu à la Haute-Ville. Depuis 1980, La Maison Painchaud est établie au 1415, avenue St-Pascal, dans le quartier Limoilou, à deux pas du Parc Maizeret et de l’Hôpital de l’Enfant-Jésus.</p>\\n<p>Depuis le 5 avril 2018, La Maison Painchaud est également propriétaire du 1045 chemin Sainte-Foy, dans la haute-ville de Québec. C’est à cet endroit que les services de surveillance en milieu ouvert seront offerts à compter de juillet 2018.</p>\",\"16\":[\"58\"],\"33\":[\"59\"],\"34\":\"Au service de la  communauté depuis 1967\"}}','2018-12-01 03:41:42','2018-12-01 03:41:42','0eb057ad-cb97-490d-b00a-95a7efbd0dcb'),(62,10,5,1,1,6,'','{\"typeId\":\"6\",\"authorId\":null,\"title\":\"À propos\",\"slug\":\"à-propos\",\"postDate\":1543365960,\"expiryDate\":null,\"enabled\":true,\"newParentId\":null,\"fields\":{\"35\":\"<p>La Maison Painchaud a vu le jour le 8 décembre 1967 grâce à l’apport de la Société de Saint-Vincent-de-Paul. Le nom Painchaud est celui du Dr. Joseph Painchaud, fondateur de cette société à Québec, en 1846.</p>\\n<p>C’est d’ailleurs la Société de la Saint-Vincent-de-Paul de Québec qui a payé les frais d’aménagement des premiers locaux situés au 1, rue Simard à Québec. Par la suite, La Maison Painchaud a pu se loger dans l’ancienne Académie Notre-Dame, coin Des Glacis et Richelieu à la Haute-Ville. Depuis 1980, La Maison Painchaud est établie au 1415, avenue St-Pascal, dans le quartier Limoilou, à deux pas du Parc Maizeret et de l’Hôpital de l’Enfant-Jésus.</p>\\n<p>Depuis le 5 avril 2018, La Maison Painchaud est également propriétaire du 1045 chemin Sainte-Foy, dans la haute-ville de Québec. C’est à cet endroit que les services de surveillance en milieu ouvert seront offerts à compter de juillet 2018.</p>\",\"37\":\"<p>La Maison Painchaud regroupe un personnel qualifié et une équipe multidisciplinaire dynamique composée d’éducateurs spécialisés, de criminologues, de conseillers en orientation, de travailleurs sociaux et de psycho-éducateurs.</p>\\n<p>La Maison Painchaud est également régie par un conseil d’administration composé de 7 membres dont le rôle est de veiller aux intérêts de l’organisation et au respect de sa mission.</p>\\n\",\"16\":[\"58\"],\"33\":[\"59\"],\"38\":[],\"34\":\"Au service de la  communauté depuis 1967\",\"36\":\"Notre équipe\"}}','2018-12-01 05:09:52','2018-12-01 05:09:52','5dafac48-8a87-4d5e-bddc-0f65f3a2dc32'),(63,10,5,1,1,7,'','{\"typeId\":\"6\",\"authorId\":null,\"title\":\"À propos\",\"slug\":\"à-propos\",\"postDate\":1543365960,\"expiryDate\":null,\"enabled\":true,\"newParentId\":null,\"fields\":{\"35\":\"<p>La Maison Painchaud a vu le jour le 8 décembre 1967 grâce à l’apport de la Société de Saint-Vincent-de-Paul. Le nom Painchaud est celui du Dr. Joseph Painchaud, fondateur de cette société à Québec, en 1846.</p>\\n<p>C’est d’ailleurs la Société de la Saint-Vincent-de-Paul de Québec qui a payé les frais d’aménagement des premiers locaux situés au 1, rue Simard à Québec. Par la suite, La Maison Painchaud a pu se loger dans l’ancienne Académie Notre-Dame, coin Des Glacis et Richelieu à la Haute-Ville. Depuis 1980, La Maison Painchaud est établie au 1415, avenue St-Pascal, dans le quartier Limoilou, à deux pas du Parc Maizeret et de l’Hôpital de l’Enfant-Jésus.</p>\\n<p>Depuis le 5 avril 2018, La Maison Painchaud est également propriétaire du 1045 chemin Sainte-Foy, dans la haute-ville de Québec. C’est à cet endroit que les services de surveillance en milieu ouvert seront offerts à compter de juillet 2018.</p>\",\"37\":\"<p>La Maison Painchaud regroupe un personnel qualifié et une équipe multidisciplinaire dynamique composée d’éducateurs spécialisés, de criminologues, de conseillers en orientation, de travailleurs sociaux et de psycho-éducateurs.</p>\\n<p>La Maison Painchaud est également régie par un conseil d’administration composé de 7 membres dont le rôle est de veiller aux intérêts de l’organisation et au respect de sa mission.</p>\",\"16\":[\"58\"],\"33\":[\"59\"],\"38\":{\"60\":{\"type\":\"teamMemberTab\",\"enabled\":true,\"collapsed\":false,\"fields\":{\"teamMemberName\":\"Christine Lamarche, CRHA\",\"teamMemberRole\":\"Directrice générale\",\"teamMemberPhone\":\"232\",\"teamMemberEmail\":\"clamarche@maisonpainchaud.org\",\"teamMemberBio\":\"<p>Christine Lamarche est détentrice d’un baccalauréat en psychologie et d’un certificat universitaire en gestion des ressources humaines. Elle a complété le programme Complexité, conscience et gestion offert aux cadres par la faculté d’administration de l’Université Laval.<br /></p>\\n<p>Depuis 2006, elle est membre de l’Ordre des conseillers en ressources humaines agréés (CRHA). Christine a débuté sa carrière en intervention clinique en CRC avant de se diriger en ressources humaines. Pendant plus de dix ans, elle a occupé des postes à responsabilité croissante en gestion des ressources humaines dans les secteurs privé et public avant de joindre La Maison Painchaud, en 2009, à titre de directrice générale. </p>\\n<p>Elle est chargée de la gestion et de la direction générale des activités de l’organisation dans le but d’en réaliser la mission et les objectifs. Elle assure la supervision des membres de l’équipe de gestion.</p>\"}}},\"34\":\"Au service de la  communauté depuis 1967\",\"36\":\"Notre équipe\"}}','2018-12-01 05:17:36','2018-12-01 05:17:36','62f5f100-d44c-4729-b06f-9ef598c5be33'),(64,10,5,1,1,8,'','{\"typeId\":\"6\",\"authorId\":null,\"title\":\"À propos\",\"slug\":\"à-propos\",\"postDate\":1543365960,\"expiryDate\":null,\"enabled\":true,\"newParentId\":null,\"fields\":{\"35\":\"<p>La Maison Painchaud a vu le jour le 8 décembre 1967 grâce à l’apport de la Société de Saint-Vincent-de-Paul. Le nom Painchaud est celui du Dr. Joseph Painchaud, fondateur de cette société à Québec, en 1846.</p>\\n<p>C’est d’ailleurs la Société de la Saint-Vincent-de-Paul de Québec qui a payé les frais d’aménagement des premiers locaux situés au 1, rue Simard à Québec. Par la suite, La Maison Painchaud a pu se loger dans l’ancienne Académie Notre-Dame, coin Des Glacis et Richelieu à la Haute-Ville. Depuis 1980, La Maison Painchaud est établie au 1415, avenue St-Pascal, dans le quartier Limoilou, à deux pas du Parc Maizeret et de l’Hôpital de l’Enfant-Jésus.</p>\\n<p>Depuis le 5 avril 2018, La Maison Painchaud est également propriétaire du 1045 chemin Sainte-Foy, dans la haute-ville de Québec. C’est à cet endroit que les services de surveillance en milieu ouvert seront offerts à compter de juillet 2018.</p>\",\"37\":\"<p>La Maison Painchaud regroupe un personnel qualifié et une équipe multidisciplinaire dynamique composée d’éducateurs spécialisés, de criminologues, de conseillers en orientation, de travailleurs sociaux et de psycho-éducateurs.</p>\\n<p>La Maison Painchaud est également régie par un conseil d’administration composé de 7 membres dont le rôle est de veiller aux intérêts de l’organisation et au respect de sa mission.</p>\",\"16\":[\"58\"],\"33\":[\"59\"],\"38\":{\"61\":{\"type\":\"teamMemberTab\",\"enabled\":true,\"collapsed\":false,\"fields\":{\"teamMemberName\":\"Christine Lamarche, CRHA\",\"teamMemberRole\":\"Directrice générale\",\"teamMemberPhone\":\"232\",\"teamMemberEmail\":\"clamarche@maisonpainchaud.org\",\"teamMemberBio\":\"<p>Christine Lamarche est détentrice d’un baccalauréat en psychologie et d’un certificat universitaire en gestion des ressources humaines. Elle a complété le programme Complexité, conscience et gestion offert aux cadres par la faculté d’administration de l’Université Laval.<br /></p>\\n<p>Depuis 2006, elle est membre de l’Ordre des conseillers en ressources humaines agréés (CRHA). Christine a débuté sa carrière en intervention clinique en CRC avant de se diriger en ressources humaines. Pendant plus de dix ans, elle a occupé des postes à responsabilité croissante en gestion des ressources humaines dans les secteurs privé et public avant de joindre La Maison Painchaud, en 2009, à titre de directrice générale. </p>\\n<p>Elle est chargée de la gestion et de la direction générale des activités de l’organisation dans le but d’en réaliser la mission et les objectifs. Elle assure la supervision des membres de l’équipe de gestion.</p>\"}}},\"34\":\"Au service de la  communauté depuis 1967\",\"36\":\"Notre équipe\"}}','2018-12-01 05:17:36','2018-12-01 05:17:36','1b126dee-bab4-4c7a-993d-551b90cfbdb0'),(65,10,5,1,1,9,'','{\"typeId\":\"6\",\"authorId\":null,\"title\":\"À propos\",\"slug\":\"à-propos\",\"postDate\":1543365960,\"expiryDate\":null,\"enabled\":true,\"newParentId\":null,\"fields\":{\"35\":\"<p>La Maison Painchaud a vu le jour le 8 décembre 1967 grâce à l’apport de la Société de Saint-Vincent-de-Paul. Le nom Painchaud est celui du Dr. Joseph Painchaud, fondateur de cette société à Québec, en 1846.</p>\\n<p>C’est d’ailleurs la Société de la Saint-Vincent-de-Paul de Québec qui a payé les frais d’aménagement des premiers locaux situés au 1, rue Simard à Québec. Par la suite, La Maison Painchaud a pu se loger dans l’ancienne Académie Notre-Dame, coin Des Glacis et Richelieu à la Haute-Ville. Depuis 1980, La Maison Painchaud est établie au 1415, avenue St-Pascal, dans le quartier Limoilou, à deux pas du Parc Maizeret et de l’Hôpital de l’Enfant-Jésus.</p>\\n<p>Depuis le 5 avril 2018, La Maison Painchaud est également propriétaire du 1045 chemin Sainte-Foy, dans la haute-ville de Québec. C’est à cet endroit que les services de surveillance en milieu ouvert seront offerts à compter de juillet 2018.</p>\",\"37\":\"<p>La Maison Painchaud regroupe un personnel qualifié et une équipe multidisciplinaire dynamique composée d’éducateurs spécialisés, de criminologues, de conseillers en orientation, de travailleurs sociaux et de psycho-éducateurs.</p>\\n<p>La Maison Painchaud est également régie par un conseil d’administration composé de 7 membres dont le rôle est de veiller aux intérêts de l’organisation et au respect de sa mission.</p>\",\"16\":[\"58\"],\"33\":[\"59\"],\"38\":{\"61\":{\"type\":\"teamMemberTab\",\"enabled\":true,\"collapsed\":false,\"fields\":{\"teamMemberName\":\"Christine Lamarche, CRHA\",\"teamMemberRole\":\"Directrice générale\",\"teamMemberPhone\":\"232\",\"teamMemberEmail\":\"clamarche@maisonpainchaud.org\",\"teamMemberBio\":\"<p>Christine Lamarche est détentrice d’un baccalauréat en psychologie et d’un certificat universitaire en gestion des ressources humaines. Elle a complété le programme Complexité, conscience et gestion offert aux cadres par la faculté d’administration de l’Université Laval.<br /></p>\\n<p>Depuis 2006, elle est membre de l’Ordre des conseillers en ressources humaines agréés (CRHA). Christine a débuté sa carrière en intervention clinique en CRC avant de se diriger en ressources humaines. Pendant plus de dix ans, elle a occupé des postes à responsabilité croissante en gestion des ressources humaines dans les secteurs privé et public avant de joindre La Maison Painchaud, en 2009, à titre de directrice générale. </p>\\n<p>Elle est chargée de la gestion et de la direction générale des activités de l’organisation dans le but d’en réaliser la mission et les objectifs. Elle assure la supervision des membres de l’équipe de gestion.</p>\"}},\"62\":{\"type\":\"teamMemberTab\",\"enabled\":true,\"collapsed\":false,\"fields\":{\"teamMemberName\":\"Annie Leclerc, CRHA\",\"teamMemberRole\":null,\"teamMemberPhone\":null,\"teamMemberEmail\":\"\",\"teamMemberBio\":null}}},\"34\":\"Au service de la  communauté depuis 1967\",\"36\":\"Notre équipe\"}}','2018-12-01 05:58:56','2018-12-01 05:58:56','b145de34-f4cf-424a-90f3-a36afa49a0fe'),(66,10,5,1,1,10,'','{\"typeId\":\"6\",\"authorId\":null,\"title\":\"À propos\",\"slug\":\"à-propos\",\"postDate\":1543365960,\"expiryDate\":null,\"enabled\":true,\"newParentId\":null,\"fields\":{\"35\":\"<p>La Maison Painchaud a vu le jour le 8 décembre 1967 grâce à l’apport de la Société de Saint-Vincent-de-Paul. Le nom Painchaud est celui du Dr. Joseph Painchaud, fondateur de cette société à Québec, en 1846.</p>\\n<p>C’est d’ailleurs la Société de la Saint-Vincent-de-Paul de Québec qui a payé les frais d’aménagement des premiers locaux situés au 1, rue Simard à Québec. Par la suite, La Maison Painchaud a pu se loger dans l’ancienne Académie Notre-Dame, coin Des Glacis et Richelieu à la Haute-Ville. Depuis 1980, La Maison Painchaud est établie au 1415, avenue St-Pascal, dans le quartier Limoilou, à deux pas du Parc Maizeret et de l’Hôpital de l’Enfant-Jésus.</p>\\n<p>Depuis le 5 avril 2018, La Maison Painchaud est également propriétaire du 1045 chemin Sainte-Foy, dans la haute-ville de Québec. C’est à cet endroit que les services de surveillance en milieu ouvert seront offerts à compter de juillet 2018.</p>\",\"37\":\"<p>La Maison Painchaud regroupe un personnel qualifié et une équipe multidisciplinaire dynamique composée d’éducateurs spécialisés, de criminologues, de conseillers en orientation, de travailleurs sociaux et de psycho-éducateurs.</p>\\n<p>La Maison Painchaud est également régie par un conseil d’administration composé de 7 membres dont le rôle est de veiller aux intérêts de l’organisation et au respect de sa mission.</p>\",\"16\":[\"58\"],\"33\":[\"59\"],\"38\":{\"61\":{\"type\":\"teamMemberTab\",\"enabled\":true,\"collapsed\":false,\"fields\":{\"teamMemberName\":\"Christine Lamarche, CRHA\",\"teamMemberRole\":\"Directrice générale\",\"teamMemberPhone\":\"232\",\"teamMemberEmail\":\"clamarche@maisonpainchaud.org\",\"teamMemberBio\":\"<p>Christine Lamarche est détentrice d’un baccalauréat en psychologie et d’un certificat universitaire en gestion des ressources humaines. Elle a complété le programme Complexité, conscience et gestion offert aux cadres par la faculté d’administration de l’Université Laval.<br /></p>\\n<p>Depuis 2006, elle est membre de l’Ordre des conseillers en ressources humaines agréés (CRHA). Christine a débuté sa carrière en intervention clinique en CRC avant de se diriger en ressources humaines. Pendant plus de dix ans, elle a occupé des postes à responsabilité croissante en gestion des ressources humaines dans les secteurs privé et public avant de joindre La Maison Painchaud, en 2009, à titre de directrice générale. </p>\\n<p>Elle est chargée de la gestion et de la direction générale des activités de l’organisation dans le but d’en réaliser la mission et les objectifs. Elle assure la supervision des membres de l’équipe de gestion.</p>\"}},\"62\":{\"type\":\"teamMemberTab\",\"enabled\":true,\"collapsed\":false,\"fields\":{\"teamMemberName\":\"Annie Leclerc, CRHA\",\"teamMemberRole\":null,\"teamMemberPhone\":null,\"teamMemberEmail\":\"\",\"teamMemberBio\":null}},\"63\":{\"type\":\"teamMemberTab\",\"enabled\":true,\"collapsed\":false,\"fields\":{\"teamMemberName\":\"Maude Paré Cardinal\",\"teamMemberRole\":null,\"teamMemberPhone\":null,\"teamMemberEmail\":\"\",\"teamMemberBio\":null}}},\"34\":\"Au service de la  communauté depuis 1967\",\"36\":\"Notre équipe\"}}','2018-12-01 05:59:17','2018-12-01 05:59:17','dc57de0e-4a9c-462d-be9e-89847f951989'),(67,10,5,1,1,11,'','{\"typeId\":\"6\",\"authorId\":null,\"title\":\"À propos\",\"slug\":\"à-propos\",\"postDate\":1543365960,\"expiryDate\":null,\"enabled\":true,\"newParentId\":null,\"fields\":{\"35\":\"<p>La Maison Painchaud a vu le jour le 8 décembre 1967 grâce à l’apport de la Société de Saint-Vincent-de-Paul. Le nom Painchaud est celui du Dr. Joseph Painchaud, fondateur de cette société à Québec, en 1846.</p>\\n<p>C’est d’ailleurs la Société de la Saint-Vincent-de-Paul de Québec qui a payé les frais d’aménagement des premiers locaux situés au 1, rue Simard à Québec. Par la suite, La Maison Painchaud a pu se loger dans l’ancienne Académie Notre-Dame, coin Des Glacis et Richelieu à la Haute-Ville. Depuis 1980, La Maison Painchaud est établie au 1415, avenue St-Pascal, dans le quartier Limoilou, à deux pas du Parc Maizeret et de l’Hôpital de l’Enfant-Jésus.</p>\\n<p>Depuis le 5 avril 2018, La Maison Painchaud est également propriétaire du 1045 chemin Sainte-Foy, dans la haute-ville de Québec. C’est à cet endroit que les services de surveillance en milieu ouvert seront offerts à compter de juillet 2018.</p>\",\"37\":\"<p>La Maison Painchaud regroupe un personnel qualifié et une équipe multidisciplinaire dynamique composée d’éducateurs spécialisés, de criminologues, de conseillers en orientation, de travailleurs sociaux et de psycho-éducateurs.</p>\\n<p>La Maison Painchaud est également régie par un conseil d’administration composé de 7 membres dont le rôle est de veiller aux intérêts de l’organisation et au respect de sa mission.</p>\",\"16\":[\"58\"],\"33\":[\"59\"],\"38\":{\"61\":{\"type\":\"teamMemberTab\",\"enabled\":true,\"collapsed\":false,\"fields\":{\"teamMemberName\":\"Christine Lamarche, CRHA\",\"teamMemberRole\":\"Directrice générale\",\"teamMemberPhone\":\"232\",\"teamMemberEmail\":\"clamarche@maisonpainchaud.org\",\"teamMemberBio\":\"<p>Christine Lamarche est détentrice d’un baccalauréat en psychologie et d’un certificat universitaire en gestion des ressources humaines. Elle a complété le programme Complexité, conscience et gestion offert aux cadres par la faculté d’administration de l’Université Laval.<br /></p>\\n<p>Depuis 2006, elle est membre de l’Ordre des conseillers en ressources humaines agréés (CRHA). Christine a débuté sa carrière en intervention clinique en CRC avant de se diriger en ressources humaines. Pendant plus de dix ans, elle a occupé des postes à responsabilité croissante en gestion des ressources humaines dans les secteurs privé et public avant de joindre La Maison Painchaud, en 2009, à titre de directrice générale. </p>\\n<p>Elle est chargée de la gestion et de la direction générale des activités de l’organisation dans le but d’en réaliser la mission et les objectifs. Elle assure la supervision des membres de l’équipe de gestion.</p>\"}},\"62\":{\"type\":\"teamMemberTab\",\"enabled\":true,\"collapsed\":false,\"fields\":{\"teamMemberName\":\"Annie Leclerc, CRHA\",\"teamMemberRole\":null,\"teamMemberPhone\":null,\"teamMemberEmail\":\"\",\"teamMemberBio\":null}},\"63\":{\"type\":\"teamMemberTab\",\"enabled\":true,\"collapsed\":false,\"fields\":{\"teamMemberName\":\"Maude Paré Cardinal\",\"teamMemberRole\":\"Coordonnatrice des ressources humaines et financières\",\"teamMemberPhone\":\"233\",\"teamMemberEmail\":\"aleclerc@maisonpainchaud.org\",\"teamMemberBio\":\"<p>Annie Leclerc est détentrice d’un baccalauréat en relations industrielles, d’un certificat universitaire en psychologie et d’une technique collégiale en comptabilité et gestion. Elle est membre de l’Ordre des conseillers en ressources humaines agréés (CRHA). </p>\\n<p>Elle a travaillé plusieurs années au sein d’une organisation publique. Ses principales responsabilités sont la comptabilité, la paie, les relations avec les fournisseurs et la gestion des ressources humaines et administratives de La Maison Painchaud. </p>\\n<p>Elle s’est jointe à La Maison Painchaud en 2015. Elle assure la supervision du personnel du service alimentaire et effectue la liaison avec l’équipe d’agents de sécurité.</p>\"}}},\"34\":\"Au service de la  communauté depuis 1967\",\"36\":\"Notre équipe\"}}','2018-12-01 06:09:57','2018-12-01 06:09:57','5c1f2e05-0b09-42c2-b7b5-556550822fec'),(68,10,5,1,1,12,'','{\"typeId\":\"6\",\"authorId\":null,\"title\":\"À propos\",\"slug\":\"à-propos\",\"postDate\":1543365960,\"expiryDate\":null,\"enabled\":true,\"newParentId\":null,\"fields\":{\"35\":\"<p>La Maison Painchaud a vu le jour le 8 décembre 1967 grâce à l’apport de la Société de Saint-Vincent-de-Paul. Le nom Painchaud est celui du Dr. Joseph Painchaud, fondateur de cette société à Québec, en 1846.</p>\\n<p>C’est d’ailleurs la Société de la Saint-Vincent-de-Paul de Québec qui a payé les frais d’aménagement des premiers locaux situés au 1, rue Simard à Québec. Par la suite, La Maison Painchaud a pu se loger dans l’ancienne Académie Notre-Dame, coin Des Glacis et Richelieu à la Haute-Ville. Depuis 1980, La Maison Painchaud est établie au 1415, avenue St-Pascal, dans le quartier Limoilou, à deux pas du Parc Maizeret et de l’Hôpital de l’Enfant-Jésus.</p>\\n<p>Depuis le 5 avril 2018, La Maison Painchaud est également propriétaire du 1045 chemin Sainte-Foy, dans la haute-ville de Québec. C’est à cet endroit que les services de surveillance en milieu ouvert seront offerts à compter de juillet 2018.</p>\",\"37\":\"<p>La Maison Painchaud regroupe un personnel qualifié et une équipe multidisciplinaire dynamique composée d’éducateurs spécialisés, de criminologues, de conseillers en orientation, de travailleurs sociaux et de psycho-éducateurs.</p>\\n<p>La Maison Painchaud est également régie par un conseil d’administration composé de 7 membres dont le rôle est de veiller aux intérêts de l’organisation et au respect de sa mission.</p>\",\"16\":[\"58\"],\"33\":[\"59\"],\"38\":{\"61\":{\"type\":\"teamMemberTab\",\"enabled\":true,\"collapsed\":false,\"fields\":{\"teamMemberName\":\"Christine Lamarche, CRHA\",\"teamMemberRole\":\"Directrice générale\",\"teamMemberPhone\":\"232\",\"teamMemberEmail\":\"clamarche@maisonpainchaud.org\",\"teamMemberBio\":\"<p>Christine Lamarche est détentrice d’un baccalauréat en psychologie et d’un certificat universitaire en gestion des ressources humaines. Elle a complété le programme Complexité, conscience et gestion offert aux cadres par la faculté d’administration de l’Université Laval.<br /></p>\\n<p>Depuis 2006, elle est membre de l’Ordre des conseillers en ressources humaines agréés (CRHA). Christine a débuté sa carrière en intervention clinique en CRC avant de se diriger en ressources humaines. Pendant plus de dix ans, elle a occupé des postes à responsabilité croissante en gestion des ressources humaines dans les secteurs privé et public avant de joindre La Maison Painchaud, en 2009, à titre de directrice générale. </p>\\n<p>Elle est chargée de la gestion et de la direction générale des activités de l’organisation dans le but d’en réaliser la mission et les objectifs. Elle assure la supervision des membres de l’équipe de gestion.</p>\"}},\"62\":{\"type\":\"teamMemberTab\",\"enabled\":true,\"collapsed\":false,\"fields\":{\"teamMemberName\":\"Annie Leclerc, CRHA\",\"teamMemberRole\":\"Coordonnatrice des ressources humaines et financières\",\"teamMemberPhone\":\"233\",\"teamMemberEmail\":\"aleclerc@maisonpainchaud.org\",\"teamMemberBio\":\"<p>Annie Leclerc est détentrice d’un baccalauréat en relations industrielles, d’un certificat universitaire en psychologie et d’une technique collégiale en comptabilité et gestion. Elle est membre de l’Ordre des conseillers en ressources humaines agréés (CRHA).</p>\\n<p>Elle a travaillé plusieurs années au sein d’une organisation publique. Ses principales responsabilités sont la comptabilité, la paie, les relations avec les fournisseurs et la gestion des ressources humaines et administratives de La Maison Painchaud.</p>\\n<p>Elle s’est jointe à La Maison Painchaud en 2015. Elle assure la supervision du personnel du service alimentaire et effectue la liaison avec l’équipe d’agents de sécurité.</p>\"}},\"63\":{\"type\":\"teamMemberTab\",\"enabled\":true,\"collapsed\":false,\"fields\":{\"teamMemberName\":\"Maude Paré Cardinal\",\"teamMemberRole\":null,\"teamMemberPhone\":null,\"teamMemberEmail\":\"\",\"teamMemberBio\":\"\"}}},\"34\":\"Au service de la  communauté depuis 1967\",\"36\":\"Notre équipe\"}}','2018-12-01 06:11:24','2018-12-01 06:11:24','69da209d-49c9-4b0b-959c-da108de50ef3'),(69,10,5,1,1,13,'','{\"typeId\":\"6\",\"authorId\":null,\"title\":\"À propos\",\"slug\":\"à-propos\",\"postDate\":1543365960,\"expiryDate\":null,\"enabled\":true,\"newParentId\":null,\"fields\":{\"35\":\"<p>La Maison Painchaud a vu le jour le 8 décembre 1967 grâce à l’apport de la Société de Saint-Vincent-de-Paul. Le nom Painchaud est celui du Dr. Joseph Painchaud, fondateur de cette société à Québec, en 1846.</p>\\n<p>C’est d’ailleurs la Société de la Saint-Vincent-de-Paul de Québec qui a payé les frais d’aménagement des premiers locaux situés au 1, rue Simard à Québec. Par la suite, La Maison Painchaud a pu se loger dans l’ancienne Académie Notre-Dame, coin Des Glacis et Richelieu à la Haute-Ville. Depuis 1980, La Maison Painchaud est établie au 1415, avenue St-Pascal, dans le quartier Limoilou, à deux pas du Parc Maizeret et de l’Hôpital de l’Enfant-Jésus.</p>\\n<p>Depuis le 5 avril 2018, La Maison Painchaud est également propriétaire du 1045 chemin Sainte-Foy, dans la haute-ville de Québec. C’est à cet endroit que les services de surveillance en milieu ouvert seront offerts à compter de juillet 2018.</p>\",\"37\":\"<p>La Maison Painchaud regroupe un personnel qualifié et une équipe multidisciplinaire dynamique composée d’éducateurs spécialisés, de criminologues, de conseillers en orientation, de travailleurs sociaux et de psycho-éducateurs.</p>\\n<p>La Maison Painchaud est également régie par un conseil d’administration composé de 7 membres dont le rôle est de veiller aux intérêts de l’organisation et au respect de sa mission.</p>\",\"16\":[\"58\"],\"33\":[\"59\"],\"38\":{\"61\":{\"type\":\"teamMemberTab\",\"enabled\":true,\"collapsed\":false,\"fields\":{\"teamMemberName\":\"Christine Lamarche, CRHA\",\"teamMemberRole\":\"Directrice générale\",\"teamMemberPhone\":\"232\",\"teamMemberEmail\":\"clamarche@maisonpainchaud.org\",\"teamMemberBio\":\"<p>Christine Lamarche est détentrice d’un baccalauréat en psychologie et d’un certificat universitaire en gestion des ressources humaines. Elle a complété le programme Complexité, conscience et gestion offert aux cadres par la faculté d’administration de l’Université Laval.<br /></p>\\n<p>Depuis 2006, elle est membre de l’Ordre des conseillers en ressources humaines agréés (CRHA). Christine a débuté sa carrière en intervention clinique en CRC avant de se diriger en ressources humaines. Pendant plus de dix ans, elle a occupé des postes à responsabilité croissante en gestion des ressources humaines dans les secteurs privé et public avant de joindre La Maison Painchaud, en 2009, à titre de directrice générale. </p>\\n<p>Elle est chargée de la gestion et de la direction générale des activités de l’organisation dans le but d’en réaliser la mission et les objectifs. Elle assure la supervision des membres de l’équipe de gestion.</p>\"}},\"62\":{\"type\":\"teamMemberTab\",\"enabled\":true,\"collapsed\":false,\"fields\":{\"teamMemberName\":\"Annie Leclerc, CRHA\",\"teamMemberRole\":\"Coordonnatrice des ressources humaines et financières\",\"teamMemberPhone\":\"233\",\"teamMemberEmail\":\"aleclerc@maisonpainchaud.org\",\"teamMemberBio\":\"<p>Annie Leclerc est détentrice d’un baccalauréat en relations industrielles, d’un certificat universitaire en psychologie et d’une technique collégiale en comptabilité et gestion. Elle est membre de l’Ordre des conseillers en ressources humaines agréés (CRHA).</p>\\n<p>Elle a travaillé plusieurs années au sein d’une organisation publique. Ses principales responsabilités sont la comptabilité, la paie, les relations avec les fournisseurs et la gestion des ressources humaines et administratives de La Maison Painchaud.</p>\\n<p>Elle s’est jointe à La Maison Painchaud en 2015. Elle assure la supervision du personnel du service alimentaire et effectue la liaison avec l’équipe d’agents de sécurité.</p>\"}},\"63\":{\"type\":\"teamMemberTab\",\"enabled\":true,\"collapsed\":false,\"fields\":{\"teamMemberName\":\"Maude Paré Cardinal\",\"teamMemberRole\":\"Chef d’équipe à l’hébergement\",\"teamMemberPhone\":\"223\",\"teamMemberEmail\":\"mparecardinal@maisonpainchaud.org\",\"teamMemberBio\":\"<p>Maude Paré Cardinal possède un baccalauréat en psychologie, une maîtrise en criminologie, un certificat en toxicomanie ainsi que le microprogramme en sexualité humaine offert à l’Université Laval. Elle travaille à La Maison Painchaud depuis 2015. </p>\\n\\n<p>Elle a occupé un poste d’intervenante clinique à la surveillance en milieu ouvert, d’intervenante aux programmes et à l’hébergement. Elle a été nommée au poste de chef d’équipe à l’hébergement à l’été 2018. Elle possède une solide expérience du suivi de la clientèle contrevenante de même que de la clientèle marginale ayant, au préalable, été travailleuse de milieu pendant plusieurs années. </p>\\n<p>Maude est responsable de l’encadrement de l’équipe d’intervenantes à l’hébergement. Elle est également en charge des évaluations en vue d’une admission fédérales et provinciales.</p>\"}},\"64\":{\"type\":\"teamMemberTab\",\"enabled\":true,\"collapsed\":false,\"fields\":{\"teamMemberName\":\"Marie-Christine Girard\",\"teamMemberRole\":\"Chef d’équipe à la surveillance en milieu ouvert et aux programmes\",\"teamMemberPhone\":\"227\",\"teamMemberEmail\":\"mcgirard@maisonpainchaud.org\",\"teamMemberBio\":\"<p>Marie-Christine Girard détient un baccalauréat en travail social ainsi qu’un certificat en sexualité humaine (abus sexuels) de l’Université Laval. </p>\\n\\n<p>Elle travaille à La Maison Painchaud depuis 2007. Elle est responsable de l’encadrement de l’équipe de la SMO, de celle des intervenants aux programmes, des évaluations à l’Établissement de détention de Québec (EDQ) et de l’admission de la clientèle provinciale à La Maison Painchaud. Marie-Christine détient une excellente maîtrise du suivi des contrevenants sous juridiction provinciale ayant, pendant plusieurs années, effectué le suivi de cette clientèle. </p>\\n<p>À travers ses nombreuses années à La Maison Painchaud, elle a collaboré à l’animation des programmes thérapeutiques de l’organisation, leur révision et leur évaluation.</p>\"}}},\"34\":\"Au service de la  communauté depuis 1967\",\"36\":\"Notre équipe\"}}','2018-12-01 06:28:44','2018-12-01 06:28:44','12b7efd7-5e16-4ce8-8099-ac8c88fa76da'),(70,10,5,1,1,14,'','{\"typeId\":\"6\",\"authorId\":null,\"title\":\"À propos\",\"slug\":\"à-propos\",\"postDate\":1543365960,\"expiryDate\":null,\"enabled\":true,\"newParentId\":null,\"fields\":{\"35\":\"<p>La Maison Painchaud a vu le jour le 8 décembre 1967 grâce à l’apport de la Société de Saint-Vincent-de-Paul. Le nom Painchaud est celui du Dr. Joseph Painchaud, fondateur de cette société à Québec, en 1846.</p>\\n<p>C’est d’ailleurs la Société de la Saint-Vincent-de-Paul de Québec qui a payé les frais d’aménagement des premiers locaux situés au 1, rue Simard à Québec. Par la suite, La Maison Painchaud a pu se loger dans l’ancienne Académie Notre-Dame, coin Des Glacis et Richelieu à la Haute-Ville. Depuis 1980, La Maison Painchaud est établie au 1415, avenue St-Pascal, dans le quartier Limoilou, à deux pas du Parc Maizeret et de l’Hôpital de l’Enfant-Jésus.</p>\\n<p>Depuis le 5 avril 2018, La Maison Painchaud est également propriétaire du 1045 chemin Sainte-Foy, dans la haute-ville de Québec. C’est à cet endroit que les services de surveillance en milieu ouvert seront offerts à compter de juillet 2018.</p>\",\"37\":\"<p>La Maison Painchaud regroupe un personnel qualifié et une équipe multidisciplinaire dynamique composée d’éducateurs spécialisés, de criminologues, de conseillers en orientation, de travailleurs sociaux et de psycho-éducateurs.</p>\\n<p>La Maison Painchaud est également régie par un conseil d’administration composé de 7 membres dont le rôle est de veiller aux intérêts de l’organisation et au respect de sa mission.</p>\",\"45\":[],\"16\":[\"58\"],\"33\":[\"59\"],\"38\":{\"61\":{\"type\":\"teamMemberTab\",\"enabled\":true,\"collapsed\":false,\"fields\":{\"teamMemberName\":\"Christine Lamarche, CRHA\",\"teamMemberRole\":\"Directrice générale\",\"teamMemberPhone\":\"232\",\"teamMemberEmail\":\"clamarche@maisonpainchaud.org\",\"teamMemberBio\":\"<p>Christine Lamarche est détentrice d’un baccalauréat en psychologie et d’un certificat universitaire en gestion des ressources humaines. Elle a complété le programme Complexité, conscience et gestion offert aux cadres par la faculté d’administration de l’Université Laval.<br /></p>\\n<p>Depuis 2006, elle est membre de l’Ordre des conseillers en ressources humaines agréés (CRHA). Christine a débuté sa carrière en intervention clinique en CRC avant de se diriger en ressources humaines. Pendant plus de dix ans, elle a occupé des postes à responsabilité croissante en gestion des ressources humaines dans les secteurs privé et public avant de joindre La Maison Painchaud, en 2009, à titre de directrice générale. </p>\\n<p>Elle est chargée de la gestion et de la direction générale des activités de l’organisation dans le but d’en réaliser la mission et les objectifs. Elle assure la supervision des membres de l’équipe de gestion.</p>\"}},\"62\":{\"type\":\"teamMemberTab\",\"enabled\":true,\"collapsed\":false,\"fields\":{\"teamMemberName\":\"Annie Leclerc, CRHA\",\"teamMemberRole\":\"Coordonnatrice des ressources humaines et financières\",\"teamMemberPhone\":\"233\",\"teamMemberEmail\":\"aleclerc@maisonpainchaud.org\",\"teamMemberBio\":\"<p>Annie Leclerc est détentrice d’un baccalauréat en relations industrielles, d’un certificat universitaire en psychologie et d’une technique collégiale en comptabilité et gestion. Elle est membre de l’Ordre des conseillers en ressources humaines agréés (CRHA).</p>\\n<p>Elle a travaillé plusieurs années au sein d’une organisation publique. Ses principales responsabilités sont la comptabilité, la paie, les relations avec les fournisseurs et la gestion des ressources humaines et administratives de La Maison Painchaud.</p>\\n<p>Elle s’est jointe à La Maison Painchaud en 2015. Elle assure la supervision du personnel du service alimentaire et effectue la liaison avec l’équipe d’agents de sécurité.</p>\"}},\"63\":{\"type\":\"teamMemberTab\",\"enabled\":true,\"collapsed\":false,\"fields\":{\"teamMemberName\":\"Maude Paré Cardinal\",\"teamMemberRole\":\"Chef d’équipe à l’hébergement\",\"teamMemberPhone\":\"223\",\"teamMemberEmail\":\"mparecardinal@maisonpainchaud.org\",\"teamMemberBio\":\"<p>Maude Paré Cardinal possède un baccalauréat en psychologie, une maîtrise en criminologie, un certificat en toxicomanie ainsi que le microprogramme en sexualité humaine offert à l’Université Laval. Elle travaille à La Maison Painchaud depuis 2015. </p>\\n<p>Elle a occupé un poste d’intervenante clinique à la surveillance en milieu ouvert, d’intervenante aux programmes et à l’hébergement. Elle a été nommée au poste de chef d’équipe à l’hébergement à l’été 2018. Elle possède une solide expérience du suivi de la clientèle contrevenante de même que de la clientèle marginale ayant, au préalable, été travailleuse de milieu pendant plusieurs années. </p>\\n<p>Maude est responsable de l’encadrement de l’équipe d’intervenantes à l’hébergement. Elle est également en charge des évaluations en vue d’une admission fédérales et provinciales.</p>\"}},\"64\":{\"type\":\"teamMemberTab\",\"enabled\":true,\"collapsed\":false,\"fields\":{\"teamMemberName\":\"Marie-Christine Girard\",\"teamMemberRole\":\"Chef d’équipe à la surveillance en milieu ouvert et aux programmes\",\"teamMemberPhone\":\"227\",\"teamMemberEmail\":\"mcgirard@maisonpainchaud.org\",\"teamMemberBio\":\"<p>Marie-Christine Girard détient un baccalauréat en travail social ainsi qu’un certificat en sexualité humaine (abus sexuels) de l’Université Laval. </p>\\n<p>Elle travaille à La Maison Painchaud depuis 2007. Elle est responsable de l’encadrement de l’équipe de la SMO, de celle des intervenants aux programmes, des évaluations à l’Établissement de détention de Québec (EDQ) et de l’admission de la clientèle provinciale à La Maison Painchaud. Marie-Christine détient une excellente maîtrise du suivi des contrevenants sous juridiction provinciale ayant, pendant plusieurs années, effectué le suivi de cette clientèle. </p>\\n<p>À travers ses nombreuses années à La Maison Painchaud, elle a collaboré à l’animation des programmes thérapeutiques de l’organisation, leur révision et leur évaluation.</p>\"}}},\"34\":\"Au service de la  communauté depuis 1967\",\"44\":\"La maison painchaud en images\",\"36\":\"Notre équipe\"}}','2018-12-01 11:13:03','2018-12-01 11:13:03','956c7b04-bed6-459d-a12f-e501d10c6dfa'),(71,10,5,1,1,15,'','{\"typeId\":\"6\",\"authorId\":null,\"title\":\"À propos\",\"slug\":\"à-propos\",\"postDate\":1543365960,\"expiryDate\":null,\"enabled\":true,\"newParentId\":null,\"fields\":{\"35\":\"<p>La Maison Painchaud a vu le jour le 8 décembre 1967 grâce à l’apport de la Société de Saint-Vincent-de-Paul. Le nom Painchaud est celui du Dr. Joseph Painchaud, fondateur de cette société à Québec, en 1846.</p>\\n<p>C’est d’ailleurs la Société de la Saint-Vincent-de-Paul de Québec qui a payé les frais d’aménagement des premiers locaux situés au 1, rue Simard à Québec. Par la suite, La Maison Painchaud a pu se loger dans l’ancienne Académie Notre-Dame, coin Des Glacis et Richelieu à la Haute-Ville. Depuis 1980, La Maison Painchaud est établie au 1415, avenue St-Pascal, dans le quartier Limoilou, à deux pas du Parc Maizeret et de l’Hôpital de l’Enfant-Jésus.</p>\\n<p>Depuis le 5 avril 2018, La Maison Painchaud est également propriétaire du 1045 chemin Sainte-Foy, dans la haute-ville de Québec. C’est à cet endroit que les services de surveillance en milieu ouvert seront offerts à compter de juillet 2018.</p>\",\"37\":\"<p>La Maison Painchaud regroupe un personnel qualifié et une équipe multidisciplinaire dynamique composée d’éducateurs spécialisés, de criminologues, de conseillers en orientation, de travailleurs sociaux et de psycho-éducateurs.</p>\\n<p>La Maison Painchaud est également régie par un conseil d’administration composé de 7 membres dont le rôle est de veiller aux intérêts de l’organisation et au respect de sa mission.</p>\",\"45\":[\"69\",\"70\",\"65\",\"66\",\"67\",\"68\"],\"16\":[\"58\"],\"33\":[\"59\"],\"38\":{\"61\":{\"type\":\"teamMemberTab\",\"enabled\":true,\"collapsed\":false,\"fields\":{\"teamMemberName\":\"Christine Lamarche, CRHA\",\"teamMemberRole\":\"Directrice générale\",\"teamMemberPhone\":\"232\",\"teamMemberEmail\":\"clamarche@maisonpainchaud.org\",\"teamMemberBio\":\"<p>Christine Lamarche est détentrice d’un baccalauréat en psychologie et d’un certificat universitaire en gestion des ressources humaines. Elle a complété le programme Complexité, conscience et gestion offert aux cadres par la faculté d’administration de l’Université Laval.<br /></p>\\n<p>Depuis 2006, elle est membre de l’Ordre des conseillers en ressources humaines agréés (CRHA). Christine a débuté sa carrière en intervention clinique en CRC avant de se diriger en ressources humaines. Pendant plus de dix ans, elle a occupé des postes à responsabilité croissante en gestion des ressources humaines dans les secteurs privé et public avant de joindre La Maison Painchaud, en 2009, à titre de directrice générale. </p>\\n<p>Elle est chargée de la gestion et de la direction générale des activités de l’organisation dans le but d’en réaliser la mission et les objectifs. Elle assure la supervision des membres de l’équipe de gestion.</p>\"}},\"62\":{\"type\":\"teamMemberTab\",\"enabled\":true,\"collapsed\":false,\"fields\":{\"teamMemberName\":\"Annie Leclerc, CRHA\",\"teamMemberRole\":\"Coordonnatrice des ressources humaines et financières\",\"teamMemberPhone\":\"233\",\"teamMemberEmail\":\"aleclerc@maisonpainchaud.org\",\"teamMemberBio\":\"<p>Annie Leclerc est détentrice d’un baccalauréat en relations industrielles, d’un certificat universitaire en psychologie et d’une technique collégiale en comptabilité et gestion. Elle est membre de l’Ordre des conseillers en ressources humaines agréés (CRHA).</p>\\n<p>Elle a travaillé plusieurs années au sein d’une organisation publique. Ses principales responsabilités sont la comptabilité, la paie, les relations avec les fournisseurs et la gestion des ressources humaines et administratives de La Maison Painchaud.</p>\\n<p>Elle s’est jointe à La Maison Painchaud en 2015. Elle assure la supervision du personnel du service alimentaire et effectue la liaison avec l’équipe d’agents de sécurité.</p>\"}},\"63\":{\"type\":\"teamMemberTab\",\"enabled\":true,\"collapsed\":false,\"fields\":{\"teamMemberName\":\"Maude Paré Cardinal\",\"teamMemberRole\":\"Chef d’équipe à l’hébergement\",\"teamMemberPhone\":\"223\",\"teamMemberEmail\":\"mparecardinal@maisonpainchaud.org\",\"teamMemberBio\":\"<p>Maude Paré Cardinal possède un baccalauréat en psychologie, une maîtrise en criminologie, un certificat en toxicomanie ainsi que le microprogramme en sexualité humaine offert à l’Université Laval. Elle travaille à La Maison Painchaud depuis 2015. </p>\\n<p>Elle a occupé un poste d’intervenante clinique à la surveillance en milieu ouvert, d’intervenante aux programmes et à l’hébergement. Elle a été nommée au poste de chef d’équipe à l’hébergement à l’été 2018. Elle possède une solide expérience du suivi de la clientèle contrevenante de même que de la clientèle marginale ayant, au préalable, été travailleuse de milieu pendant plusieurs années. </p>\\n<p>Maude est responsable de l’encadrement de l’équipe d’intervenantes à l’hébergement. Elle est également en charge des évaluations en vue d’une admission fédérales et provinciales.</p>\"}},\"64\":{\"type\":\"teamMemberTab\",\"enabled\":true,\"collapsed\":false,\"fields\":{\"teamMemberName\":\"Marie-Christine Girard\",\"teamMemberRole\":\"Chef d’équipe à la surveillance en milieu ouvert et aux programmes\",\"teamMemberPhone\":\"227\",\"teamMemberEmail\":\"mcgirard@maisonpainchaud.org\",\"teamMemberBio\":\"<p>Marie-Christine Girard détient un baccalauréat en travail social ainsi qu’un certificat en sexualité humaine (abus sexuels) de l’Université Laval. </p>\\n<p>Elle travaille à La Maison Painchaud depuis 2007. Elle est responsable de l’encadrement de l’équipe de la SMO, de celle des intervenants aux programmes, des évaluations à l’Établissement de détention de Québec (EDQ) et de l’admission de la clientèle provinciale à La Maison Painchaud. Marie-Christine détient une excellente maîtrise du suivi des contrevenants sous juridiction provinciale ayant, pendant plusieurs années, effectué le suivi de cette clientèle. </p>\\n<p>À travers ses nombreuses années à La Maison Painchaud, elle a collaboré à l’animation des programmes thérapeutiques de l’organisation, leur révision et leur évaluation.</p>\"}}},\"34\":\"Au service de la  communauté depuis 1967\",\"44\":\"La maison painchaud en images\",\"36\":\"Notre équipe\"}}','2018-12-01 12:50:25','2018-12-01 12:50:25','a4a0349f-300e-48d8-a3e3-57842d015cf1'),(72,15,4,1,1,6,'','{\"typeId\":\"5\",\"authorId\":\"1\",\"title\":\"Réinsertion sociale\",\"slug\":\"réinsertion-sociale\",\"postDate\":1543366680,\"expiryDate\":null,\"enabled\":true,\"newParentId\":\"\",\"fields\":{\"47\":\"<p>La surveillance en milieu ouvert offre aux personnes contrevenantes (homme et femmes) sous juridiction provinciale, soumises à une mesure appliquée telle que l’ordonnance de probation, l’emprisonnement avec sursis, la permission de sortir ou encore la libération conditionnelle, un encadrement légal visant l’atteinte d’objectifs de réinsertion sociale. </p>\\n<p>En plus de veiller au respect des conditions légales des personnes contrevenantes en vue d’assurer la protection du public, les intervenants accompagnent la clientèle dans son processus de réinsertion sociale et l’épanouissement/le développement de son plein potentiel. La Maison Painchaud effectue le suivi de 255 contrevenants suivis en communauté.</p>\",\"49\":\"<p>Depuis 1999, le CRC Painchaud assure le mandat légal et la surveillance des contrevenants sous ordonnance de sursis. L’intervenant à la surveillance en milieu ouvert, qui détient la désignation d’agent de surveillance, assume toutes les activités d’accompagnement et d’encadrement qui ont pour objectif la réinsertion sociale. Il travaille en collaboration avec l’ASC-vérificateur qui surveille les conditions de couvre-feu et d’assignation à domicile. </p>\\n<p>Considérant les besoins des contrevenants qui sont référés à l’intervenant à la surveillance en milieu ouvert, celui-ci a pour mandat plus spécifique d’amener la personne contrevenante à développer, à renforcer et à consolider ses habiletés sociales ou son réseau social.</p>\",\"16\":[\"32\"],\"22\":[\"34\"],\"46\":\"Accompagnement et encadrement vers la réinsertion sociale\",\"48\":\"Surveillance des contrevenants sous ordonnance de sursis\"}}','2018-12-01 13:11:05','2018-12-01 13:11:05','02a5e788-e2d4-42b1-93d7-1155c929702a'),(73,16,4,1,1,10,'','{\"typeId\":\"5\",\"authorId\":\"1\",\"title\":\"Surveillance en milieu ouvert\",\"slug\":\"surveillance-en-milieu-ouvert\",\"postDate\":1543366740,\"expiryDate\":null,\"enabled\":true,\"newParentId\":\"\",\"fields\":{\"47\":\"<p>La surveillance en milieu ouvert offre aux personnes contrevenantes (homme et femmes) sous juridiction provinciale, soumises à une mesure appliquée telle que l’ordonnance de probation, l’emprisonnement avec sursis, la permission de sortir ou encore la libération conditionnelle, un encadrement légal visant l’atteinte d’objectifs de réinsertion sociale.</p>\\n<p>En plus de veiller au respect des conditions légales des personnes contrevenantes en vue d’assurer la protection du public, les intervenants accompagnent la clientèle dans son processus de réinsertion sociale et l’épanouissement/le développement de son plein potentiel. La Maison Painchaud effectue le suivi de 255 contrevenants suivis en communauté.</p>\",\"49\":\"<p>Depuis 1999, le CRC Painchaud assure le mandat légal et la surveillance des contrevenants sous ordonnance de sursis. L’intervenant à la surveillance en milieu ouvert, qui détient la désignation d’agent de surveillance, assume toutes les activités d’accompagnement et d’encadrement qui ont pour objectif la réinsertion sociale. Il travaille en collaboration avec l’ASC-vérificateur qui surveille les conditions de couvre-feu et d’assignation à domicile.</p>\\n<p>Considérant les besoins des contrevenants qui sont référés à l’intervenant à la surveillance en milieu ouvert, celui-ci a pour mandat plus spécifique d’amener la personne contrevenante à développer, à renforcer et à consolider ses habiletés sociales ou son réseau social.</p>\",\"16\":[\"33\"],\"22\":[\"35\"],\"46\":\"Accompagnement et encadrement vers la réinsertion sociale\",\"48\":\"Surveillance des contrevenants sous ordonnance de sursis\"}}','2018-12-01 13:12:51','2018-12-01 13:12:51','91f2c55d-25fc-4ac8-9044-9b8bb885c75a'),(74,17,4,1,1,5,'','{\"typeId\":\"5\",\"authorId\":\"1\",\"title\":\"Programmes thérapeutiques\",\"slug\":\"programmes-thérapeutiques\",\"postDate\":1543366740,\"expiryDate\":null,\"enabled\":true,\"newParentId\":\"\",\"fields\":{\"47\":\"<ul><li>La toxicomanie</li><li>La violence;<br /></li><li>Les valeurs et attitudes;</li><li>La délinquance sexuelle;</li><li>Etc.</li></ul><p>Consultez la liste de nos programmes ci-dessous pour en apprendre plus.</p>\",\"16\":[\"30\"],\"22\":[\"36\"],\"46\":\"Des programmes spécialisés\"}}','2018-12-01 13:27:16','2018-12-01 13:27:16','cb940985-08ac-4606-b505-e86b3952563d'),(75,15,4,1,1,7,'','{\"typeId\":\"5\",\"authorId\":\"1\",\"title\":\"Réinsertion sociale\",\"slug\":\"réinsertion-sociale\",\"postDate\":1543366680,\"expiryDate\":null,\"enabled\":true,\"newParentId\":\"\",\"fields\":{\"47\":\"<p>Le programme de réinsertion sociale de La Maison Painchaud a pour but d’aider les individus ayant eu des démêlés judiciaires à réintégrer la communauté et à demeurer un citoyen respectueux des lois. Le programme vise à aider les individus face aux problématiques liées à leur agir délictuel (toxicomanie, violence, valeurs et attitudes, délinquance sexuelle) et ce, tout en assurant la protection de la société. </p>\\n<p>La Maison Painchaud offre des services d’hébergement, de surveillance, de suivi clinique et d’accompagnement aux contrevenants sous juridiction provinciale et fédérale. L’intervention est personnalisée et vise la prise en charge responsable de l’individu dans la communauté ainsi que l’acquisition de meilleures habiletés relationnelles et sociales. Un programme thérapeutique, la recherche d’emploi, le retour aux études, les loisirs, le bénévolat sont autant de moyens préconisés pour favoriser la réinsertion sociale.</p>\\n<p>Le CRC Painchaud accueille des délinquants fédéraux en semi-liberté de type projet communautaire depuis 1997. Le CRC offre à cette clientèle un cadre structuré et supportant permettant l’acquisition d’habiletés sociales et personnelles par le retour aux études, le travail ou le bénévolat.</p>\",\"49\":\"\",\"16\":[\"32\"],\"22\":[\"34\"],\"46\":\"Pour cheminer vers son plein potentiel\"}}','2018-12-01 13:41:23','2018-12-01 13:41:23','d8f6c4c3-115a-4675-87a4-5699ea1984db'),(76,15,4,1,1,8,'','{\"typeId\":\"5\",\"authorId\":\"1\",\"title\":\"Réinsertion sociale\",\"slug\":\"réinsertion-sociale\",\"postDate\":1543366680,\"expiryDate\":null,\"enabled\":true,\"newParentId\":\"\",\"fields\":{\"2\":{\"71\":{\"type\":\"accordionTable\",\"enabled\":true,\"collapsed\":false,\"fields\":{\"accordionBloc\":{\"72\":{\"type\":\"2\",\"fields\":{\"accordionTitle\":\"Avant l\'admission\",\"fghjk\":{\"73\":{\"type\":\"contenu\",\"enabled\":true,\"collapsed\":false,\"fields\":{\"accordionBlocAContent\":null,\"accordionBlocABullet\":null}}}}},\"74\":{\"type\":\"2\",\"fields\":{\"accordionTitle\":null,\"fghjk\":[]}}}}}},\"47\":\"<p>Le programme de réinsertion sociale de La Maison Painchaud a pour but d’aider les individus ayant eu des démêlés judiciaires à réintégrer la communauté et à demeurer un citoyen respectueux des lois. Le programme vise à aider les individus face aux problématiques liées à leur agir délictuel (toxicomanie, violence, valeurs et attitudes, délinquance sexuelle) et ce, tout en assurant la protection de la société. </p>\\n<p>La Maison Painchaud offre des services d’hébergement, de surveillance, de suivi clinique et d’accompagnement aux contrevenants sous juridiction provinciale et fédérale. L’intervention est personnalisée et vise la prise en charge responsable de l’individu dans la communauté ainsi que l’acquisition de meilleures habiletés relationnelles et sociales. Un programme thérapeutique, la recherche d’emploi, le retour aux études, les loisirs, le bénévolat sont autant de moyens préconisés pour favoriser la réinsertion sociale.</p>\\n<p>Le CRC Painchaud accueille des délinquants fédéraux en semi-liberté de type projet communautaire depuis 1997. Le CRC offre à cette clientèle un cadre structuré et supportant permettant l’acquisition d’habiletés sociales et personnelles par le retour aux études, le travail ou le bénévolat.</p>\",\"16\":[\"32\"],\"22\":[\"34\"],\"46\":\"Pour cheminer vers son plein potentiel\"}}','2018-12-01 13:44:52','2018-12-01 13:44:52','68c1b5a3-899c-4394-8ac8-3187147cc96b'),(77,15,4,1,1,9,'','{\"typeId\":\"5\",\"authorId\":\"1\",\"title\":\"Réinsertion sociale\",\"slug\":\"réinsertion-sociale\",\"postDate\":1543366680,\"expiryDate\":null,\"enabled\":true,\"newParentId\":\"\",\"fields\":{\"2\":{\"71\":{\"type\":\"accordionTable\",\"enabled\":true,\"collapsed\":false,\"fields\":{\"accordionBloc\":{\"72\":{\"type\":\"2\",\"fields\":{\"accordionTitle\":\"Avant l\'admission\",\"fghjk\":[]}},\"74\":{\"type\":\"2\",\"fields\":{\"accordionTitle\":\"Services complémentaires\",\"fghjk\":[]}},\"75\":{\"type\":\"2\",\"fields\":{\"accordionTitle\":\"Services à proximité\",\"fghjk\":[]}}}}}},\"47\":\"<p>Le programme de réinsertion sociale de La Maison Painchaud a pour but d’aider les individus ayant eu des démêlés judiciaires à réintégrer la communauté et à demeurer un citoyen respectueux des lois. Le programme vise à aider les individus face aux problématiques liées à leur agir délictuel (toxicomanie, violence, valeurs et attitudes, délinquance sexuelle) et ce, tout en assurant la protection de la société. </p>\\n<p>La Maison Painchaud offre des services d’hébergement, de surveillance, de suivi clinique et d’accompagnement aux contrevenants sous juridiction provinciale et fédérale. L’intervention est personnalisée et vise la prise en charge responsable de l’individu dans la communauté ainsi que l’acquisition de meilleures habiletés relationnelles et sociales. Un programme thérapeutique, la recherche d’emploi, le retour aux études, les loisirs, le bénévolat sont autant de moyens préconisés pour favoriser la réinsertion sociale.</p>\\n<p>Le CRC Painchaud accueille des délinquants fédéraux en semi-liberté de type projet communautaire depuis 1997. Le CRC offre à cette clientèle un cadre structuré et supportant permettant l’acquisition d’habiletés sociales et personnelles par le retour aux études, le travail ou le bénévolat.</p>\",\"16\":[\"32\"],\"22\":[\"34\"],\"46\":\"Pour cheminer vers son plein potentiel\"}}','2018-12-01 13:45:29','2018-12-01 13:45:29','9a00fefe-ccc2-42c0-813a-b155b26c8e2b'),(78,15,4,1,1,10,'','{\"typeId\":\"5\",\"authorId\":\"1\",\"title\":\"Réinsertion sociale\",\"slug\":\"réinsertion-sociale\",\"postDate\":1543366680,\"expiryDate\":null,\"enabled\":true,\"newParentId\":\"\",\"fields\":{\"2\":{\"71\":{\"type\":\"accordionTable\",\"enabled\":true,\"collapsed\":false,\"fields\":{\"accordionBloc\":{\"72\":{\"type\":\"2\",\"fields\":{\"accordionTitle\":\"Avant l\'admission\",\"fghjk\":[]}},\"74\":{\"type\":\"2\",\"fields\":{\"accordionTitle\":\"Services complémentaires\",\"fghjk\":{\"76\":{\"type\":\"contenu\",\"enabled\":true,\"collapsed\":false,\"fields\":{\"accordionBlocAContent\":null,\"accordionBlocABullet\":\"<p>Outre ses activités professionnelles, le CRC Painchaud offre, dans une ambiance chaleureuse, des installations et des services adaptés aux besoins de sa clientèle.</p>\\n\\n\\n\\n\\n\\n\\n\\n\\n<ul><li>Environnement agréable, fraîchement rénové et chaleureux</li><li>24 chambres permettant une occupation individuelle, double ou quadruple</li><li>Cuisine : dîners et soupers préparés par une équipe dynamique, soucieuse d’offrir un menu varié et équilibré, respectant le Guide Alimentaire Canadien</li><li>Comprenant soupe, salade, plat principal et dessert</li><li>Casse-croûte : déjeuner et pause café</li><li>Salon équipé d’un téléviseur à écran plat, d’un lecteur DVD et d’une console de jeux wii</li><li>Buanderie sur chaque étage</li><li>Cour arrière et stationnement</li><li>Salle de jeux équipée: table de billard, téléviseur à écran plat, jeu de tennis sur table, table de soccer et équipement de conditionnement physique fonctionnel</li><li>Activités de groupe variées incluant la zoothérapie</li></ul>\"}}}}},\"75\":{\"type\":\"2\",\"fields\":{\"accordionTitle\":\"Services à proximité\",\"fghjk\":[]}}}}}},\"47\":\"<p>Le programme de réinsertion sociale de La Maison Painchaud a pour but d’aider les individus ayant eu des démêlés judiciaires à réintégrer la communauté et à demeurer un citoyen respectueux des lois. Le programme vise à aider les individus face aux problématiques liées à leur agir délictuel (toxicomanie, violence, valeurs et attitudes, délinquance sexuelle) et ce, tout en assurant la protection de la société. </p>\\n<p>La Maison Painchaud offre des services d’hébergement, de surveillance, de suivi clinique et d’accompagnement aux contrevenants sous juridiction provinciale et fédérale. L’intervention est personnalisée et vise la prise en charge responsable de l’individu dans la communauté ainsi que l’acquisition de meilleures habiletés relationnelles et sociales. Un programme thérapeutique, la recherche d’emploi, le retour aux études, les loisirs, le bénévolat sont autant de moyens préconisés pour favoriser la réinsertion sociale.</p>\\n<p>Le CRC Painchaud accueille des délinquants fédéraux en semi-liberté de type projet communautaire depuis 1997. Le CRC offre à cette clientèle un cadre structuré et supportant permettant l’acquisition d’habiletés sociales et personnelles par le retour aux études, le travail ou le bénévolat.</p>\",\"16\":[\"32\"],\"22\":[\"34\"],\"46\":\"Pour cheminer vers son plein potentiel\"}}','2018-12-01 13:46:40','2018-12-01 13:46:40','e41f61d5-6965-4d7a-bc96-04028a41960d'),(79,17,4,1,1,6,'','{\"typeId\":\"5\",\"authorId\":\"1\",\"title\":\"Programmes thérapeutiques\",\"slug\":\"programmes-thérapeutiques\",\"postDate\":1543366740,\"expiryDate\":null,\"enabled\":true,\"newParentId\":\"\",\"fields\":{\"2\":{\"77\":{\"type\":\"accordionTable\",\"enabled\":true,\"collapsed\":false,\"fields\":{\"accordionBloc\":{\"78\":{\"type\":\"2\",\"fields\":{\"accordionTitle\":\"Prisme\",\"fghjk\":{\"79\":{\"type\":\"accordionblocC\",\"enabled\":true,\"collapsed\":false,\"fields\":{\"accordionBlocBContent\":null,\"accordionBlocBBullet\":\"<p>Il s’agit d’un programme pour des personnes présentant un trouble de comportement sexuel.</p>\\n\\n\\n\\n\\n<ul><li>Prise de conscience</li><li>Reconnaissance et responsabilisation</li><li>Identification de mes facteurs de risque et de protection</li><li>Savoir m’affirmer et répondre à mes besoins fondamentaux adéquatement</li><li>M’éloigneront de la récidive comportementale</li><li>Et favoriseront ma croissance personnelle</li></ul>\"}},\"80\":{\"type\":\"contenu\",\"enabled\":true,\"collapsed\":false,\"fields\":{\"accordionBlocAContent\":\"But\",\"accordionBlocABullet\":\"<p>Le programme vise la prise en charge de l’individu en lien avec son trouble de déviance sexuelle.</p>\"}},\"81\":{\"type\":\"contenu\",\"enabled\":true,\"collapsed\":false,\"fields\":{\"accordionBlocAContent\":\"Objectifs\",\"accordionBlocABullet\":\"\\n\\n<ul><li>Favoriser la remise en question et la reconnaissance du participant vis-à-vis ses comportements sexuels déviants.</li><li>Aider le participant à identifier les facteurs de risque ainsi que les indices précurseurs de ses comportements.</li><li>Sensibiliser le participant aux différents moyens pouvant être utilisés pour éviter la récidive sexuelle.</li></ul>\"}},\"82\":{\"type\":\"contenu\",\"enabled\":true,\"collapsed\":false,\"fields\":{\"accordionBlocAContent\":\"Durée\",\"accordionBlocABullet\":\"<p>Programme offert en groupe au coût de 210 $</p>\"}},\"83\":{\"type\":\"contenu\",\"enabled\":true,\"collapsed\":false,\"fields\":{\"accordionBlocAContent\":\"Autres renseignements\",\"accordionBlocABullet\":\"\\n<ul><li>Entrevue d’évaluation</li><li>Un suivi individuel peut être offert suite à l’évaluation des besoins de l’intervenante aux programmes</li></ul>\"}},\"84\":{\"type\":\"contenu\",\"enabled\":true,\"collapsed\":false,\"fields\":{\"accordionBlocAContent\":\"Inscription\",\"accordionBlocABullet\":\"<p>Responsable :</p>\\n\\n<ul><li>Madame Lina Cloutier</li><li>418 661-0203 poste 230</li></ul>\"}}}}}}}}},\"47\":\"<ul><li>La toxicomanie</li><li>La violence;<br /></li><li>Les valeurs et attitudes;</li><li>La délinquance sexuelle;</li><li>Etc.</li></ul><p>Consultez la liste de nos programmes ci-dessous pour en apprendre plus.</p>\",\"16\":[\"30\"],\"22\":[\"36\"],\"46\":\"Des programmes spécialisés\"}}','2018-12-01 14:03:09','2018-12-01 14:03:09','59840bfb-eebd-4c2d-8e59-2be3cd9176aa'),(80,17,4,1,1,7,'','{\"typeId\":\"5\",\"authorId\":\"1\",\"title\":\"Programmes thérapeutiques\",\"slug\":\"programmes-thérapeutiques\",\"postDate\":1543366740,\"expiryDate\":null,\"enabled\":true,\"newParentId\":\"\",\"fields\":{\"2\":{\"77\":{\"type\":\"accordionTable\",\"enabled\":true,\"collapsed\":false,\"fields\":{\"accordionBloc\":{\"78\":{\"type\":\"2\",\"fields\":{\"accordionTitle\":\"Prisme\",\"accordionBlocElement\":{\"79\":{\"type\":\"accordionblocB\",\"enabled\":true,\"collapsed\":false,\"fields\":{\"accordionBlocBContent\":null,\"accordionBlocBBullet\":\"<p>Il s’agit d’un programme pour des personnes présentant un trouble de comportement sexuel.</p>\\n<ul><li>Prise de conscience</li><li>Reconnaissance et responsabilisation</li><li>Identification de mes facteurs de risque et de protection</li><li>Savoir m’affirmer et répondre à mes besoins fondamentaux adéquatement</li><li>M \'éloigneront de la récidive comportementale</li><li>Et favoriseront ma croissance personnelle</li></ul>\"}},\"80\":{\"type\":\"accordionblocA\",\"enabled\":true,\"collapsed\":false,\"fields\":{\"accordionBlocAContent\":\"But\",\"accordionBlocABullet\":\"<p>Le programme vise la prise en charge de l’individu en lien avec son trouble de déviance sexuelle.</p>\"}},\"81\":{\"type\":\"accordionblocA\",\"enabled\":true,\"collapsed\":false,\"fields\":{\"accordionBlocAContent\":\"Objectifs\",\"accordionBlocABullet\":\"<ul><li>Favoriser la remise en question et la reconnaissance du participant vis-à-vis ses comportements sexuels déviants.</li><li>Aider le participant à identifier les facteurs de risque ainsi que les indices précurseurs de ses comportements.</li><li>Sensibiliser le participant aux différents moyens pouvant être utilisés pour éviter la récidive sexuelle.</li></ul>\"}},\"82\":{\"type\":\"accordionblocA\",\"enabled\":true,\"collapsed\":false,\"fields\":{\"accordionBlocAContent\":\"Durée\",\"accordionBlocABullet\":\"<p>Programme offert en groupe au coût de 210 $</p>\"}},\"83\":{\"type\":\"accordionblocA\",\"enabled\":true,\"collapsed\":false,\"fields\":{\"accordionBlocAContent\":\"Autres renseignements\",\"accordionBlocABullet\":\"<ul><li>Entrevue d’évaluation</li><li>Un suivi individuel peut être offert suite à l’évaluation des besoins de l’intervenante aux programmes</li></ul>\"}},\"84\":{\"type\":\"accordionblocA\",\"enabled\":true,\"collapsed\":false,\"fields\":{\"accordionBlocAContent\":\"Inscription\",\"accordionBlocABullet\":\"<p>Responsable :</p>\\n<ul><li>Madame Lina Cloutier</li><li>418 661-0203 poste 230</li></ul>\"}}}}}}}}},\"47\":\"<ul><li>La toxicomanie</li><li>La violence;<br /></li><li>Les valeurs et attitudes;</li><li>La délinquance sexuelle;</li><li>Etc.</li></ul><p>Consultez la liste de nos programmes ci-dessous pour en apprendre plus.</p>\",\"16\":[\"30\"],\"22\":[\"36\"],\"46\":\"Des programmes spécialisés\"}}','2018-12-01 14:37:53','2018-12-01 14:37:53','b43c0abf-f8c1-4cfb-adce-4b9fa1b742ae'),(81,17,4,1,1,8,'','{\"typeId\":\"5\",\"authorId\":\"1\",\"title\":\"Programmes thérapeutiques\",\"slug\":\"programmes-thérapeutiques\",\"postDate\":1543366740,\"expiryDate\":null,\"enabled\":true,\"newParentId\":\"\",\"fields\":{\"2\":{\"77\":{\"type\":\"accordionTable\",\"enabled\":true,\"collapsed\":false,\"fields\":{\"accordionBloc\":{\"78\":{\"type\":\"2\",\"fields\":{\"accordionTitle\":\"Prisme\",\"accordionBlocElement\":{\"79\":{\"type\":\"accordionblocB\",\"enabled\":true,\"collapsed\":false,\"fields\":{\"accordionBlocBContent\":null,\"accordionBlocBBullet\":\"<p>Il s’agit d’un programme pour des personnes présentant un trouble de comportement sexuel.</p>\\n<ul><li>Prise de conscience</li><li>Reconnaissance et responsabilisation</li><li>Identification de mes facteurs de risque et de protection</li><li>Savoir m’affirmer et répondre à mes besoins fondamentaux adéquatement</li><li>M\'éloigneront de la récidive comportementale</li><li>Et favoriseront ma croissance personnelle</li></ul>\"}},\"80\":{\"type\":\"accordionblocA\",\"enabled\":true,\"collapsed\":false,\"fields\":{\"accordionBlocAContent\":\"But\",\"accordionBlocABullet\":\"<p>Le programme vise la prise en charge de l’individu en lien avec son trouble de déviance sexuelle.</p>\"}},\"81\":{\"type\":\"accordionblocA\",\"enabled\":true,\"collapsed\":false,\"fields\":{\"accordionBlocAContent\":\"Objectifs\",\"accordionBlocABullet\":\"<ul><li>Favoriser la remise en question et la reconnaissance du participant vis-à-vis ses comportements sexuels déviants.</li><li>Aider le participant à identifier les facteurs de risque ainsi que les indices précurseurs de ses comportements.</li><li>Sensibiliser le participant aux différents moyens pouvant être utilisés pour éviter la récidive sexuelle.</li></ul>\"}},\"82\":{\"type\":\"accordionblocA\",\"enabled\":true,\"collapsed\":false,\"fields\":{\"accordionBlocAContent\":\"Durée\",\"accordionBlocABullet\":\"<p>Programme offert en groupe au coût de 210 $</p>\"}},\"83\":{\"type\":\"accordionblocA\",\"enabled\":true,\"collapsed\":false,\"fields\":{\"accordionBlocAContent\":\"Autres renseignements\",\"accordionBlocABullet\":\"<ul><li>Entrevue d’évaluation</li><li>Un suivi individuel peut être offert suite à l’évaluation des besoins de l’intervenante aux programmes</li></ul>\"}},\"84\":{\"type\":\"accordionblocA\",\"enabled\":true,\"collapsed\":false,\"fields\":{\"accordionBlocAContent\":\"Inscription\",\"accordionBlocABullet\":\"<p>Responsable :</p>\\n<ul><li>Madame Lina Cloutier</li><li>418 661-0203 poste 230</li></ul>\"}}}}}}}}},\"47\":\"<ul><li>La toxicomanie</li><li>La violence;<br /></li><li>Les valeurs et attitudes;</li><li>La délinquance sexuelle;</li><li>Etc.</li></ul><p>Consultez la liste de nos programmes ci-dessous pour en apprendre plus.</p>\",\"16\":[\"30\"],\"22\":[\"36\"],\"46\":\"Des programmes spécialisés\"}}','2018-12-01 14:41:54','2018-12-01 14:41:54','6106f789-2714-4774-bd05-baeeb668fd57'),(82,17,4,1,1,9,'','{\"typeId\":\"5\",\"authorId\":\"1\",\"title\":\"Programmes thérapeutiques\",\"slug\":\"programmes-thérapeutiques\",\"postDate\":1543366740,\"expiryDate\":null,\"enabled\":true,\"newParentId\":\"\",\"fields\":{\"2\":{\"77\":{\"type\":\"accordionTable\",\"enabled\":true,\"collapsed\":false,\"fields\":{\"accordionBloc\":{\"78\":{\"type\":\"2\",\"fields\":{\"accordionTitle\":\"Prisme\",\"accordionBlocElement\":{\"79\":{\"type\":\"accordionblocB\",\"enabled\":true,\"collapsed\":false,\"fields\":{\"accordionBlocBContent\":null,\"accordionBlocBBullet\":\"<p>Il s’agit d’un programme pour des personnes présentant un trouble de comportement sexuel.</p>\\n<ul><li>P rise de conscience</li><li>R econnaissance et responsabilisation</li><li>I dentification de mes facteurs de risque et de protection</li><li>S avoir m’affirmer et répondre à mes besoins fondamentaux adéquatement</li><li>M \'éloigneront de la récidive comportementale</li><li>E t favoriseront ma croissance personnelle</li></ul>\"}},\"80\":{\"type\":\"accordionblocA\",\"enabled\":true,\"collapsed\":false,\"fields\":{\"accordionBlocAContent\":\"But\",\"accordionBlocABullet\":\"<p>Le programme vise la prise en charge de l’individu en lien avec son trouble de déviance sexuelle.</p>\"}},\"81\":{\"type\":\"accordionblocA\",\"enabled\":true,\"collapsed\":false,\"fields\":{\"accordionBlocAContent\":\"Objectifs\",\"accordionBlocABullet\":\"<ul><li>Favoriser la remise en question et la reconnaissance du participant vis-à-vis ses comportements sexuels déviants.</li><li>Aider le participant à identifier les facteurs de risque ainsi que les indices précurseurs de ses comportements.</li><li>Sensibiliser le participant aux différents moyens pouvant être utilisés pour éviter la récidive sexuelle.</li></ul>\"}},\"82\":{\"type\":\"accordionblocA\",\"enabled\":true,\"collapsed\":false,\"fields\":{\"accordionBlocAContent\":\"Durée\",\"accordionBlocABullet\":\"<p>Programme offert en groupe au coût de 210 $</p>\"}},\"83\":{\"type\":\"accordionblocA\",\"enabled\":true,\"collapsed\":false,\"fields\":{\"accordionBlocAContent\":\"Autres renseignements\",\"accordionBlocABullet\":\"<ul><li>Entrevue d’évaluation</li><li>Un suivi individuel peut être offert suite à l’évaluation des besoins de l’intervenante aux programmes</li></ul>\"}},\"84\":{\"type\":\"accordionblocA\",\"enabled\":true,\"collapsed\":false,\"fields\":{\"accordionBlocAContent\":\"Inscription\",\"accordionBlocABullet\":\"<p>Responsable :</p>\\n<ul><li>Madame Lina Cloutier</li><li>418 661-0203 poste 230</li></ul>\"}}}}}}}}},\"47\":\"<ul><li>La toxicomanie</li><li>La violence;<br /></li><li>Les valeurs et attitudes;</li><li>La délinquance sexuelle;</li><li>Etc.</li></ul><p>Consultez la liste de nos programmes ci-dessous pour en apprendre plus.</p>\",\"16\":[\"30\"],\"22\":[\"36\"],\"46\":\"Des programmes spécialisés\"}}','2018-12-01 14:42:17','2018-12-01 14:42:17','a453e39c-2297-4cfb-9640-4725feea864a'),(83,17,4,1,1,10,'','{\"typeId\":\"5\",\"authorId\":\"1\",\"title\":\"Programmes thérapeutiques\",\"slug\":\"programmes-thérapeutiques\",\"postDate\":1543366740,\"expiryDate\":null,\"enabled\":true,\"newParentId\":\"\",\"fields\":{\"2\":{\"77\":{\"type\":\"accordionTable\",\"enabled\":true,\"collapsed\":false,\"fields\":{\"accordionBloc\":{\"85\":{\"type\":\"2\",\"fields\":{\"accordionTitle\":\"Café rencontres\",\"accordionBlocElement\":[]}},\"86\":{\"type\":\"2\",\"fields\":{\"accordionTitle\":\"Compas\",\"accordionBlocElement\":[]}},\"78\":{\"type\":\"2\",\"fields\":{\"accordionTitle\":\"Prisme\",\"accordionBlocElement\":{\"79\":{\"type\":\"accordionblocB\",\"enabled\":true,\"collapsed\":false,\"fields\":{\"accordionBlocBContent\":null,\"accordionBlocBBullet\":\"<p>Il s’agit d’un programme pour des personnes présentant un trouble de comportement sexuel.</p>\\n<ul><li>P rise de conscience</li><li>R econnaissance et responsabilisation</li><li>I dentification de mes facteurs de risque et de protection</li><li>S avoir m’affirmer et répondre à mes besoins fondamentaux adéquatement</li><li>M \'éloigneront de la récidive comportementale</li><li>E t favoriseront ma croissance personnelle</li></ul>\"}},\"80\":{\"type\":\"accordionblocA\",\"enabled\":true,\"collapsed\":false,\"fields\":{\"accordionBlocAContent\":\"But\",\"accordionBlocABullet\":\"<p>Le programme vise la prise en charge de l’individu en lien avec son trouble de déviance sexuelle.</p>\"}},\"81\":{\"type\":\"accordionblocA\",\"enabled\":true,\"collapsed\":false,\"fields\":{\"accordionBlocAContent\":\"Objectifs\",\"accordionBlocABullet\":\"<ul><li>Favoriser la remise en question et la reconnaissance du participant vis-à-vis ses comportements sexuels déviants.</li><li>Aider le participant à identifier les facteurs de risque ainsi que les indices précurseurs de ses comportements.</li><li>Sensibiliser le participant aux différents moyens pouvant être utilisés pour éviter la récidive sexuelle.</li></ul>\"}},\"82\":{\"type\":\"accordionblocA\",\"enabled\":true,\"collapsed\":false,\"fields\":{\"accordionBlocAContent\":\"Durée\",\"accordionBlocABullet\":\"<p>Programme offert en groupe au coût de 210 $</p>\"}},\"83\":{\"type\":\"accordionblocA\",\"enabled\":true,\"collapsed\":false,\"fields\":{\"accordionBlocAContent\":\"Autres renseignements\",\"accordionBlocABullet\":\"<ul><li>Entrevue d’évaluation</li><li>Un suivi individuel peut être offert suite à l’évaluation des besoins de l’intervenante aux programmes</li></ul>\"}},\"84\":{\"type\":\"accordionblocA\",\"enabled\":true,\"collapsed\":false,\"fields\":{\"accordionBlocAContent\":\"Inscription\",\"accordionBlocABullet\":\"<p>Responsable :</p>\\n<ul><li>Madame Lina Cloutier</li><li>418 661-0203 poste 230</li></ul>\"}}}}}}}}},\"47\":\"<ul><li>La toxicomanie</li><li>La violence;<br /></li><li>Les valeurs et attitudes;</li><li>La délinquance sexuelle;</li><li>Etc.</li></ul><p>Consultez la liste de nos programmes ci-dessous pour en apprendre plus.</p>\",\"16\":[\"30\"],\"22\":[\"36\"],\"46\":\"Des programmes spécialisés\"}}','2018-12-01 14:47:06','2018-12-01 14:47:06','9e33b849-6cc2-4afe-b728-c972d5516653'),(84,17,4,1,1,11,'','{\"typeId\":\"5\",\"authorId\":\"1\",\"title\":\"Programmes thérapeutiques\",\"slug\":\"programmes-thérapeutiques\",\"postDate\":1543366740,\"expiryDate\":null,\"enabled\":true,\"newParentId\":\"\",\"fields\":{\"2\":{\"77\":{\"type\":\"accordionTable\",\"enabled\":true,\"collapsed\":false,\"fields\":{\"accordionBloc\":{\"85\":{\"type\":\"2\",\"fields\":{\"accordionTitle\":\"Café rencontres\",\"accordionBlocElement\":{\"87\":{\"type\":\"accordionblocA\",\"enabled\":true,\"collapsed\":false,\"fields\":{\"accordionBlocAContent\":\"But\",\"accordionBlocABullet\":\"<p>loren</p>\"}}}}},\"86\":{\"type\":\"2\",\"fields\":{\"accordionTitle\":\"Compas\",\"accordionBlocElement\":[]}},\"78\":{\"type\":\"2\",\"fields\":{\"accordionTitle\":\"Prisme\",\"accordionBlocElement\":{\"79\":{\"type\":\"accordionblocB\",\"enabled\":true,\"collapsed\":false,\"fields\":{\"accordionBlocBContent\":null,\"accordionBlocBBullet\":\"<p>Il s’agit d’un programme pour des personnes présentant un trouble de comportement sexuel.</p>\\n<ul><li>P rise de conscience</li><li>R econnaissance et responsabilisation</li><li>I dentification de mes facteurs de risque et de protection</li><li>S avoir m’affirmer et répondre à mes besoins fondamentaux adéquatement</li><li>M \'éloigneront de la récidive comportementale</li><li>E t favoriseront ma croissance personnelle</li></ul>\"}},\"80\":{\"type\":\"accordionblocA\",\"enabled\":true,\"collapsed\":false,\"fields\":{\"accordionBlocAContent\":\"But\",\"accordionBlocABullet\":\"<p>Le programme vise la prise en charge de l’individu en lien avec son trouble de déviance sexuelle.</p>\"}},\"81\":{\"type\":\"accordionblocA\",\"enabled\":true,\"collapsed\":false,\"fields\":{\"accordionBlocAContent\":\"Objectifs\",\"accordionBlocABullet\":\"<ul><li>Favoriser la remise en question et la reconnaissance du participant vis-à-vis ses comportements sexuels déviants.</li><li>Aider le participant à identifier les facteurs de risque ainsi que les indices précurseurs de ses comportements.</li><li>Sensibiliser le participant aux différents moyens pouvant être utilisés pour éviter la récidive sexuelle.</li></ul>\"}},\"82\":{\"type\":\"accordionblocA\",\"enabled\":true,\"collapsed\":false,\"fields\":{\"accordionBlocAContent\":\"Durée\",\"accordionBlocABullet\":\"<p>Programme offert en groupe au coût de 210 $</p>\"}},\"83\":{\"type\":\"accordionblocA\",\"enabled\":true,\"collapsed\":false,\"fields\":{\"accordionBlocAContent\":\"Autres renseignements\",\"accordionBlocABullet\":\"<ul><li>Entrevue d’évaluation</li><li>Un suivi individuel peut être offert suite à l’évaluation des besoins de l’intervenante aux programmes</li></ul>\"}},\"84\":{\"type\":\"accordionblocA\",\"enabled\":true,\"collapsed\":false,\"fields\":{\"accordionBlocAContent\":\"Inscription\",\"accordionBlocABullet\":\"<p>Responsable :</p>\\n<ul><li>Madame Lina Cloutier</li><li>418 661-0203 poste 230</li></ul>\"}}}}}}}}},\"47\":\"<ul><li>La toxicomanie</li><li>La violence;<br /></li><li>Les valeurs et attitudes;</li><li>La délinquance sexuelle;</li><li>Etc.</li></ul><p>Consultez la liste de nos programmes ci-dessous pour en apprendre plus.</p>\",\"16\":[\"30\"],\"22\":[\"36\"],\"46\":\"Des programmes spécialisés\"}}','2018-12-01 15:19:48','2018-12-01 15:19:48','9475deab-2319-41b2-b095-87543693d873'),(85,17,4,1,1,12,'','{\"typeId\":\"5\",\"authorId\":\"1\",\"title\":\"Programmes thérapeutiques\",\"slug\":\"programmes-thérapeutiques\",\"postDate\":1543366740,\"expiryDate\":null,\"enabled\":true,\"newParentId\":\"\",\"fields\":{\"2\":{\"77\":{\"type\":\"accordionTable\",\"enabled\":true,\"collapsed\":false,\"fields\":{\"accordionTitle\":null,\"accordionBloc\":{\"85\":{\"type\":\"2\",\"fields\":{\"accordionTitle\":\"Café rencontres\",\"accordionBlocElement\":{\"87\":{\"type\":\"accordionblocA\",\"enabled\":true,\"collapsed\":false,\"fields\":{\"accordionBlocAContent\":\"But\",\"accordionBlocABullet\":\"<p>loren</p>\"}}}}},\"86\":{\"type\":\"2\",\"fields\":{\"accordionTitle\":\"Compas\",\"accordionBlocElement\":[]}},\"78\":{\"type\":\"2\",\"fields\":{\"accordionTitle\":\"Prisme\",\"accordionBlocElement\":{\"79\":{\"type\":\"accordionblocB\",\"enabled\":true,\"collapsed\":false,\"fields\":{\"accordionBlocBContent\":null,\"accordionBlocBBullet\":\"<p>Il s’agit d’un programme pour des personnes présentant un trouble de comportement sexuel.</p>\\n<ul><li>P rise de conscience</li><li>R econnaissance et responsabilisation</li><li>I dentification de mes facteurs de risque et de protection</li><li>S avoir m’affirmer et répondre à mes besoins fondamentaux adéquatement</li><li>M \'éloigneront de la récidive comportementale</li><li>E t favoriseront ma croissance personnelle</li></ul>\"}},\"80\":{\"type\":\"accordionblocA\",\"enabled\":true,\"collapsed\":false,\"fields\":{\"accordionBlocAContent\":\"But\",\"accordionBlocABullet\":\"<p>Le programme vise la prise en charge de l’individu en lien avec son trouble de déviance sexuelle.</p>\"}},\"81\":{\"type\":\"accordionblocA\",\"enabled\":true,\"collapsed\":false,\"fields\":{\"accordionBlocAContent\":\"Objectifs\",\"accordionBlocABullet\":\"<ul><li>Favoriser la remise en question et la reconnaissance du participant vis-à-vis ses comportements sexuels déviants.</li><li>Aider le participant à identifier les facteurs de risque ainsi que les indices précurseurs de ses comportements.</li><li>Sensibiliser le participant aux différents moyens pouvant être utilisés pour éviter la récidive sexuelle.</li></ul>\"}},\"82\":{\"type\":\"accordionblocA\",\"enabled\":true,\"collapsed\":false,\"fields\":{\"accordionBlocAContent\":\"Durée\",\"accordionBlocABullet\":\"<p>Programme offert en groupe au coût de 210 $</p>\"}},\"83\":{\"type\":\"accordionblocA\",\"enabled\":true,\"collapsed\":false,\"fields\":{\"accordionBlocAContent\":\"Autres renseignements\",\"accordionBlocABullet\":\"<ul><li>Entrevue d’évaluation</li><li>Un suivi individuel peut être offert suite à l’évaluation des besoins de l’intervenante aux programmes</li></ul>\"}},\"84\":{\"type\":\"accordionblocA\",\"enabled\":true,\"collapsed\":false,\"fields\":{\"accordionBlocAContent\":\"Inscription\",\"accordionBlocABullet\":\"<p>Responsable :</p>\\n<ul><li>Madame Lina Cloutier</li><li>418 661-0203 poste 230</li></ul>\"}}}}}}}}},\"50\":{\"88\":{\"type\":\"3\",\"fields\":{\"accordionTitle\":\"Test\",\"accordionTab\":{\"89\":{\"type\":\"accordionBlocA\",\"enabled\":true,\"collapsed\":false,\"fields\":{\"accordionBlocAContent\":\"Test\",\"accordionBlocABullet\":\"<ul><li>234</li><li>ad</li><li>adsf</li><li>sfd</li><li>sfd</li><li>24</li></ul>\"}}}}}},\"47\":\"<ul><li>La toxicomanie</li><li>La violence;<br /></li><li>Les valeurs et attitudes;</li><li>La délinquance sexuelle;</li><li>Etc.</li></ul><p>Consultez la liste de nos programmes ci-dessous pour en apprendre plus.</p>\",\"16\":[\"30\"],\"1\":[],\"22\":[\"36\"],\"46\":\"Des programmes spécialisés\"}}','2018-12-03 21:26:11','2018-12-03 21:26:11','9410b6ae-1bfc-47ba-b6b7-5dfdfbbd7f3d'),(86,17,4,1,1,13,'','{\"typeId\":\"5\",\"authorId\":\"1\",\"title\":\"Programmes thérapeutiques\",\"slug\":\"programmes-thérapeutiques\",\"postDate\":1543366740,\"expiryDate\":null,\"enabled\":true,\"newParentId\":\"\",\"fields\":{\"2\":{\"77\":{\"type\":\"accordionTable\",\"enabled\":true,\"collapsed\":false,\"fields\":{\"accordionTitle\":null,\"accordionBloc\":{\"85\":{\"type\":\"2\",\"fields\":{\"accordionTitle\":\"Café rencontres\",\"accordionBlocElement\":{\"87\":{\"type\":\"accordionblocA\",\"enabled\":true,\"collapsed\":false,\"fields\":{\"accordionBlocAContent\":\"But\",\"accordionBlocABullet\":\"<p>loren</p>\"}}}}},\"86\":{\"type\":\"2\",\"fields\":{\"accordionTitle\":\"Compas\",\"accordionBlocElement\":[]}},\"78\":{\"type\":\"2\",\"fields\":{\"accordionTitle\":\"Prisme\",\"accordionBlocElement\":{\"79\":{\"type\":\"accordionblocB\",\"enabled\":true,\"collapsed\":false,\"fields\":{\"accordionBlocBContent\":null,\"accordionBlocBBullet\":\"<p>Il s’agit d’un programme pour des personnes présentant un trouble de comportement sexuel.</p>\\n<ul><li>P rise de conscience</li><li>R econnaissance et responsabilisation</li><li>I dentification de mes facteurs de risque et de protection</li><li>S avoir m’affirmer et répondre à mes besoins fondamentaux adéquatement</li><li>M \'éloigneront de la récidive comportementale</li><li>E t favoriseront ma croissance personnelle</li></ul>\"}},\"80\":{\"type\":\"accordionblocA\",\"enabled\":true,\"collapsed\":false,\"fields\":{\"accordionBlocAContent\":\"But\",\"accordionBlocABullet\":\"<p>Le programme vise la prise en charge de l’individu en lien avec son trouble de déviance sexuelle.</p>\"}},\"81\":{\"type\":\"accordionblocA\",\"enabled\":true,\"collapsed\":false,\"fields\":{\"accordionBlocAContent\":\"Objectifs\",\"accordionBlocABullet\":\"<ul><li>Favoriser la remise en question et la reconnaissance du participant vis-à-vis ses comportements sexuels déviants.</li><li>Aider le participant à identifier les facteurs de risque ainsi que les indices précurseurs de ses comportements.</li><li>Sensibiliser le participant aux différents moyens pouvant être utilisés pour éviter la récidive sexuelle.</li></ul>\"}},\"82\":{\"type\":\"accordionblocA\",\"enabled\":true,\"collapsed\":false,\"fields\":{\"accordionBlocAContent\":\"Durée\",\"accordionBlocABullet\":\"<p>Programme offert en groupe au coût de 210 $</p>\"}},\"83\":{\"type\":\"accordionblocA\",\"enabled\":true,\"collapsed\":false,\"fields\":{\"accordionBlocAContent\":\"Autres renseignements\",\"accordionBlocABullet\":\"<ul><li>Entrevue d’évaluation</li><li>Un suivi individuel peut être offert suite à l’évaluation des besoins de l’intervenante aux programmes</li></ul>\"}},\"84\":{\"type\":\"accordionblocA\",\"enabled\":true,\"collapsed\":false,\"fields\":{\"accordionBlocAContent\":\"Inscription\",\"accordionBlocABullet\":\"<p>Responsable :</p>\\n<ul><li>Madame Lina Cloutier</li><li>418 661-0203 poste 230</li></ul>\"}}}}}}}}},\"50\":{\"88\":{\"type\":\"3\",\"fields\":{\"accordionTitle\":\"Café rencontres\",\"accordionTab\":[]}},\"90\":{\"type\":\"3\",\"fields\":{\"accordionTitle\":\"Compas\",\"accordionTab\":[]}},\"91\":{\"type\":\"3\",\"fields\":{\"accordionTitle\":\"Cyprès\",\"accordionTab\":[]}},\"92\":{\"type\":\"3\",\"fields\":{\"accordionTitle\":\"Départ VI\",\"accordionTab\":[]}},\"93\":{\"type\":\"3\",\"fields\":{\"accordionTitle\":\"Dilemme\",\"accordionTab\":[]}},\"94\":{\"type\":\"3\",\"fields\":{\"accordionTitle\":\"Emprise\",\"accordionTab\":[]}},\"95\":{\"type\":\"3\",\"fields\":{\"accordionTitle\":\"Nouveau départ\",\"accordionTab\":[]}},\"96\":{\"type\":\"3\",\"fields\":{\"accordionTitle\":\"Prémices\",\"accordionTab\":[]}},\"97\":{\"type\":\"3\",\"fields\":{\"accordionTitle\":\"Prisme\",\"accordionTab\":[]}}},\"47\":\"<ul><li>La toxicomanie</li><li>La violence;<br /></li><li>Les valeurs et attitudes;</li><li>La délinquance sexuelle;</li><li>Etc.</li></ul><p>Consultez la liste de nos programmes ci-dessous pour en apprendre plus.</p>\",\"16\":[\"30\"],\"1\":[],\"22\":[\"36\"],\"46\":\"Des programmes spécialisés\"}}','2018-12-03 21:54:33','2018-12-03 21:54:33','e8d47e11-fdc3-4c73-b49b-d5af04bbebcd'),(87,17,4,1,1,14,'','{\"typeId\":\"5\",\"authorId\":\"1\",\"title\":\"Programmes thérapeutiques\",\"slug\":\"programmes-thérapeutiques\",\"postDate\":1543366740,\"expiryDate\":null,\"enabled\":true,\"newParentId\":\"\",\"fields\":{\"2\":{\"77\":{\"type\":\"accordionTable\",\"enabled\":true,\"collapsed\":false,\"fields\":{\"accordionTitle\":null,\"accordionBloc\":{\"85\":{\"type\":\"2\",\"fields\":{\"accordionTitle\":\"Café rencontres\",\"accordionBlocElement\":{\"87\":{\"type\":\"accordionblocA\",\"enabled\":true,\"collapsed\":false,\"fields\":{\"accordionBlocAContent\":\"But\",\"accordionBlocABullet\":\"<p>loren</p>\"}}}}},\"86\":{\"type\":\"2\",\"fields\":{\"accordionTitle\":\"Compas\",\"accordionBlocElement\":[]}},\"78\":{\"type\":\"2\",\"fields\":{\"accordionTitle\":\"Prisme\",\"accordionBlocElement\":{\"79\":{\"type\":\"accordionblocB\",\"enabled\":true,\"collapsed\":false,\"fields\":{\"accordionBlocBContent\":null,\"accordionBlocBBullet\":\"<p>Il s’agit d’un programme pour des personnes présentant un trouble de comportement sexuel.</p>\\n<ul><li>P rise de conscience</li><li>R econnaissance et responsabilisation</li><li>I dentification de mes facteurs de risque et de protection</li><li>S avoir m’affirmer et répondre à mes besoins fondamentaux adéquatement</li><li>M \'éloigneront de la récidive comportementale</li><li>E t favoriseront ma croissance personnelle</li></ul>\"}},\"80\":{\"type\":\"accordionblocA\",\"enabled\":true,\"collapsed\":false,\"fields\":{\"accordionBlocAContent\":\"But\",\"accordionBlocABullet\":\"<p>Le programme vise la prise en charge de l’individu en lien avec son trouble de déviance sexuelle.</p>\"}},\"81\":{\"type\":\"accordionblocA\",\"enabled\":true,\"collapsed\":false,\"fields\":{\"accordionBlocAContent\":\"Objectifs\",\"accordionBlocABullet\":\"<ul><li>Favoriser la remise en question et la reconnaissance du participant vis-à-vis ses comportements sexuels déviants.</li><li>Aider le participant à identifier les facteurs de risque ainsi que les indices précurseurs de ses comportements.</li><li>Sensibiliser le participant aux différents moyens pouvant être utilisés pour éviter la récidive sexuelle.</li></ul>\"}},\"82\":{\"type\":\"accordionblocA\",\"enabled\":true,\"collapsed\":false,\"fields\":{\"accordionBlocAContent\":\"Durée\",\"accordionBlocABullet\":\"<p>Programme offert en groupe au coût de 210 $</p>\"}},\"83\":{\"type\":\"accordionblocA\",\"enabled\":true,\"collapsed\":false,\"fields\":{\"accordionBlocAContent\":\"Autres renseignements\",\"accordionBlocABullet\":\"<ul><li>Entrevue d’évaluation</li><li>Un suivi individuel peut être offert suite à l’évaluation des besoins de l’intervenante aux programmes</li></ul>\"}},\"84\":{\"type\":\"accordionblocA\",\"enabled\":true,\"collapsed\":false,\"fields\":{\"accordionBlocAContent\":\"Inscription\",\"accordionBlocABullet\":\"<p>Responsable :</p>\\n<ul><li>Madame Lina Cloutier</li><li>418 661-0203 poste 230</li></ul>\"}}}}}}}}},\"50\":{\"88\":{\"type\":\"3\",\"fields\":{\"accordionTitle\":\"Café rencontres\",\"accordionTab\":[]}},\"90\":{\"type\":\"3\",\"fields\":{\"accordionTitle\":\"Compas\",\"accordionTab\":[]}},\"91\":{\"type\":\"3\",\"fields\":{\"accordionTitle\":\"Cyprès\",\"accordionTab\":[]}},\"92\":{\"type\":\"3\",\"fields\":{\"accordionTitle\":\"Départ VI\",\"accordionTab\":[]}},\"93\":{\"type\":\"3\",\"fields\":{\"accordionTitle\":\"Dilemme\",\"accordionTab\":[]}},\"94\":{\"type\":\"3\",\"fields\":{\"accordionTitle\":\"Emprise\",\"accordionTab\":[]}},\"95\":{\"type\":\"3\",\"fields\":{\"accordionTitle\":\"Nouveau départ\",\"accordionTab\":[]}},\"96\":{\"type\":\"3\",\"fields\":{\"accordionTitle\":\"Prémices\",\"accordionTab\":[]}},\"97\":{\"type\":\"3\",\"fields\":{\"accordionTitle\":\"Prisme\",\"accordionTab\":{\"98\":{\"type\":\"accordionBlocB\",\"enabled\":true,\"collapsed\":false,\"fields\":{\"accordionBlocBContent\":null,\"accordionBlocBBullet\":\"<p>Il s’agit d’un programme pour des personnes présentant un trouble de comportement sexuel.</p>Prise de conscience<br />Reconnaissance et responsabilisation<br />Identification de mes facteurs de risque et de protection<br />Savoir m’affirmer et répondre à mes besoins fondamentaux adéquatement<br />M’éloigneront de la récidive comportementale<br />Et favoriseront ma croissance personnelle\"}}}}}},\"47\":\"<ul><li>La toxicomanie</li><li>La violence;<br /></li><li>Les valeurs et attitudes;</li><li>La délinquance sexuelle;</li><li>Etc.</li></ul><p>Consultez la liste de nos programmes ci-dessous pour en apprendre plus.</p>\",\"16\":[\"30\"],\"1\":[],\"22\":[\"36\"],\"46\":\"Des programmes spécialisés\"}}','2018-12-03 21:56:37','2018-12-03 21:56:37','d821a118-1ffe-4acd-a446-b71d5ea8723b'),(88,17,4,1,1,15,'','{\"typeId\":\"5\",\"authorId\":\"1\",\"title\":\"Programmes thérapeutiques\",\"slug\":\"programmes-thérapeutiques\",\"postDate\":1543366740,\"expiryDate\":null,\"enabled\":true,\"newParentId\":\"\",\"fields\":{\"2\":{\"77\":{\"type\":\"accordionTable\",\"enabled\":true,\"collapsed\":false,\"fields\":{\"accordionTitle\":null,\"accordionBloc\":{\"85\":{\"type\":\"2\",\"fields\":{\"accordionTitle\":\"Café rencontres\",\"accordionBlocElement\":{\"87\":{\"type\":\"accordionblocA\",\"enabled\":true,\"collapsed\":false,\"fields\":{\"accordionBlocAContent\":\"But\",\"accordionBlocABullet\":\"<p>loren</p>\"}}}}},\"86\":{\"type\":\"2\",\"fields\":{\"accordionTitle\":\"Compas\",\"accordionBlocElement\":[]}},\"78\":{\"type\":\"2\",\"fields\":{\"accordionTitle\":\"Prisme\",\"accordionBlocElement\":{\"79\":{\"type\":\"accordionblocB\",\"enabled\":true,\"collapsed\":false,\"fields\":{\"accordionBlocBContent\":null,\"accordionBlocBBullet\":\"<p>Il s’agit d’un programme pour des personnes présentant un trouble de comportement sexuel.</p>\\n<ul><li>P rise de conscience</li><li>R econnaissance et responsabilisation</li><li>I dentification de mes facteurs de risque et de protection</li><li>S avoir m’affirmer et répondre à mes besoins fondamentaux adéquatement</li><li>M \'éloigneront de la récidive comportementale</li><li>E t favoriseront ma croissance personnelle</li></ul>\"}},\"80\":{\"type\":\"accordionblocA\",\"enabled\":true,\"collapsed\":false,\"fields\":{\"accordionBlocAContent\":\"But\",\"accordionBlocABullet\":\"<p>Le programme vise la prise en charge de l’individu en lien avec son trouble de déviance sexuelle.</p>\"}},\"81\":{\"type\":\"accordionblocA\",\"enabled\":true,\"collapsed\":false,\"fields\":{\"accordionBlocAContent\":\"Objectifs\",\"accordionBlocABullet\":\"<ul><li>Favoriser la remise en question et la reconnaissance du participant vis-à-vis ses comportements sexuels déviants.</li><li>Aider le participant à identifier les facteurs de risque ainsi que les indices précurseurs de ses comportements.</li><li>Sensibiliser le participant aux différents moyens pouvant être utilisés pour éviter la récidive sexuelle.</li></ul>\"}},\"82\":{\"type\":\"accordionblocA\",\"enabled\":true,\"collapsed\":false,\"fields\":{\"accordionBlocAContent\":\"Durée\",\"accordionBlocABullet\":\"<p>Programme offert en groupe au coût de 210 $</p>\"}},\"83\":{\"type\":\"accordionblocA\",\"enabled\":true,\"collapsed\":false,\"fields\":{\"accordionBlocAContent\":\"Autres renseignements\",\"accordionBlocABullet\":\"<ul><li>Entrevue d’évaluation</li><li>Un suivi individuel peut être offert suite à l’évaluation des besoins de l’intervenante aux programmes</li></ul>\"}},\"84\":{\"type\":\"accordionblocA\",\"enabled\":true,\"collapsed\":false,\"fields\":{\"accordionBlocAContent\":\"Inscription\",\"accordionBlocABullet\":\"<p>Responsable :</p>\\n<ul><li>Madame Lina Cloutier</li><li>418 661-0203 poste 230</li></ul>\"}}}}}}}}},\"50\":{\"88\":{\"type\":\"3\",\"fields\":{\"accordionTitle\":\"Café rencontres\",\"accordionTab\":[]}},\"90\":{\"type\":\"3\",\"fields\":{\"accordionTitle\":\"Compas\",\"accordionTab\":[]}},\"91\":{\"type\":\"3\",\"fields\":{\"accordionTitle\":\"Cyprès\",\"accordionTab\":[]}},\"92\":{\"type\":\"3\",\"fields\":{\"accordionTitle\":\"Départ VI\",\"accordionTab\":[]}},\"93\":{\"type\":\"3\",\"fields\":{\"accordionTitle\":\"Dilemme\",\"accordionTab\":[]}},\"94\":{\"type\":\"3\",\"fields\":{\"accordionTitle\":\"Emprise\",\"accordionTab\":[]}},\"95\":{\"type\":\"3\",\"fields\":{\"accordionTitle\":\"Nouveau départ\",\"accordionTab\":[]}},\"96\":{\"type\":\"3\",\"fields\":{\"accordionTitle\":\"Prémices\",\"accordionTab\":[]}},\"97\":{\"type\":\"3\",\"fields\":{\"accordionTitle\":\"Prisme\",\"accordionTab\":{\"98\":{\"type\":\"accordionBlocB\",\"enabled\":true,\"collapsed\":false,\"fields\":{\"accordionBlocBContent\":null,\"accordionBlocBBullet\":\"<p>Il s’agit d’un programme pour des personnes présentant un trouble de comportement sexuel.</p>\\n<ul><li>Prise de conscience</li><li>Reconnaissance et responsabilisation</li><li>Identification de mes facteurs de risque et de protection</li><li>Savoir m’affirmer et répondre à mes besoins fondamentaux adéquatement</li><li>M’éloigneront de la récidive comportementale</li><li>Et favoriseront ma croissance personnelle</li></ul>\"}}}}}},\"47\":\"<ul><li>La toxicomanie</li><li>La violence;<br /></li><li>Les valeurs et attitudes;</li><li>La délinquance sexuelle;</li><li>Etc.</li></ul><p>Consultez la liste de nos programmes ci-dessous pour en apprendre plus.</p>\",\"16\":[\"30\"],\"1\":[],\"22\":[\"36\"],\"46\":\"Des programmes spécialisés\"}}','2018-12-03 21:58:05','2018-12-03 21:58:05','c8b601ce-a688-4fb2-b4e1-1fe18747d7e0'),(89,17,4,1,1,16,'','{\"typeId\":\"5\",\"authorId\":\"1\",\"title\":\"Programmes thérapeutiques\",\"slug\":\"programmes-thérapeutiques\",\"postDate\":1543366740,\"expiryDate\":null,\"enabled\":true,\"newParentId\":\"\",\"fields\":{\"50\":{\"88\":{\"type\":\"3\",\"fields\":{\"accordionTitle\":\"Café rencontres\",\"accordionTab\":[]}},\"90\":{\"type\":\"3\",\"fields\":{\"accordionTitle\":\"Compas\",\"accordionTab\":[]}},\"91\":{\"type\":\"3\",\"fields\":{\"accordionTitle\":\"Cyprès\",\"accordionTab\":[]}},\"92\":{\"type\":\"3\",\"fields\":{\"accordionTitle\":\"Départ VI\",\"accordionTab\":[]}},\"93\":{\"type\":\"3\",\"fields\":{\"accordionTitle\":\"Dilemme\",\"accordionTab\":[]}},\"94\":{\"type\":\"3\",\"fields\":{\"accordionTitle\":\"Emprise\",\"accordionTab\":[]}},\"95\":{\"type\":\"3\",\"fields\":{\"accordionTitle\":\"Nouveau départ\",\"accordionTab\":[]}},\"96\":{\"type\":\"3\",\"fields\":{\"accordionTitle\":\"Prémices\",\"accordionTab\":[]}},\"97\":{\"type\":\"3\",\"fields\":{\"accordionTitle\":\"Prisme\",\"accordionTab\":{\"98\":{\"type\":\"accordionBlocB\",\"enabled\":true,\"collapsed\":false,\"fields\":{\"accordionBlocBContent\":null,\"accordionBlocBBullet\":\"<p>Il s’agit d’un programme pour des personnes présentant un trouble de comportement sexuel.</p>\\n<ul><li>Prise de conscience</li><li>Reconnaissance et responsabilisation</li><li>Identification de mes facteurs de risque et de protection</li><li>Savoir m’affirmer et répondre à mes besoins fondamentaux adéquatement</li><li>M’éloigneront de la récidive comportementale</li><li>Et favoriseront ma croissance personnelle</li></ul>\"}},\"99\":{\"type\":\"accordionBlocA\",\"enabled\":true,\"collapsed\":false,\"fields\":{\"accordionBlocAContent\":\"But\",\"accordionBlocABullet\":\"<p>Le programme vise la prise en charge de l’individu en lien avec son trouble de déviance sexuelle.</p>\"}},\"100\":{\"type\":\"accordionBlocA\",\"enabled\":true,\"collapsed\":false,\"fields\":{\"accordionBlocAContent\":\"Objectifs\",\"accordionBlocABullet\":\"<ul><li>Favoriser la remise en question et la reconnaissance du participant vis-à-vis ses comportements sexuels déviants.</li><li>Aider le participant à identifier les facteurs de risque ainsi que les indices précurseurs de ses comportements.</li><li>Sensibiliser le participant aux différents moyens pouvant être utilisés pour éviter la récidive sexuelle.</li></ul>\"}},\"101\":{\"type\":\"accordionBlocA\",\"enabled\":true,\"collapsed\":false,\"fields\":{\"accordionBlocAContent\":\"Durée\",\"accordionBlocABullet\":\"<p>Programme offert en groupe au coût de 210 $</p>\"}},\"102\":{\"type\":\"accordionBlocA\",\"enabled\":true,\"collapsed\":false,\"fields\":{\"accordionBlocAContent\":\"Autres renseignements\",\"accordionBlocABullet\":\"\\n<ul><li>Entrevue d’évaluation</li><li>Un suivi individuel peut être offert suite à l’évaluation des besoins de l’intervenante aux programmes</li></ul>\"}},\"103\":{\"type\":\"accordionBlocA\",\"enabled\":true,\"collapsed\":false,\"fields\":{\"accordionBlocAContent\":\"Inscription\",\"accordionBlocABullet\":\"<p>Responsable :</p>\\n<ul><li>Madame Lina Cloutier</li><li>418 661-0203 poste 230</li></ul>\"}}}}}},\"47\":\"<ul><li>La toxicomanie</li><li>La violence;<br /></li><li>Les valeurs et attitudes;</li><li>La délinquance sexuelle;</li><li>Etc.</li></ul><p>Consultez la liste de nos programmes ci-dessous pour en apprendre plus.</p>\",\"16\":[\"30\"],\"1\":[],\"22\":[\"36\"],\"46\":\"Des programmes spécialisés\"}}','2018-12-03 22:04:03','2018-12-03 22:04:03','e1fc6f61-ad54-4759-af67-1ec9ab45dd7e'),(90,17,4,1,1,17,'','{\"typeId\":\"5\",\"authorId\":\"1\",\"title\":\"Programmes thérapeutiques\",\"slug\":\"programmes-thérapeutiques\",\"postDate\":1543366740,\"expiryDate\":null,\"enabled\":true,\"newParentId\":\"\",\"fields\":{\"50\":{\"88\":{\"type\":\"3\",\"fields\":{\"accordionTitle\":\"Café rencontres\",\"accordionTab\":[]}},\"90\":{\"type\":\"3\",\"fields\":{\"accordionTitle\":\"Compas\",\"accordionTab\":[]}},\"91\":{\"type\":\"3\",\"fields\":{\"accordionTitle\":\"Cyprès\",\"accordionTab\":[]}},\"92\":{\"type\":\"3\",\"fields\":{\"accordionTitle\":\"Départ VI\",\"accordionTab\":[]}},\"93\":{\"type\":\"3\",\"fields\":{\"accordionTitle\":\"Dilemme\",\"accordionTab\":[]}},\"94\":{\"type\":\"3\",\"fields\":{\"accordionTitle\":\"Emprise\",\"accordionTab\":[]}},\"95\":{\"type\":\"3\",\"fields\":{\"accordionTitle\":\"Nouveau départ\",\"accordionTab\":[]}},\"96\":{\"type\":\"3\",\"fields\":{\"accordionTitle\":\"Prémices\",\"accordionTab\":[]}},\"97\":{\"type\":\"3\",\"fields\":{\"accordionTitle\":\"Prisme\",\"accordionTab\":{\"98\":{\"type\":\"accordionBlocB\",\"enabled\":true,\"collapsed\":false,\"fields\":{\"accordionBlocBContent\":null,\"accordionBlocBBullet\":\"<p>Il s’agit d’un programme pour des personnes présentant un trouble de comportement sexuel.</p>\\n<ul><li>Prise de conscience</li><li>Reconnaissance et responsabilisation</li><li>Identification de mes facteurs de risque et de protection</li><li>Savoir m’affirmer et répondre à mes besoins fondamentaux adéquatement</li><li>M’éloigneront de la récidive comportementale</li><li>Et favoriseront ma croissance personnelle</li></ul>\"}},\"99\":{\"type\":\"accordionBlocA\",\"enabled\":true,\"collapsed\":false,\"fields\":{\"accordionBlocAContent\":\"But\",\"accordionBlocABullet\":\"<p>Le programme vise la prise en charge de l’individu en lien avec son trouble de déviance sexuelle.</p>\"}},\"100\":{\"type\":\"accordionBlocA\",\"enabled\":true,\"collapsed\":false,\"fields\":{\"accordionBlocAContent\":\"Objectifs\",\"accordionBlocABullet\":\"<ul><li>Favoriser la remise en question et la reconnaissance du participant vis-à-vis ses comportements sexuels déviants.</li><li>Aider le participant à identifier les facteurs de risque ainsi que les indices précurseurs de ses comportements.</li><li>Sensibiliser le participant aux différents moyens pouvant être utilisés pour éviter la récidive sexuelle.</li></ul>\"}},\"101\":{\"type\":\"accordionBlocA\",\"enabled\":true,\"collapsed\":false,\"fields\":{\"accordionBlocAContent\":\"Durée\",\"accordionBlocABullet\":\"<p>Programme offert en groupe au coût de 210 $</p>\"}},\"102\":{\"type\":\"accordionBlocA\",\"enabled\":true,\"collapsed\":false,\"fields\":{\"accordionBlocAContent\":\"Autres renseignements\",\"accordionBlocABullet\":\"<ul><li>Entrevue d’évaluation</li><li>Un suivi individuel peut être offert suite à l’évaluation des besoins de l’intervenante aux programmes</li></ul>\"}},\"103\":{\"type\":\"accordionBlocA\",\"enabled\":true,\"collapsed\":false,\"fields\":{\"accordionBlocAContent\":\"Inscription\",\"accordionBlocABullet\":\"<p>Responsable :</p>\\n<ul><li>Madame Lina Cloutier</li><li>418 661-0203 poste 230</li></ul>\"}}}}}},\"47\":\"<ul><li>La toxicomanie</li><li>La violence;<br /></li><li>Les valeurs et attitudes;</li><li>La délinquance sexuelle;</li><li>Etc.</li></ul><p>Consultez la liste de nos programmes ci-dessous pour en apprendre plus.</p>\",\"16\":[\"30\"],\"1\":[\"104\",\"105\",\"107\"],\"22\":[\"36\"],\"46\":\"Des programmes spécialisés\"}}','2018-12-03 22:22:31','2018-12-03 22:22:31','61ecf461-7193-4bb8-82a0-5088b42a5d2c'),(91,9,6,1,1,1,'Revision from 3 déc. 2018 15:34:27','{\"typeId\":\"7\",\"authorId\":null,\"title\":\"Critères d\'admission\",\"slug\":\"critères-dadmission\",\"postDate\":1543365900,\"expiryDate\":null,\"enabled\":\"1\",\"newParentId\":null,\"fields\":{\"16\":[]}}','2018-12-03 23:36:02','2018-12-03 23:36:02','2a8df54a-f557-4136-86cf-14d2a6f3a8fd'),(92,9,6,1,1,2,'','{\"typeId\":\"7\",\"authorId\":null,\"title\":\"Critères d\'admission\",\"slug\":\"critères-dadmission\",\"postDate\":1543365900,\"expiryDate\":null,\"enabled\":true,\"newParentId\":null,\"fields\":{\"16\":[\"108\"]}}','2018-12-03 23:36:02','2018-12-03 23:36:02','7811f9c5-8113-4cb1-b5ec-b321b8805938'),(93,9,6,1,1,3,'','{\"typeId\":\"7\",\"authorId\":null,\"title\":\"Critères d\'admission\",\"slug\":\"critères-dadmission\",\"postDate\":1543365900,\"expiryDate\":null,\"enabled\":true,\"newParentId\":null,\"fields\":{\"16\":[\"108\"],\"1\":[\"107\",\"104\",\"105\"]}}','2018-12-03 23:38:23','2018-12-03 23:38:23','6e8c3647-870d-453a-b6f3-1bda20f74d3e'),(94,9,6,1,1,4,'','{\"typeId\":\"7\",\"authorId\":null,\"title\":\"Critères d\'admission\",\"slug\":\"critères-dadmission\",\"postDate\":1543365900,\"expiryDate\":null,\"enabled\":true,\"newParentId\":null,\"fields\":{\"47\":\"<p>Pour être admis à La Maison Painchaud, les contrevenants qui nous sont référés doivent :</p>\\n\\n\\n\\n\\n\\n<ul><li>Présenter un niveau de risque assumable dans la collectivité (niveau de dangerosité sociale);</li><li>Présenter un projet de sortie pertinent et réaliste;</li><li>Présenter de la motivation et du sérieux dans sa démarche de réinsertion sociale;</li><li>Avoir des capacités d’introspection et d’autocritique;</li><li>Être ouverts à l’intervention;</li><li>Présenter des conditions physiques et mentales permettant de participer à un processus de réinsertion sociale;</li><li>Réagir adéquatement face à l’autorité.</li></ul><p>Communiquez avec nous si vous souhaitez obtenir plus de renseignements.</p>\",\"16\":[\"108\"],\"1\":[\"107\",\"104\",\"105\"],\"46\":\"Quel que soit votre passé\"}}','2018-12-03 23:41:31','2018-12-03 23:41:31','b9135dc4-d4ad-48a2-981f-5f11b2b58293'),(95,9,6,1,1,5,'','{\"typeId\":\"7\",\"authorId\":null,\"title\":\"Critères d\'admission\",\"slug\":\"critères-dadmission\",\"postDate\":1543365900,\"expiryDate\":null,\"enabled\":true,\"newParentId\":null,\"fields\":{\"47\":\"<p>Pour être admis à La Maison Painchaud, les contrevenants qui nous sont référés doivent :</p>\\n<ul><li>Présenter un niveau de risque assumable dans la collectivité (niveau de dangerosité sociale);</li><li>Présenter un projet de sortie pertinent et réaliste;</li><li>Présenter de la motivation et du sérieux dans sa démarche de réinsertion sociale;</li><li>Avoir des capacités d’introspection et d’autocritique;</li><li>Être ouverts à l’intervention;</li><li>Présenter des conditions physiques et mentales permettant de participer à un processus de réinsertion sociale;</li><li>Réagir adéquatement face à l’autorité.</li></ul><p><a href=\\\"{entry:13:url}\\\">Communiquez avec nous</a> si vous souhaitez obtenir plus de renseignements.</p>\",\"16\":[\"108\"],\"1\":[\"107\",\"104\",\"105\"],\"46\":\"Quel que soit votre passé\"}}','2018-12-03 23:46:55','2018-12-03 23:46:55','0fddda45-5e07-4707-847c-57bfc5e661e5'),(96,9,6,1,1,6,'','{\"typeId\":\"7\",\"authorId\":null,\"title\":\"Critères d\'admission\",\"slug\":\"critères-dadmission\",\"postDate\":1543365900,\"expiryDate\":null,\"enabled\":true,\"newParentId\":null,\"fields\":{\"47\":\"<p>Pour être admis à La Maison Painchaud, les contrevenants qui nous sont référés doivent :</p>\\n<ul><li>Présenter un niveau de risque assumable dans la collectivité (niveau de dangerosité sociale);</li><li>Présenter un projet de sortie pertinent et réaliste;</li><li>Présenter de la motivation et du sérieux dans sa démarche de réinsertion sociale;</li><li>Avoir des capacités d’introspection et d’autocritique;</li><li>Être ouverts à l’intervention;</li><li>Présenter des conditions physiques et mentales permettant de participer à un processus de réinsertion sociale;</li><li>Réagir adéquatement face à l’autorité.</li></ul><p><a href=\\\"{entry:13:url}\\\">Communiquez avec nous</a> si vous souhaitez obtenir plus de renseignements.</p>\",\"16\":[\"108\"],\"58\":[\"109\"],\"1\":[\"107\",\"104\",\"105\"],\"46\":\"Quel que soit votre passé\"}}','2018-12-04 00:05:07','2018-12-04 00:05:07','5bcc948f-23f8-4c7d-86e0-f0ebafc36638'),(97,11,7,1,1,1,'Revision from 3 déc. 2018 18:18:10','{\"typeId\":\"8\",\"authorId\":null,\"title\":\"Carrières\",\"slug\":\"carrières\",\"postDate\":1543366140,\"expiryDate\":null,\"enabled\":\"1\",\"newParentId\":null,\"fields\":{\"16\":[]}}','2018-12-04 02:19:58','2018-12-04 02:19:58','9542d12e-31e9-4df0-b6fb-3f41444735cc'),(98,11,7,1,1,2,'','{\"typeId\":\"8\",\"authorId\":null,\"title\":\"Carrières\",\"slug\":\"carrières\",\"postDate\":1543366140,\"expiryDate\":null,\"enabled\":true,\"newParentId\":null,\"fields\":{\"16\":[\"110\"]}}','2018-12-04 02:19:58','2018-12-04 02:19:58','5a92e9a2-c035-4417-a7df-786f48ed1219'),(99,11,7,1,1,3,'','{\"typeId\":\"8\",\"authorId\":null,\"title\":\"Carrières\",\"slug\":\"carrières\",\"postDate\":1543366140,\"expiryDate\":null,\"enabled\":true,\"newParentId\":null,\"fields\":{\"47\":\"<p>Un emploi dans le domaine de la réinsertion sociale vous intéresse? Notre mission vous interpelle? </p>\\n<p>Joignez-vous à notre équipe dynamique et professionnelle!</p><h3>Profitez de divers avantages</h3><p>La Maison Painchaud offre d’excellentes conditions de travail telles que :</p>\\n\\n\\n\\n\\n\\n<ul><li>Un régime d’assurances médicales et dentaires</li><li>Un fond de pension dès l’entrée en poste l</li><li>La possibilité de prendre un repas équilibré à la cuisine à un coût très abordable</li><li>Des congés de maladie payés si non utilisés</li><li>Le stationnement gratuit</li><li>Un espace de travail bien aménagé, fraîchement rénové et doté d’outils informatiques performants </li><li>Une ambiance où il fait bon travailler!</li></ul><p>De plus, notre établissement se situe dans un quartier résidentiel à proximité des transports en commun, de tous les services et à deux pas du parc Maizeret.</p>\",\"16\":[\"110\"],\"46\":\"Évoluer professionnellement à La Maison Painchaud\"}}','2018-12-04 02:25:46','2018-12-04 02:25:46','35a08a66-4cc3-4271-81b8-b73f5eca2c5e'),(100,11,7,1,1,4,'','{\"typeId\":\"8\",\"authorId\":null,\"title\":\"Carrières\",\"slug\":\"carrières\",\"postDate\":1543366140,\"expiryDate\":null,\"enabled\":true,\"newParentId\":null,\"fields\":{\"50\":{\"111\":{\"type\":\"3\",\"fields\":{\"accordionTitle\":\"Banques de candidatures\",\"accordionTab\":[]}},\"112\":{\"type\":\"3\",\"fields\":{\"accordionTitle\":\"Recrutements universitaires\",\"accordionTab\":[]}},\"113\":{\"type\":\"3\",\"fields\":{\"accordionTitle\":\"Bénévolat\",\"accordionTab\":[]}},\"114\":{\"type\":\"3\",\"fields\":{\"accordionTitle\":\"Emplois d\'été\",\"accordionTab\":[]}}},\"47\":\"<p>Un emploi dans le domaine de la réinsertion sociale vous intéresse? Notre mission vous interpelle? </p>\\n<p>Joignez-vous à notre équipe dynamique et professionnelle!</p>\\n<h3>Profitez de divers avantages</h3>\\n<p>La Maison Painchaud offre d’excellentes conditions de travail telles que :</p>\\n<ul><li>Un régime d’assurances médicales et dentaires</li><li>Un fond de pension dès l’entrée en poste l</li><li>La possibilité de prendre un repas équilibré à la cuisine à un coût très abordable</li><li>Des congés de maladie payés si non utilisés</li><li>Le stationnement gratuit</li><li>Un espace de travail bien aménagé, fraîchement rénové et doté d’outils informatiques performants </li><li>Une ambiance où il fait bon travailler!</li></ul><p>De plus, notre établissement se situe dans un quartier résidentiel à proximité des transports en commun, de tous les services et à deux pas du parc Maizeret.</p>\",\"16\":[\"110\"],\"59\":\"Opportunités\",\"46\":\"Évoluer professionnellement à La Maison Painchaud\"}}','2018-12-04 02:29:07','2018-12-04 02:29:07','d6e54bb7-7651-45e8-92c8-a04b5a0f2706'),(101,11,7,1,1,5,'','{\"typeId\":\"8\",\"authorId\":null,\"title\":\"Carrières\",\"slug\":\"carrières\",\"postDate\":1543366140,\"expiryDate\":null,\"enabled\":true,\"newParentId\":null,\"fields\":{\"50\":{\"111\":{\"type\":\"3\",\"fields\":{\"accordionTitle\":\"Banques de candidatures\",\"accordionTab\":[]}},\"112\":{\"type\":\"3\",\"fields\":{\"accordionTitle\":\"Recrutements universitaires\",\"accordionTab\":[]}},\"113\":{\"type\":\"3\",\"fields\":{\"accordionTitle\":\"Bénévolat\",\"accordionTab\":[]}},\"114\":{\"type\":\"3\",\"fields\":{\"accordionTitle\":\"Emplois d\'été\",\"accordionTab\":[]}}},\"47\":\"<p>Un emploi dans le domaine de la réinsertion sociale vous intéresse? Notre mission vous interpelle? </p>\\n<p>Joignez-vous à notre équipe dynamique et professionnelle!</p>\\n<h3>Profitez de divers avantages</h3>\\n<p>La Maison Painchaud offre d’excellentes conditions de travail telles que :</p>\\n<ul><li>Un régime d’assurances médicales et dentaires</li><li>Un fond de pension dès l’entrée en poste l</li><li>La possibilité de prendre un repas équilibré à la cuisine à un coût très abordable</li><li>Des congés de maladie payés si non utilisés</li><li>Le stationnement gratuit</li><li>Un espace de travail bien aménagé, fraîchement rénové et doté d’outils informatiques performants </li><li>Une ambiance où il fait bon travailler!</li></ul><p>De plus, notre établissement se situe dans un quartier résidentiel à proximité des transports en commun, de tous les services et à deux pas du parc Maizeret.</p>\",\"16\":[\"110\"],\"1\":[\"107\",\"104\",\"105\"],\"59\":\"Opportunités\",\"46\":\"Évoluer professionnellement à La Maison Painchaud\"}}','2018-12-04 02:32:24','2018-12-04 02:32:24','99b83e7f-db55-4835-bedd-df811e7a76d6'),(102,115,8,1,1,1,'','{\"typeId\":\"9\",\"authorId\":\"1\",\"title\":\"Intervenant(e)\",\"slug\":\"intervenante\",\"postDate\":1543891020,\"expiryDate\":null,\"enabled\":true,\"newParentId\":\"\",\"fields\":[]}','2018-12-04 02:37:26','2018-12-04 02:37:26','dfa66edf-0a59-44db-be30-c98f8ce3d9c1'),(103,116,8,1,1,1,'','{\"typeId\":\"9\",\"authorId\":\"1\",\"title\":\"Organisateur(rice) communautaire\",\"slug\":\"organisateurrice-communautaire\",\"postDate\":1543891020,\"expiryDate\":null,\"enabled\":true,\"newParentId\":\"\",\"fields\":[]}','2018-12-04 02:37:55','2018-12-04 02:37:55','0378836b-1821-478b-9cda-6743e3d0a3ed'),(104,115,8,1,1,2,'','{\"typeId\":\"9\",\"authorId\":\"1\",\"title\":\"Intervenant(e)\",\"slug\":\"intervenante\",\"postDate\":1543891020,\"expiryDate\":null,\"enabled\":true,\"newParentId\":\"\",\"fields\":{\"61\":\"Dès que possible\",\"64\":\"40h - Temps plein\",\"62\":\"1\",\"66\":\"jour, soir, fin de semaine\",\"63\":\"à discuter\",\"65\":\"Permanent\"}}','2018-12-04 03:31:44','2018-12-04 03:31:44','b50c9595-1ea8-411f-bf77-a67cc1413ebf'),(105,115,8,1,1,3,'','{\"typeId\":\"9\",\"authorId\":\"1\",\"title\":\"Intervenant(e)\",\"slug\":\"intervenante\",\"postDate\":1543891020,\"expiryDate\":null,\"enabled\":true,\"newParentId\":\"\",\"fields\":{\"61\":\"Dès que possible\",\"64\":\"40h - Temps plein\",\"62\":\"1\",\"66\":\"jour, soir, fin de semaine\",\"67\":\"<p>Lorem ipsum dolor sit amet, </p>\\n<p>Consectetur adipiscing elit, sed do eiusmod tempor incididunt ut labore et dolore magna aliqua. </p>\\n<p>Ut enim ad minim veniam, quis nostrud exercitation ullamco laboris nisi ut aliquip ex ea commodo consequat. </p>\\n<p>Duis aute irure dolor in reprehenderit in voluptate velit esse cillum dolore eu fugiat nulla pariatur. </p>\\n<p>Excepteur sint occaecat cupidatat non proident, sunt in culpa qui officia deserunt mollit anim id est laborum.</p>\",\"63\":\"à discuter\",\"65\":\"Permanent\"}}','2018-12-04 03:55:47','2018-12-04 03:55:47','5bca8d83-04e4-4991-b7df-0a71fdf20758'),(106,115,8,1,1,4,'','{\"typeId\":\"9\",\"authorId\":\"1\",\"title\":\"Intervenant(e)\",\"slug\":\"intervenante\",\"postDate\":1543891020,\"expiryDate\":null,\"enabled\":true,\"newParentId\":\"\",\"fields\":{\"61\":\"Dès que possible\",\"64\":\"40h - Temps plein\",\"62\":\"1\",\"66\":\"jour, soir, fin de semaine\",\"67\":\"\\n\\n\\n\\n<ul><li>Lorem ipsum dolor sit amet, </li><li>Consectetur adipiscing elit, sed do eiusmod tempor incididunt ut labore et dolore magna aliqua. </li><li>Ut enim ad minim veniam, quis nostrud exercitation ullamco laboris nisi ut aliquip ex ea commodo consequat. </li><li>Duis aute irure dolor in reprehenderit in voluptate velit esse cillum dolore eu fugiat nulla pariatur. </li><li>Excepteur sint occaecat cupidatat non proident, sunt in culpa qui officia deserunt mollit anim id est laborum.</li></ul>\",\"63\":\"à discuter\",\"65\":\"Permanent\"}}','2018-12-04 03:55:56','2018-12-04 03:55:56','355bc427-5546-42f9-a8a7-acc0b037e85b'),(107,115,8,1,1,5,'','{\"typeId\":\"9\",\"authorId\":\"1\",\"title\":\"Intervenant(e)\",\"slug\":\"intervenante\",\"postDate\":1543891020,\"expiryDate\":null,\"enabled\":true,\"newParentId\":\"\",\"fields\":{\"70\":\"0-2 années\",\"61\":\"Dès que possible\",\"69\":\"DES terminé\",\"71\":\"<ul><li>Lorem ipsum dolor sit amet,</li><li>Consectetur adipiscing elit, sed do eiusmod tempor incididunt ut labore et dolore magna aliqua.</li><li>Ut enim ad minim veniam, quis nostrud exercitation ullamco laboris nisi ut aliquip ex ea commodo consequat.</li><li>Duis aute irure dolor in reprehenderit in voluptate velit esse cillum dolore eu fugiat nulla pariatur.</li><li>Excepteur sint occaecat cupidatat non proident, sunt in culpa qui officia deserunt mollit anim id est laborum.</li></ul>\",\"64\":\"40h - Temps plein\",\"68\":\"Secondaire\",\"62\":\"1\",\"66\":\"jour, soir, fin de semaine\",\"67\":\"<ul><li>Lorem ipsum dolor sit amet, </li><li>Consectetur adipiscing elit, sed do eiusmod tempor incididunt ut labore et dolore magna aliqua. </li><li>Ut enim ad minim veniam, quis nostrud exercitation ullamco laboris nisi ut aliquip ex ea commodo consequat. </li><li>Duis aute irure dolor in reprehenderit in voluptate velit esse cillum dolore eu fugiat nulla pariatur. </li><li>Excepteur sint occaecat cupidatat non proident, sunt in culpa qui officia deserunt mollit anim id est laborum.</li></ul>\",\"63\":\"à discuter\",\"65\":\"Permanent\"}}','2018-12-04 04:25:05','2018-12-04 04:25:05','bb4783b4-20ba-456e-a934-7cc21f6df1e1'),(108,115,8,1,1,6,'','{\"typeId\":\"9\",\"authorId\":\"1\",\"title\":\"Intervenant(e)\",\"slug\":\"intervenante\",\"postDate\":1543891020,\"expiryDate\":null,\"enabled\":true,\"newParentId\":\"\",\"fields\":{\"70\":\"0-2 années\",\"72\":\"\\n\\n\\n\\n<ul><li>Lorem ipsum dolor sit amet, </li><li>Consectetur adipiscing elit, sed do eiusmod tempor incididunt ut labore et dolore magna aliqua. </li><li>Ut enim ad minim veniam, quis nostrud exercitation ullamco laboris nisi ut aliquip ex ea commodo consequat. </li><li>Duis aute irure dolor in reprehenderit in voluptate velit esse cillum dolore eu fugiat nulla pariatur. </li><li>Excepteur sint occaecat cupidatat non proident, sunt in culpa qui officia deserunt mollit anim id est laborum.</li></ul>\",\"61\":\"Dès que possible\",\"69\":\"DES terminé\",\"71\":\"<ul><li>Lorem ipsum dolor sit amet,</li><li>Consectetur adipiscing elit, sed do eiusmod tempor incididunt ut labore et dolore magna aliqua.</li><li>Ut enim ad minim veniam, quis nostrud exercitation ullamco laboris nisi ut aliquip ex ea commodo consequat.</li><li>Duis aute irure dolor in reprehenderit in voluptate velit esse cillum dolore eu fugiat nulla pariatur.</li><li>Excepteur sint occaecat cupidatat non proident, sunt in culpa qui officia deserunt mollit anim id est laborum.</li></ul>\",\"64\":\"40h - Temps plein\",\"68\":\"Secondaire\",\"62\":\"1\",\"66\":\"jour, soir, fin de semaine\",\"67\":\"<ul><li>Lorem ipsum dolor sit amet, </li><li>Consectetur adipiscing elit, sed do eiusmod tempor incididunt ut labore et dolore magna aliqua. </li><li>Ut enim ad minim veniam, quis nostrud exercitation ullamco laboris nisi ut aliquip ex ea commodo consequat. </li><li>Duis aute irure dolor in reprehenderit in voluptate velit esse cillum dolore eu fugiat nulla pariatur. </li><li>Excepteur sint occaecat cupidatat non proident, sunt in culpa qui officia deserunt mollit anim id est laborum.</li></ul>\",\"63\":\"à discuter\",\"65\":\"Permanent\"}}','2018-12-04 04:29:39','2018-12-04 04:29:39','0e3a4047-543d-43f7-bd0f-cfe9407cdc75'),(109,12,9,1,1,1,'Revision from 5 déc. 2018 07:16:05','{\"typeId\":\"10\",\"authorId\":null,\"title\":\"Documentation\",\"slug\":\"documentation\",\"postDate\":1543366200,\"expiryDate\":null,\"enabled\":\"1\",\"newParentId\":null,\"fields\":{\"16\":[]}}','2018-12-05 15:18:27','2018-12-05 15:18:27','b09cdfdb-d566-49d7-9b6e-198de4c68459'),(110,12,9,1,1,2,'','{\"typeId\":\"10\",\"authorId\":null,\"title\":\"Documentation\",\"slug\":\"documentation\",\"postDate\":1543366200,\"expiryDate\":null,\"enabled\":true,\"newParentId\":null,\"fields\":{\"16\":[\"216\"]}}','2018-12-05 15:18:27','2018-12-05 15:18:27','a044753e-a02e-47c8-9dd7-5bf26f0eaca2'),(111,13,10,1,1,1,'Revision from 5 déc. 2018 07:15:55','{\"typeId\":\"11\",\"authorId\":null,\"title\":\"Nous joindre\",\"slug\":\"nous-joindre\",\"postDate\":1543366260,\"expiryDate\":null,\"enabled\":\"1\",\"newParentId\":null,\"fields\":{\"16\":[]}}','2018-12-05 15:19:39','2018-12-05 15:19:39','7021136c-9a64-4c68-9670-0c561cd97ee9'),(112,13,10,1,1,2,'','{\"typeId\":\"11\",\"authorId\":null,\"title\":\"Nous joindre\",\"slug\":\"nous-joindre\",\"postDate\":1543366260,\"expiryDate\":null,\"enabled\":true,\"newParentId\":null,\"fields\":{\"16\":[\"217\"]}}','2018-12-05 15:19:39','2018-12-05 15:19:39','7fc64501-f616-45f5-ad7f-3d0e2dc8c4c3'),(113,219,13,1,1,1,'Revision from 5 déc. 2018 09:21:52','{\"typeId\":\"14\",\"authorId\":null,\"title\":\"Activités\",\"slug\":\"activités\",\"postDate\":1544029500,\"expiryDate\":null,\"enabled\":\"1\",\"newParentId\":null,\"fields\":{\"16\":[]}}','2018-12-05 17:22:31','2018-12-05 17:22:31','54bc9309-cec5-4c07-9680-e596aecd27e2'),(114,219,13,1,1,2,'','{\"typeId\":\"14\",\"authorId\":null,\"title\":\"Activités\",\"slug\":\"activités\",\"postDate\":1544029500,\"expiryDate\":null,\"enabled\":true,\"newParentId\":null,\"fields\":{\"47\":\"<p>Fidèle à ses habitudes et convaincue que de saines activités de loisirs contribuent à un mode de vie équilibré, La Maison Painchaud offre une gamme d’activités des plus diversifiées. </p>\",\"16\":[],\"46\":\"Calendrier des activités\"}}','2018-12-05 17:22:31','2018-12-05 17:22:31','fbf1e50d-ae59-45ce-a14a-39a0d366c42f'),(115,220,3,1,1,1,'','{\"typeId\":\"4\",\"authorId\":\"1\",\"title\":\"test\",\"slug\":\"test-1\",\"postDate\":1544031240,\"expiryDate\":null,\"enabled\":true,\"newParentId\":\"\",\"fields\":{\"23\":[\"39\"],\"24\":\"2018-12-12 09:30:00\",\"22\":[\"38\"]}}','2018-12-05 17:34:27','2018-12-05 17:34:27','2b685bdc-4b32-4e5d-9c8d-0dff07d6ca1b'),(116,221,3,1,1,1,'','{\"typeId\":\"4\",\"authorId\":\"1\",\"title\":\"1234\",\"slug\":\"1234\",\"postDate\":1544031240,\"expiryDate\":null,\"enabled\":true,\"newParentId\":\"\",\"fields\":{\"23\":[\"41\"],\"24\":\"2018-12-26 11:00:00\",\"22\":[\"38\"]}}','2018-12-05 17:34:57','2018-12-05 17:34:57','c7267a9f-29b7-41c2-8fc9-c3e37b3fad27'),(117,222,3,1,1,1,'','{\"typeId\":\"4\",\"authorId\":\"1\",\"title\":\"asdfasfd23424\",\"slug\":\"asdfasfd23424\",\"postDate\":1544031720,\"expiryDate\":null,\"enabled\":true,\"newParentId\":\"\",\"fields\":{\"23\":[\"41\"],\"24\":\"2018-12-25 06:30:00\",\"22\":[\"38\"]}}','2018-12-05 17:42:57','2018-12-05 17:42:57','09887ff3-ecf3-4828-ad4b-60daae07d3c3'),(118,14,3,1,1,6,'','{\"typeId\":\"4\",\"authorId\":\"1\",\"title\":\"Aenane x proin gravida dolort venetetas perpeta\",\"slug\":\"test\",\"postDate\":1543366620,\"expiryDate\":null,\"enabled\":true,\"newParentId\":\"\",\"fields\":{\"23\":[\"39\"],\"81\":\"Gratuit\",\"24\":\"2018-12-05 04:00:00\",\"79\":\"203 rue Brasse\",\"80\":\"<p>Madame Lina Cloutier, au 418 661-0203 poste 230</p>\",\"22\":[\"38\"]}}','2018-12-05 20:04:14','2018-12-05 20:04:14','ed170eff-2f0c-400d-9f47-04bb4f865c95'),(119,14,3,1,1,7,'','{\"typeId\":\"4\",\"authorId\":\"1\",\"title\":\"Aenane x proin gravida dolort venetetas perpeta\",\"slug\":\"test\",\"postDate\":1543366620,\"expiryDate\":null,\"enabled\":true,\"newParentId\":\"\",\"fields\":{\"23\":[\"39\"],\"81\":\"Gratuit\",\"24\":\"2018-12-05 04:15:00\",\"79\":\"203 rue Brasse\",\"80\":\"<p>Madame Lina Cloutier, au 418 661-0203 poste 230</p>\",\"22\":[\"38\"]}}','2018-12-05 20:12:43','2018-12-05 20:12:43','b428abc4-bb1a-4346-8538-0bc8ef257bb1'),(120,14,3,1,1,8,'','{\"typeId\":\"4\",\"authorId\":\"1\",\"title\":\"Aenane x proin gravida dolort venetetas perpeta\",\"slug\":\"test\",\"postDate\":1543366620,\"expiryDate\":null,\"enabled\":true,\"newParentId\":\"\",\"fields\":{\"23\":[\"39\"],\"81\":\"Gratuit\",\"24\":\"2018-12-05 04:15:00\",\"82\":\"2018-12-06 06:00:00\",\"79\":\"203 rue Brasse\",\"80\":\"<p>Madame Lina Cloutier, au 418 661-0203 poste 230</p>\",\"22\":[\"38\"]}}','2018-12-05 20:16:00','2018-12-05 20:16:00','057db40f-9115-459d-a3de-06ce08e45e69'),(121,14,3,1,1,9,'','{\"typeId\":\"4\",\"authorId\":\"1\",\"title\":\"Aenane x proin gravida dolort venetetas perpeta\",\"slug\":\"test\",\"postDate\":1543366620,\"expiryDate\":null,\"enabled\":true,\"newParentId\":\"\",\"fields\":{\"23\":[\"39\"],\"47\":\"<p>Lorem ipsum dolor sit amet, consectetur adipiscing elit. Aenean euismod bibendum laoreet. Proin gravida dolor sit amet lacus accumsan et viverra justo commodo. Proin sodales pulvinar sic tempor. Sociis natoque penatibus et magnis dis parturient montes, nascetur ridiculus mus. Nam fermentum, nulla luctus pharetra vulputate, felis tellus mollis orci, sed rhoncus pronin sapien nunc accuan eget.</p>\",\"81\":\"Gratuit\",\"24\":\"2018-12-05 04:15:00\",\"82\":\"2018-12-06 06:00:00\",\"79\":\"203 rue Brasse\",\"80\":\"<p>Madame Lina Cloutier, au 418 661-0203 poste 230</p>\",\"22\":[\"38\"]}}','2018-12-05 21:09:07','2018-12-05 21:09:07','2f886724-459a-4cc5-87c4-cfe8302efe20'),(122,14,3,1,1,10,'','{\"typeId\":\"4\",\"authorId\":\"1\",\"title\":\"Aenane x proin gravida dolort venetetas perpeta\",\"slug\":\"test\",\"postDate\":1543366620,\"expiryDate\":null,\"enabled\":true,\"newParentId\":\"\",\"fields\":{\"23\":[\"39\"],\"47\":\"<p>Lorem ipsum dolor sit amet, consectetur adipiscing elit. Aenean euismod bibendum laoreet. Proin gravida dolor sit amet lacus accumsan et viverra justo commodo. Proin sodales pulvinar sic tempor. Sociis natoque penatibus et magnis dis parturient montes, nascetur ridiculus mus. Nam fermentum, nulla luctus pharetra vulputate, felis tellus mollis orci, sed rhoncus pronin sapien nunc accuan eget.</p>\",\"81\":\"Gratuit\",\"24\":\"2018-12-05 04:15:00\",\"82\":\"2018-12-06 06:00:00\",\"79\":\"203 rue Brasse\",\"80\":\"<p>Madame Lina Cloutier, au 418 661-0203 poste 230</p>\",\"22\":[\"38\"],\"46\":\"asdf\"}}','2018-12-05 21:09:30','2018-12-05 21:09:30','cdf3255e-b96e-41bf-b286-bb4a57f1c9a5'),(123,14,3,1,1,11,'','{\"typeId\":\"4\",\"authorId\":\"1\",\"title\":\"Aenane x proin gravida dolort venetetas perpeta\",\"slug\":\"test\",\"postDate\":1543366620,\"expiryDate\":null,\"enabled\":true,\"newParentId\":\"\",\"fields\":{\"23\":[\"39\"],\"47\":\"<p>Lorem ipsum dolor sit amet, consectetur adipiscing elit. Aenean euismod bibendum laoreet. Proin gravida dolor sit amet lacus accumsan et viverra justo commodo. Proin sodales pulvinar sic tempor. Sociis natoque penatibus et magnis dis parturient montes, nascetur ridiculus mus. Nam fermentum, nulla luctus pharetra vulputate, felis tellus mollis orci, sed rhoncus pronin sapien nunc accuan eget.</p>\",\"81\":\"Gratuit\",\"24\":\"2018-12-05 04:15:00\",\"82\":\"2018-12-06 06:00:00\",\"79\":\"203 rue Brasse\",\"80\":\"<p>Madame Lina Cloutier, au 418 661-0203 poste 230</p>\",\"22\":[\"38\"]}}','2018-12-05 21:11:50','2018-12-05 21:11:50','68afb8f0-648c-487f-b58e-4e4e1c20446a'),(124,12,9,1,1,3,'','{\"typeId\":\"10\",\"authorId\":null,\"title\":\"Documentation\",\"slug\":\"documentation\",\"postDate\":1543366200,\"expiryDate\":null,\"enabled\":true,\"newParentId\":null,\"fields\":{\"16\":[\"216\"],\"84\":{\"224\":{\"type\":\"pageFilesListTab\",\"enabled\":true,\"collapsed\":false,\"fields\":{\"titreDeLaSection\":\"adsf\",\"pageFilesListFiles\":[]}},\"225\":{\"type\":\"pageFilesListTab\",\"enabled\":true,\"collapsed\":false,\"fields\":{\"titreDeLaSection\":\"asd\",\"pageFilesListFiles\":[]}}}}}','2018-12-10 20:18:06','2018-12-10 20:18:06','e0af4443-4004-41a0-9ae8-d785bb7c069d'),(125,12,9,1,1,4,'','{\"typeId\":\"10\",\"authorId\":null,\"title\":\"Documentation\",\"slug\":\"documentation\",\"postDate\":1543366200,\"expiryDate\":null,\"enabled\":true,\"newParentId\":null,\"fields\":{\"16\":[\"216\"],\"84\":{\"224\":{\"type\":\"pageFilesListTab\",\"enabled\":true,\"collapsed\":false,\"fields\":{\"pageFilesListTitle\":\"La maison Painchaud\",\"pageFilesListFiles\":[]}},\"225\":{\"type\":\"pageFilesListTab\",\"enabled\":true,\"collapsed\":false,\"fields\":{\"pageFilesListTitle\":\"Rapports annuels\",\"pageFilesListFiles\":[]}},\"226\":{\"type\":\"pageFilesListTab\",\"enabled\":true,\"collapsed\":false,\"fields\":{\"pageFilesListTitle\":\"Documents pour les usagers\",\"pageFilesListFiles\":[]}},\"227\":{\"type\":\"pageFilesListTab\",\"enabled\":true,\"collapsed\":false,\"fields\":{\"pageFilesListTitle\":\"Documents internes\",\"pageFilesListFiles\":[]}}}}}','2018-12-10 20:21:51','2018-12-10 20:21:51','f23907c1-bd0e-4c7b-ac83-8a18c63d11c5'),(126,12,9,1,1,5,'','{\"typeId\":\"10\",\"authorId\":null,\"title\":\"Documentation\",\"slug\":\"documentation\",\"postDate\":1543366200,\"expiryDate\":null,\"enabled\":true,\"newParentId\":null,\"fields\":{\"16\":[\"216\"],\"84\":{\"224\":{\"type\":\"pageFilesListTab\",\"enabled\":true,\"collapsed\":false,\"fields\":{\"pageFilesListTitle\":\"La maison Painchaud\",\"pageFilesListFiles\":[\"105\"]}},\"225\":{\"type\":\"pageFilesListTab\",\"enabled\":true,\"collapsed\":false,\"fields\":{\"pageFilesListTitle\":\"Rapports annuels\",\"pageFilesListFiles\":[]}},\"226\":{\"type\":\"pageFilesListTab\",\"enabled\":true,\"collapsed\":false,\"fields\":{\"pageFilesListTitle\":\"Documents pour les usagers\",\"pageFilesListFiles\":[]}},\"227\":{\"type\":\"pageFilesListTab\",\"enabled\":true,\"collapsed\":false,\"fields\":{\"pageFilesListTitle\":\"Documents internes\",\"pageFilesListFiles\":[]}}}}}','2018-12-10 20:24:19','2018-12-10 20:24:19','e16e0f42-14d2-4d2e-9241-e6da873bf8a2'),(127,12,9,1,1,6,'','{\"typeId\":\"10\",\"authorId\":null,\"title\":\"Documentation\",\"slug\":\"documentation\",\"postDate\":1543366200,\"expiryDate\":null,\"enabled\":true,\"newParentId\":null,\"fields\":{\"16\":[\"216\"],\"84\":{\"224\":{\"type\":\"pageFilesListTab\",\"enabled\":true,\"collapsed\":false,\"fields\":{\"pageFilesListTitle\":\"La maison Painchaud\",\"pageFilesListFiles\":[\"105\",\"107\",\"104\"]}},\"225\":{\"type\":\"pageFilesListTab\",\"enabled\":true,\"collapsed\":false,\"fields\":{\"pageFilesListTitle\":\"Rapports annuels\",\"pageFilesListFiles\":[\"107\",\"104\",\"105\"]}},\"226\":{\"type\":\"pageFilesListTab\",\"enabled\":true,\"collapsed\":false,\"fields\":{\"pageFilesListTitle\":\"Documents pour les usagers\",\"pageFilesListFiles\":[\"107\",\"104\",\"105\"]}},\"227\":{\"type\":\"pageFilesListTab\",\"enabled\":true,\"collapsed\":false,\"fields\":{\"pageFilesListTitle\":\"Documents internes\",\"pageFilesListFiles\":[\"107\",\"104\",\"105\"]}}}}}','2018-12-10 20:26:24','2018-12-10 20:26:24','2d09922a-a75e-4fa8-8b46-f354fa9d201d'),(128,20,11,1,1,2,'','{\"typeId\":\"12\",\"authorId\":\"1\",\"title\":\"Activités\",\"slug\":\"activités\",\"postDate\":1543367460,\"expiryDate\":null,\"enabled\":true,\"newParentId\":\"\",\"fields\":{\"15\":{\"ariaLabel\":null,\"customText\":null,\"target\":null,\"title\":null,\"type\":\"entry\",\"value\":\"219\"}}}','2018-12-10 21:43:32','2018-12-10 21:43:32','2fe7c93a-d25d-43fa-9faf-c46e7dfbcfc0'),(129,20,11,1,1,3,'','{\"typeId\":\"12\",\"authorId\":\"1\",\"title\":\"Activités\",\"slug\":\"activites\",\"postDate\":1543367460,\"expiryDate\":null,\"enabled\":true,\"newParentId\":\"\",\"fields\":{\"15\":{\"ariaLabel\":null,\"customText\":null,\"target\":null,\"title\":null,\"type\":\"entry\",\"value\":\"219\"}}}','2018-12-10 21:44:00','2018-12-10 21:44:00','12e85119-36e5-48aa-94d2-b1869f4bb6da'),(130,10,5,1,1,16,'','{\"typeId\":\"6\",\"authorId\":null,\"title\":\"À propos\",\"slug\":\"à-propos\",\"postDate\":1543365960,\"expiryDate\":null,\"enabled\":true,\"newParentId\":null,\"fields\":{\"35\":\"<p>La Maison Painchaud a vu le jour le 8 décembre 1967 grâce à l’apport de la Société de Saint-Vincent-de-Paul. Le nom Painchaud est celui du Dr. Joseph Painchaud, fondateur de cette société à Québec, en 1846.</p>\\n<p>C’est d’ailleurs la Société de la Saint-Vincent-de-Paul de Québec qui a payé les frais d’aménagement des premiers locaux situés au 1, rue Simard à Québec. Par la suite, La Maison Painchaud a pu se loger dans l’ancienne Académie Notre-Dame, coin Des Glacis et Richelieu à la Haute-Ville. Depuis 1980, La Maison Painchaud est établie au 1415, avenue St-Pascal, dans le quartier Limoilou, à deux pas du Parc Maizeret et de l’Hôpital de l’Enfant-Jésus.</p>\\n<p>Depuis le 5 avril 2018, La Maison Painchaud est également propriétaire du 1045 chemin Sainte-Foy, dans la haute-ville de Québec. C’est à cet endroit que les services de surveillance en milieu ouvert seront offerts à compter de juillet 2018.</p>\",\"37\":\"<p>La Maison Painchaud regroupe un personnel qualifié et une équipe multidisciplinaire dynamique composée d’éducateurs spécialisés, de criminologues, de conseillers en orientation, de travailleurs sociaux et de psycho-éducateurs.</p>\\n<p>La Maison Painchaud est également régie par un conseil d’administration composé de 7 membres dont le rôle est de veiller aux intérêts de l’organisation et au respect de sa mission.</p>\",\"45\":[\"69\",\"70\",\"65\",\"66\",\"67\",\"68\",\"228\"],\"16\":[\"58\"],\"33\":[\"59\"],\"38\":{\"61\":{\"type\":\"teamMemberTab\",\"enabled\":true,\"collapsed\":false,\"fields\":{\"teamMemberName\":\"Christine Lamarche, CRHA\",\"teamMemberRole\":\"Directrice générale\",\"teamMemberPhone\":\"232\",\"teamMemberEmail\":\"clamarche@maisonpainchaud.org\",\"teamMemberBio\":\"<p>Christine Lamarche est détentrice d’un baccalauréat en psychologie et d’un certificat universitaire en gestion des ressources humaines. Elle a complété le programme Complexité, conscience et gestion offert aux cadres par la faculté d’administration de l’Université Laval.<br /></p>\\n<p>Depuis 2006, elle est membre de l’Ordre des conseillers en ressources humaines agréés (CRHA). Christine a débuté sa carrière en intervention clinique en CRC avant de se diriger en ressources humaines. Pendant plus de dix ans, elle a occupé des postes à responsabilité croissante en gestion des ressources humaines dans les secteurs privé et public avant de joindre La Maison Painchaud, en 2009, à titre de directrice générale. </p>\\n<p>Elle est chargée de la gestion et de la direction générale des activités de l’organisation dans le but d’en réaliser la mission et les objectifs. Elle assure la supervision des membres de l’équipe de gestion.</p>\"}},\"62\":{\"type\":\"teamMemberTab\",\"enabled\":true,\"collapsed\":false,\"fields\":{\"teamMemberName\":\"Annie Leclerc, CRHA\",\"teamMemberRole\":\"Coordonnatrice des ressources humaines et financières\",\"teamMemberPhone\":\"233\",\"teamMemberEmail\":\"aleclerc@maisonpainchaud.org\",\"teamMemberBio\":\"<p>Annie Leclerc est détentrice d’un baccalauréat en relations industrielles, d’un certificat universitaire en psychologie et d’une technique collégiale en comptabilité et gestion. Elle est membre de l’Ordre des conseillers en ressources humaines agréés (CRHA).</p>\\n<p>Elle a travaillé plusieurs années au sein d’une organisation publique. Ses principales responsabilités sont la comptabilité, la paie, les relations avec les fournisseurs et la gestion des ressources humaines et administratives de La Maison Painchaud.</p>\\n<p>Elle s’est jointe à La Maison Painchaud en 2015. Elle assure la supervision du personnel du service alimentaire et effectue la liaison avec l’équipe d’agents de sécurité.</p>\"}},\"63\":{\"type\":\"teamMemberTab\",\"enabled\":true,\"collapsed\":false,\"fields\":{\"teamMemberName\":\"Maude Paré Cardinal\",\"teamMemberRole\":\"Chef d’équipe à l’hébergement\",\"teamMemberPhone\":\"223\",\"teamMemberEmail\":\"mparecardinal@maisonpainchaud.org\",\"teamMemberBio\":\"<p>Maude Paré Cardinal possède un baccalauréat en psychologie, une maîtrise en criminologie, un certificat en toxicomanie ainsi que le microprogramme en sexualité humaine offert à l’Université Laval. Elle travaille à La Maison Painchaud depuis 2015. </p>\\n<p>Elle a occupé un poste d’intervenante clinique à la surveillance en milieu ouvert, d’intervenante aux programmes et à l’hébergement. Elle a été nommée au poste de chef d’équipe à l’hébergement à l’été 2018. Elle possède une solide expérience du suivi de la clientèle contrevenante de même que de la clientèle marginale ayant, au préalable, été travailleuse de milieu pendant plusieurs années. </p>\\n<p>Maude est responsable de l’encadrement de l’équipe d’intervenantes à l’hébergement. Elle est également en charge des évaluations en vue d’une admission fédérales et provinciales.</p>\"}},\"64\":{\"type\":\"teamMemberTab\",\"enabled\":true,\"collapsed\":false,\"fields\":{\"teamMemberName\":\"Marie-Christine Girard\",\"teamMemberRole\":\"Chef d’équipe à la surveillance en milieu ouvert et aux programmes\",\"teamMemberPhone\":\"227\",\"teamMemberEmail\":\"mcgirard@maisonpainchaud.org\",\"teamMemberBio\":\"<p>Marie-Christine Girard détient un baccalauréat en travail social ainsi qu’un certificat en sexualité humaine (abus sexuels) de l’Université Laval. </p>\\n<p>Elle travaille à La Maison Painchaud depuis 2007. Elle est responsable de l’encadrement de l’équipe de la SMO, de celle des intervenants aux programmes, des évaluations à l’Établissement de détention de Québec (EDQ) et de l’admission de la clientèle provinciale à La Maison Painchaud. Marie-Christine détient une excellente maîtrise du suivi des contrevenants sous juridiction provinciale ayant, pendant plusieurs années, effectué le suivi de cette clientèle. </p>\\n<p>À travers ses nombreuses années à La Maison Painchaud, elle a collaboré à l’animation des programmes thérapeutiques de l’organisation, leur révision et leur évaluation.</p>\"}}},\"34\":\"Au service de la  communauté depuis 1967\",\"44\":\"La maison painchaud en images\",\"36\":\"Notre équipe\"}}','2018-12-10 23:12:32','2018-12-10 23:12:32','b0fddae6-e45f-4905-8cf7-a0fc09291487'),(131,15,4,1,1,11,'','{\"typeId\":\"5\",\"authorId\":\"1\",\"title\":\"Réinsertion sociale\",\"slug\":\"réinsertion-sociale\",\"postDate\":1543366680,\"expiryDate\":null,\"enabled\":true,\"newParentId\":\"\",\"fields\":{\"50\":[],\"47\":\"<p>Le programme de réinsertion sociale de La Maison Painchaud a pour but d’aider les individus ayant eu des démêlés judiciaires à réintégrer la communauté et à demeurer un citoyen respectueux des lois. Le programme vise à aider les individus face aux problématiques liées à leur agir délictuel (toxicomanie, violence, valeurs et attitudes, délinquance sexuelle) et ce, tout en assurant la protection de la société. </p>\\n<p>La Maison Painchaud offre des services d’hébergement, de surveillance, de suivi clinique et d’accompagnement aux contrevenants sous juridiction provinciale et fédérale. L’intervention est personnalisée et vise la prise en charge responsable de l’individu dans la communauté ainsi que l’acquisition de meilleures habiletés relationnelles et sociales. Un programme thérapeutique, la recherche d’emploi, le retour aux études, les loisirs, le bénévolat sont autant de moyens préconisés pour favoriser la réinsertion sociale.</p>\\n<p>Le CRC Painchaud accueille des délinquants fédéraux en semi-liberté de type projet communautaire depuis 1997. Le CRC offre à cette clientèle un cadre structuré et supportant permettant l’acquisition d’habiletés sociales et personnelles par le retour aux études, le travail ou le bénévolat.</p>\",\"16\":[\"32\"],\"1\":[],\"22\":[\"34\"],\"46\":\"Pour cheminer vers son plein potentiel\",\"87\":\"Réinsertion<br>sociale\"}}','2018-12-14 08:30:55','2018-12-14 08:30:55','eae050eb-0950-4ea2-a5c4-6e0d10bb79ea'),(132,222,3,1,1,2,'','{\"typeId\":\"4\",\"authorId\":\"1\",\"title\":\"asdfasfd23424\",\"slug\":\"asdfasfd23424\",\"postDate\":1545673320,\"expiryDate\":null,\"enabled\":true,\"newParentId\":\"\",\"fields\":{\"23\":[\"41\"],\"24\":\"2018-12-25 06:30:00\",\"22\":[\"38\"]}}','2018-12-14 08:47:04','2018-12-14 08:47:04','bf88a2f2-f491-453b-b891-e67fc03f0ed9'),(133,2,1,1,1,12,'','{\"typeId\":\"1\",\"authorId\":null,\"title\":\"Accueil\",\"slug\":\"accueil\",\"postDate\":1543354560,\"expiryDate\":null,\"enabled\":true,\"newParentId\":null,\"fields\":{\"20\":\"<p>La Maison Painchaud est un Centre Résidentiel Communautaire (CRC) situé dans le quartier Limoilou, à Québec. Notre mission est d’accueillir une clientèle adulte judiciarisée et d’offrir de l’hébergement, de l’encadrement, des services de soutien et d’accompagnement dans le but de favoriser la réinsertion sociale et ce, tout en assurant la protection de la société. Notre clientèle provient des centres de détention et des pénitenciers situés dans la province de Québec.</p>\\n<p>L’intervention y est personnalisée et vise la prise en charge responsable de l’individu dans la communauté, ainsi que l’acquisition d’habiletés relationnelles et sociales. Un programme thérapeutique, la recherche d’emploi, le retour aux études, le bénévolat, les loisirs sont autant de moyens préconisés pour favoriser la réinsertion sociale.</p>\",\"16\":[\"37\"],\"21\":{\"ariaLabel\":null,\"customText\":\"En savoir plus\",\"target\":\"\",\"title\":null,\"type\":\"entry\",\"value\":\"10\"},\"25\":{\"48\":{\"type\":\"partnersTab\",\"enabled\":true,\"collapsed\":false,\"fields\":{\"partnersLogo\":[\"52\"],\"partnersWeb\":{\"ariaLabel\":null,\"customText\":null,\"target\":null,\"title\":null,\"type\":\"url\",\"value\":\"https://www.cciquebec.ca\"}}},\"49\":{\"type\":\"partnersTab\",\"enabled\":true,\"collapsed\":false,\"fields\":{\"partnersLogo\":[\"53\"],\"partnersWeb\":{\"ariaLabel\":null,\"customText\":null,\"target\":null,\"title\":null,\"type\":\"url\",\"value\":\"https://www.rimas.qc.ca/\"}}},\"50\":{\"type\":\"partnersTab\",\"enabled\":true,\"collapsed\":false,\"fields\":{\"partnersLogo\":[\"54\"],\"partnersWeb\":{\"ariaLabel\":null,\"customText\":null,\"target\":null,\"title\":null,\"type\":\"url\",\"value\":\"https://www.ciusss-capitalenationale.gouv.qc.ca/institut-universitaire-en-sante-mentale-de-quebec-iusmq\"}}},\"51\":{\"type\":\"partnersTab\",\"enabled\":true,\"collapsed\":false,\"fields\":{\"partnersLogo\":[\"55\"],\"partnersWeb\":{\"ariaLabel\":null,\"customText\":null,\"target\":null,\"title\":null,\"type\":\"url\",\"value\":\"http://www.societecrimino.qc.ca/\"}}}},\"19\":\"Favoriser la réinsertion sociale\",\"17\":\"Quel que soit\",\"18\":\"votre passé\"}}','2018-12-14 10:52:45','2018-12-14 10:52:45','68609efe-1b29-45c7-bf43-72f79dad9c26'),(134,342,14,1,1,1,'Revision from 4 juil. 2019 09:49:54','{\"typeId\":\"15\",\"authorId\":null,\"title\":\"Partenaires\",\"slug\":\"partenaires\",\"postDate\":1562258820,\"expiryDate\":null,\"enabled\":\"1\",\"newParentId\":null,\"fields\":{\"92\":[]}}','2019-07-04 16:51:49','2019-07-04 16:51:49','d5709443-2f1b-4115-9144-2cab358c9ea4'),(135,342,14,1,1,2,'','{\"typeId\":\"15\",\"authorId\":null,\"title\":\"Partenaires\",\"slug\":\"partenaires\",\"postDate\":1562258820,\"expiryDate\":null,\"enabled\":true,\"newParentId\":null,\"fields\":{\"92\":[\"44\",\"45\",\"52\",\"53\",\"54\",\"55\",\"46\",\"47\"]}}','2019-07-04 16:51:50','2019-07-04 16:51:50','5bde41fe-9320-4b7a-9eb9-4d6fd1ce6771'),(136,342,14,1,1,3,'','{\"typeId\":\"15\",\"authorId\":null,\"title\":\"Partenaires\",\"slug\":\"partenaires\",\"postDate\":1562258820,\"expiryDate\":null,\"enabled\":true,\"newParentId\":null,\"fields\":{\"16\":[\"217\"],\"92\":[\"44\",\"45\",\"52\",\"53\",\"54\",\"55\",\"46\",\"47\"]}}','2019-07-04 16:54:12','2019-07-04 16:54:12','c8a9deb7-8226-4b90-a908-bee517d49504'),(137,342,14,1,1,4,'','{\"typeId\":\"15\",\"authorId\":null,\"title\":\"Partenaires\",\"slug\":\"partenaires\",\"postDate\":1562258820,\"expiryDate\":null,\"enabled\":true,\"newParentId\":null,\"fields\":{\"16\":[\"58\"],\"92\":[\"44\",\"45\",\"52\",\"53\",\"54\",\"55\",\"46\",\"47\"]}}','2019-07-04 16:54:59','2019-07-04 16:54:59','8b41447f-c39f-4ad9-955f-3da9d4efbaec'),(138,343,12,1,1,1,'','{\"typeId\":\"13\",\"authorId\":\"1\",\"title\":\"Partenaires\",\"slug\":\"partenaires\",\"postDate\":1562259300,\"expiryDate\":null,\"enabled\":true,\"newParentId\":\"\",\"fields\":{\"15\":{\"ariaLabel\":null,\"customText\":null,\"target\":null,\"title\":null,\"type\":\"entry\",\"value\":\"342\"}}}','2019-07-04 16:55:42','2019-07-04 16:55:42','99c7a8e0-8e19-4d24-bd91-cb82ea81e72d'),(139,342,14,1,1,5,'','{\"typeId\":\"15\",\"authorId\":null,\"title\":\"Partenaires\",\"slug\":\"partenaires\",\"postDate\":1562258820,\"expiryDate\":null,\"enabled\":true,\"newParentId\":null,\"fields\":{\"16\":[\"58\"],\"92\":[\"45\",\"52\",\"53\",\"55\"]}}','2019-07-04 17:08:59','2019-07-04 17:08:59','5b34ca20-c4cf-4e90-b978-094fb9766c7c'),(140,342,14,1,1,6,'','{\"typeId\":\"15\",\"authorId\":null,\"title\":\"Partenaires\",\"slug\":\"partenaires\",\"postDate\":1562258820,\"expiryDate\":null,\"enabled\":true,\"newParentId\":null,\"fields\":{\"16\":[\"58\"],\"92\":[\"45\",\"52\",\"53\",\"55\",\"44\",\"54\",\"46\",\"47\"]}}','2019-07-04 17:22:54','2019-07-04 17:22:54','18c02d0f-199d-48b0-992c-1244e22d8918');
/*!40000 ALTER TABLE `entryversions` ENABLE KEYS */;
UNLOCK TABLES;
commit;

--
-- Dumping data for table `fieldgroups`
--

LOCK TABLES `fieldgroups` WRITE;
/*!40000 ALTER TABLE `fieldgroups` DISABLE KEYS */;
set autocommit=0;
INSERT INTO `fieldgroups` VALUES (2,'Component','2018-11-27 22:27:50','2018-11-28 01:01:30','f9cb7b37-4041-4b1e-91bf-a01c57351d21'),(3,'Menu','2018-11-28 01:06:43','2018-11-28 01:06:43','a054ea24-8495-4331-a494-85a4f398d686'),(4,'Bannière','2018-11-28 02:27:55','2018-11-28 02:27:55','48554185-9626-42e0-a312-2f842430ead2'),(5,'Component | Title and Text','2018-11-28 03:38:53','2018-11-28 03:38:53','33060bbd-c503-45f7-8e79-ce49e64611e9'),(6,'Actvities','2018-11-28 06:39:32','2018-11-28 06:39:32','aa1ddff0-7749-402e-8050-5eb7eec6a412'),(7,'Partenaires','2018-11-30 14:13:31','2018-11-30 14:13:31','6ad9de33-f824-43c8-b312-3b44b66282f5'),(8,'Global','2018-11-30 16:34:37','2018-11-30 16:34:37','387b29e3-5f01-47e6-8da2-30c7eecfdd2e'),(9,'Component | Image and Text','2018-12-01 03:12:22','2018-12-01 03:12:22','c60c6d85-b1e0-4c26-b801-b41547f555eb'),(10,'Component - Team','2018-12-01 05:04:14','2018-12-01 05:04:14','9c30481c-39cd-439a-8a07-6a1d0e24988e'),(11,'Component | Gallery','2018-12-01 11:11:11','2018-12-01 11:11:11','e4a767d9-ddfe-4342-9039-3c24715ecc1b'),(12,'Component | Content','2018-12-01 13:07:59','2018-12-01 13:07:59','2fbb9a86-2245-4666-bf0a-2c0b79c5419b'),(13,'Jobs','2018-12-04 03:09:33','2018-12-04 03:09:33','23f03284-1f5a-4bd5-a4a3-40e10cd07fd4');
/*!40000 ALTER TABLE `fieldgroups` ENABLE KEYS */;
UNLOCK TABLES;
commit;

--
-- Dumping data for table `fieldlayoutfields`
--

LOCK TABLES `fieldlayoutfields` WRITE;
/*!40000 ALTER TABLE `fieldlayoutfields` DISABLE KEYS */;
set autocommit=0;
INSERT INTO `fieldlayoutfields` VALUES (1,5,1,5,0,1,'2018-11-27 22:38:44','2018-11-27 22:38:44','d88a452f-8144-4e9a-abb1-0548fa306c5e'),(2,6,2,6,0,1,'2018-11-27 22:38:45','2018-11-27 22:38:45','004e964d-b62d-4da0-a1da-c7dbd707d37f'),(3,7,3,3,0,1,'2018-11-27 22:38:45','2018-11-27 22:38:45','4f2ddd77-cbe3-4be5-80e1-e0d3eb285944'),(4,7,3,4,0,2,'2018-11-27 22:38:45','2018-11-27 22:38:45','7841c904-d1df-4203-b04c-40afe32fccb6'),(41,20,28,15,0,1,'2018-11-28 01:08:04','2018-11-28 01:08:04','243c835e-b861-4211-ae1d-d7937ffdee83'),(42,21,29,15,0,1,'2018-11-28 01:08:57','2018-11-28 01:08:57','2d3c706f-c84c-4fd3-8f2d-629caec86469'),(63,24,40,26,1,1,'2018-11-30 14:15:21','2018-11-30 14:15:21','5b37bf3f-63b0-48c4-8613-07bba146dcb8'),(64,24,40,27,0,2,'2018-11-30 14:15:21','2018-11-30 14:15:21','02e34ffe-97c5-4e27-aa37-45d5f5ad175b'),(65,1,41,16,0,1,'2018-11-30 14:16:13','2018-11-30 14:16:13','09f46bcb-d950-4f1d-843c-ede9879ce2cb'),(66,1,41,17,0,2,'2018-11-30 14:16:13','2018-11-30 14:16:13','86328ba4-b1b0-4b2b-a225-c7867cfe052a'),(67,1,41,18,0,3,'2018-11-30 14:16:13','2018-11-30 14:16:13','339f955c-b326-40bd-b144-98c5dbac07c0'),(68,1,42,19,0,1,'2018-11-30 14:16:13','2018-11-30 14:16:13','9161824c-1e9b-4dbc-b0a8-8507b5caca6f'),(69,1,42,20,0,2,'2018-11-30 14:16:13','2018-11-30 14:16:13','055d0b0a-617e-4c7c-91f1-f700d0f14cc3'),(70,1,42,21,0,3,'2018-11-30 14:16:13','2018-11-30 14:16:13','6656dcc2-3143-4de7-bcac-35f2ed5fc7fe'),(71,1,43,25,0,1,'2018-11-30 14:16:13','2018-11-30 14:16:13','45c96617-ff3c-4eea-9199-23135a3fe73b'),(81,26,47,39,1,1,'2018-12-01 05:09:01','2018-12-01 05:09:01','793a725e-cf6a-481a-aa20-0c8004e20b38'),(82,26,47,40,0,2,'2018-12-01 05:09:01','2018-12-01 05:09:01','4649854f-15c2-4053-9ac4-5c8eeb7e8548'),(83,26,47,41,0,3,'2018-12-01 05:09:01','2018-12-01 05:09:01','36796d4b-4dae-49ee-9f47-c952faf1d64b'),(84,26,47,42,0,4,'2018-12-01 05:09:01','2018-12-01 05:09:01','186ebdcf-2738-4e75-9a1a-e6eb674c0e10'),(85,26,47,43,0,5,'2018-12-01 05:09:01','2018-12-01 05:09:01','880e9896-1b01-4439-90d0-aa66ca330c39'),(101,14,55,16,0,1,'2018-12-01 11:12:50','2018-12-01 11:12:50','d26f31c5-a1e4-4078-8fa3-b2cada2f56d6'),(102,14,56,33,0,1,'2018-12-01 11:12:50','2018-12-01 11:12:50','757fb3e6-fecd-4930-896d-7443a2a22b98'),(103,14,56,34,0,2,'2018-12-01 11:12:50','2018-12-01 11:12:50','95b51139-b60e-4250-97a3-567cb9b2ae17'),(104,14,56,35,0,3,'2018-12-01 11:12:50','2018-12-01 11:12:50','9c4e72dd-c842-40dd-96aa-669b32300b6d'),(105,14,57,36,0,1,'2018-12-01 11:12:50','2018-12-01 11:12:50','1a6eb7b7-d2e2-4bc8-beff-810f5f31ce7a'),(106,14,57,37,0,2,'2018-12-01 11:12:50','2018-12-01 11:12:50','4b230c34-6263-491c-b3de-499e1905cd43'),(107,14,57,38,0,3,'2018-12-01 11:12:50','2018-12-01 11:12:50','128b591a-3e88-4745-9dc9-9d35176106e5'),(108,14,58,44,0,1,'2018-12-01 11:12:50','2018-12-01 11:12:50','c26ad02e-d903-4405-97d7-eb3fedacf064'),(109,14,58,45,0,2,'2018-12-01 11:12:50','2018-12-01 11:12:50','3208ec24-7b9e-440d-99ac-88c9e28fe341'),(186,10,105,11,0,1,'2018-12-03 21:20:55','2018-12-03 21:20:55','2d359fff-d266-4b54-a820-bf29a9884e96'),(187,10,105,14,0,2,'2018-12-03 21:20:55','2018-12-03 21:20:55','592dce53-d920-4d8b-96f0-a2003c8991a4'),(188,11,106,12,0,1,'2018-12-03 21:20:55','2018-12-03 21:20:55','4b04cf98-460f-4026-adcc-00115fadb637'),(189,11,106,13,0,2,'2018-12-03 21:20:55','2018-12-03 21:20:55','72252c24-70cb-42c9-a35b-d28198e6a81c'),(190,9,107,9,0,1,'2018-12-03 21:20:55','2018-12-03 21:20:55','7cb849c5-4c60-4fc4-bb9a-b826830576f4'),(191,9,107,10,0,2,'2018-12-03 21:20:55','2018-12-03 21:20:55','342f1b4e-bf7e-440a-a6f5-d5ce3568f003'),(192,8,108,56,0,1,'2018-12-03 21:20:55','2018-12-03 21:20:55','93ceb4e2-4e35-41b0-b99c-f79bc98965b0'),(193,8,108,8,0,2,'2018-12-03 21:20:55','2018-12-03 21:20:55','cc211f31-44cd-4d47-86f0-74ab0b3b03a1'),(224,27,124,54,0,1,'2018-12-03 21:26:07','2018-12-03 21:26:07','f086f013-0c9f-4c3d-ad31-65b0108a1a7d'),(225,27,124,52,0,2,'2018-12-03 21:26:07','2018-12-03 21:26:07','27d3d56a-dc18-4491-a6b7-ab788b743c63'),(226,28,125,53,0,1,'2018-12-03 21:26:07','2018-12-03 21:26:07','81f21528-e111-4bff-b7b0-57a3d2b5b15d'),(227,28,125,55,0,2,'2018-12-03 21:26:07','2018-12-03 21:26:07','492aec69-b033-4a42-840f-9b63246c458e'),(228,29,126,57,0,1,'2018-12-03 21:26:07','2018-12-03 21:26:07','1de651a5-c58b-49ec-bdbc-e28ee32fc01c'),(229,29,126,51,0,2,'2018-12-03 21:26:07','2018-12-03 21:26:07','a4f2531c-7017-4178-84a5-c5f3ef977d50'),(243,15,136,16,0,1,'2018-12-04 00:04:08','2018-12-04 00:04:08','e545925b-aee4-461c-b3ad-89eb9e5cb93d'),(244,15,137,46,0,1,'2018-12-04 00:04:08','2018-12-04 00:04:08','e60bea71-14e4-4b26-919a-6e45ddff559d'),(245,15,137,47,0,2,'2018-12-04 00:04:08','2018-12-04 00:04:08','0fbf4807-3a32-410b-9c56-9df37557353e'),(246,15,137,58,0,3,'2018-12-04 00:04:08','2018-12-04 00:04:08','9f8ef98e-7bac-45bd-afb5-1d84bf1dff40'),(247,15,138,1,0,1,'2018-12-04 00:04:08','2018-12-04 00:04:08','c6873520-6b28-4bc3-8999-8110a39b80ce'),(262,16,148,16,0,1,'2018-12-04 02:31:43','2018-12-04 02:31:43','e7fd3002-476c-41aa-b2ec-ffd6b5596485'),(263,16,149,46,0,1,'2018-12-04 02:31:43','2018-12-04 02:31:43','e2d81e77-a27c-4847-a938-b5dad42df6f9'),(264,16,149,47,0,2,'2018-12-04 02:31:43','2018-12-04 02:31:43','6180d56b-7094-4d25-8177-dec285e0ad41'),(265,16,150,59,0,1,'2018-12-04 02:31:43','2018-12-04 02:31:43','da88d80c-f78c-4810-b580-242518de9c3c'),(266,16,150,50,0,2,'2018-12-04 02:31:43','2018-12-04 02:31:43','b572306d-ed1f-4b48-a06d-43dde541b897'),(267,16,151,1,0,1,'2018-12-04 02:31:43','2018-12-04 02:31:43','9f0b8413-4e0b-4156-8462-666b0e4fc4c6'),(298,17,160,61,0,1,'2018-12-04 04:28:02','2018-12-04 04:28:02','73fb2f89-f028-45a4-9217-8d113249f5da'),(299,17,160,62,0,2,'2018-12-04 04:28:02','2018-12-04 04:28:02','f582db2a-8337-455e-9a61-22889252a1f1'),(300,17,160,63,0,3,'2018-12-04 04:28:02','2018-12-04 04:28:02','52b9d04c-1700-413a-a2c3-9994a9538b35'),(301,17,160,64,0,4,'2018-12-04 04:28:02','2018-12-04 04:28:02','4bc2275c-147c-40b8-8298-33b29b8cf1db'),(302,17,160,65,0,5,'2018-12-04 04:28:02','2018-12-04 04:28:02','03297dfd-f8a1-49b8-9d00-60579d1ca3b5'),(303,17,160,66,0,6,'2018-12-04 04:28:02','2018-12-04 04:28:02','30778c18-df60-490f-adac-f1b86358b7de'),(304,17,161,67,0,1,'2018-12-04 04:28:02','2018-12-04 04:28:02','9ca2c458-c71c-4e84-a08b-8b92487479e2'),(305,17,162,68,0,1,'2018-12-04 04:28:02','2018-12-04 04:28:02','332f80c4-aa07-4827-9d6d-f784329acaf3'),(306,17,162,69,0,2,'2018-12-04 04:28:02','2018-12-04 04:28:02','128ca0e2-da49-4000-9105-1b6d7734c73e'),(307,17,162,70,0,3,'2018-12-04 04:28:02','2018-12-04 04:28:02','5aae2f7a-c9f0-47a7-bbe3-c4b341f7d0af'),(308,17,162,71,0,4,'2018-12-04 04:28:02','2018-12-04 04:28:02','cd11af53-0120-44ae-a378-ace9b42a85f3'),(309,17,163,72,0,1,'2018-12-04 04:28:02','2018-12-04 04:28:02','fd2bb873-01da-4462-8603-34ed1cba7802'),(317,19,166,16,0,1,'2018-12-05 15:15:54','2018-12-05 15:15:54','4760006a-b8d5-425a-8648-915865475b33'),(339,30,173,16,0,1,'2018-12-05 17:21:51','2018-12-05 17:21:51','cfc6019c-da49-40ac-969a-a12017705f95'),(340,30,174,46,0,1,'2018-12-05 17:21:51','2018-12-05 17:21:51','09e8d48e-9b29-45b2-9c91-b8a0ec5d8d2d'),(341,30,174,47,0,2,'2018-12-05 17:21:51','2018-12-05 17:21:51','75807e72-bc75-4654-9b8b-74b66ec5b03e'),(397,12,187,22,0,1,'2018-12-05 21:12:26','2018-12-05 21:12:26','10ab0364-a5e1-4e56-b2b4-b5fcc692da87'),(398,12,187,23,0,2,'2018-12-05 21:12:26','2018-12-05 21:12:26','cb8a838f-93a5-4b59-8261-8d2f77002817'),(399,12,187,24,0,3,'2018-12-05 21:12:26','2018-12-05 21:12:26','d95cfad9-c6ca-4bc8-b266-d3439f21f3d7'),(400,12,187,82,0,4,'2018-12-05 21:12:26','2018-12-05 21:12:26','58dac739-9aec-42e6-8536-6947834c7b84'),(401,12,187,79,0,5,'2018-12-05 21:12:26','2018-12-05 21:12:26','0ec23f22-c62f-4674-9d85-10491f46181c'),(402,12,187,81,0,6,'2018-12-05 21:12:26','2018-12-05 21:12:26','cac282cf-2682-4788-9a69-8c77f9d8e5ab'),(403,12,187,80,0,7,'2018-12-05 21:12:26','2018-12-05 21:12:26','225611ce-5760-470f-8d11-b13151996e3c'),(404,12,188,46,0,1,'2018-12-05 21:12:26','2018-12-05 21:12:26','c0d6be5d-78af-4172-a6cd-c92427762752'),(405,12,188,47,0,2,'2018-12-05 21:12:26','2018-12-05 21:12:26','a4a214de-4510-4ef5-be1a-79bfa7d77af6'),(423,18,194,16,0,1,'2018-12-10 20:11:48','2018-12-10 20:11:48','415b1d5b-6cd7-44a6-a92a-dc7f0947e5e5'),(424,18,195,84,0,1,'2018-12-10 20:11:48','2018-12-10 20:11:48','3244510d-6615-4a90-9046-51d649f2ae29'),(425,31,196,85,0,1,'2018-12-10 20:20:34','2018-12-10 20:20:34','a9af5761-3f77-439a-a6ca-ea5414ff0b70'),(426,31,196,86,0,2,'2018-12-10 20:20:34','2018-12-10 20:20:34','eaf3abdc-f4e1-468c-91a1-1672d6b3a231'),(427,13,197,87,0,1,'2018-12-14 08:30:37','2018-12-14 08:30:37','f6e04dc3-a1c5-4b69-ab91-58ba69be7ff5'),(428,13,197,16,0,2,'2018-12-14 08:30:37','2018-12-14 08:30:37','28479e53-0e90-48b1-9ebc-423793ce0ee2'),(429,13,197,22,0,3,'2018-12-14 08:30:37','2018-12-14 08:30:37','890becb6-af75-4727-bdb0-b0671434d652'),(430,13,198,46,0,1,'2018-12-14 08:30:37','2018-12-14 08:30:37','7f0329f0-3336-4222-928c-c33f3a649056'),(431,13,198,47,0,2,'2018-12-14 08:30:37','2018-12-14 08:30:37','93f204db-41e6-43c7-a7a6-0c06df10faaa'),(432,13,199,48,0,1,'2018-12-14 08:30:37','2018-12-14 08:30:37','86bfec2c-26ad-4c34-8f6c-1eac14b68c53'),(433,13,199,49,0,2,'2018-12-14 08:30:37','2018-12-14 08:30:37','f92344c5-4261-42af-8059-4df4f1679f5b'),(434,13,200,50,0,1,'2018-12-14 08:30:37','2018-12-14 08:30:37','754c300b-5b16-4eed-b17b-3518ca4b7192'),(435,13,201,1,0,1,'2018-12-14 08:30:37','2018-12-14 08:30:37','ba2075d8-b5de-4bbc-be21-f5527d4fbb55'),(469,25,212,28,0,1,'2019-01-08 00:51:16','2019-01-08 00:51:16','4fbfa305-94bf-4cb9-81f5-8103f55a33a9'),(470,25,212,29,0,2,'2019-01-08 00:51:16','2019-01-08 00:51:16','e5638012-c96e-4137-aed0-1cf590358cc7'),(471,25,212,30,0,3,'2019-01-08 00:51:16','2019-01-08 00:51:16','d5859e81-40df-4b22-b109-a118acf53721'),(472,25,212,31,0,4,'2019-01-08 00:51:16','2019-01-08 00:51:16','1603ec04-0138-4e39-977e-d364d9478bd5'),(473,25,212,32,0,5,'2019-01-08 00:51:16','2019-01-08 00:51:16','d3a1ec3d-4e0e-4658-9844-22f9deac4844'),(474,25,213,90,0,1,'2019-01-08 00:51:16','2019-01-08 00:51:16','111fbd74-6101-49b7-8fde-d4b1d903ec7f'),(475,25,213,60,0,2,'2019-01-08 00:51:16','2019-01-08 00:51:16','acf556e5-583a-4143-93d1-44de4b474b39'),(476,25,213,73,0,3,'2019-01-08 00:51:16','2019-01-08 00:51:16','7bc62b9d-be22-4e44-8765-0e9583b6312f'),(477,25,213,74,0,4,'2019-01-08 00:51:16','2019-01-08 00:51:16','f1c8a454-4f59-4097-8c30-46a9b7da4d45'),(478,25,213,83,0,5,'2019-01-08 00:51:16','2019-01-08 00:51:16','824e846b-ee8b-4a13-87e7-7a9935b67993'),(479,25,214,75,0,1,'2019-01-08 00:51:16','2019-01-08 00:51:16','2f653df7-0781-4642-8fd2-3fd60d7dedb5'),(480,25,214,76,0,2,'2019-01-08 00:51:16','2019-01-08 00:51:16','423e83b0-8978-4593-944d-583498461dc7'),(481,25,214,77,0,3,'2019-01-08 00:51:16','2019-01-08 00:51:16','d23d8d64-dd95-4d3e-b6c7-d0205ed92680'),(482,25,214,78,0,4,'2019-01-08 00:51:16','2019-01-08 00:51:16','7ddcdca0-9a1f-4a44-b521-92971955d2ab'),(483,25,215,46,0,1,'2019-01-08 00:51:16','2019-01-08 00:51:16','31434f7f-2f99-4fd0-ada1-de4bef7a90d6'),(484,25,215,47,0,2,'2019-01-08 00:51:16','2019-01-08 00:51:16','aa111dc0-3734-4872-b408-c3ca32871637'),(485,25,216,89,0,1,'2019-01-08 00:51:16','2019-01-08 00:51:16','3e5a50cf-5eb0-4672-a6ce-59c673e1c2c7'),(486,25,216,88,0,2,'2019-01-08 00:51:16','2019-01-08 00:51:16','c8433252-c46e-4434-a462-1014a04470af'),(489,22,219,93,0,1,'2019-07-04 16:51:07','2019-07-04 16:51:07','afc941b3-fca0-4b57-bb9f-7fcc726ba7fe'),(490,32,220,16,0,1,'2019-07-04 16:53:56','2019-07-04 16:53:56','3d90267a-1264-4857-8f2a-076f7957c61e'),(491,32,221,92,0,1,'2019-07-04 16:53:56','2019-07-04 16:53:56','52c31770-1c92-4332-a85b-026e5d46e0c1');
/*!40000 ALTER TABLE `fieldlayoutfields` ENABLE KEYS */;
UNLOCK TABLES;
commit;

--
-- Dumping data for table `fieldlayouts`
--

LOCK TABLES `fieldlayouts` WRITE;
/*!40000 ALTER TABLE `fieldlayouts` DISABLE KEYS */;
set autocommit=0;
INSERT INTO `fieldlayouts` VALUES (1,'craft\\elements\\Entry','2018-11-27 21:36:10','2018-11-30 14:16:13',NULL,'883a6506-9267-4cd5-8350-f2c6c1d97a55'),(4,'craft\\elements\\Asset','2018-11-27 22:29:47','2018-12-03 22:19:29',NULL,'a757eb71-dede-437b-9975-3b892396eb2d'),(5,'craft\\elements\\MatrixBlock','2018-11-27 22:38:44','2018-11-27 22:38:44',NULL,'b9fc53ed-6f54-486b-a923-bfa489aaeee1'),(6,'craft\\elements\\MatrixBlock','2018-11-27 22:38:45','2018-11-27 22:38:45',NULL,'9ce66d9f-9676-4368-a57e-c9920da31711'),(7,'verbb\\supertable\\elements\\SuperTableBlockElement','2018-11-27 22:38:45','2018-11-27 22:38:45',NULL,'99104e28-9b02-43bb-abfe-505fb791c523'),(8,'craft\\elements\\MatrixBlock','2018-11-27 22:45:27','2018-12-03 21:20:55',NULL,'59abe1e4-4506-421f-be04-87c1081b2fd5'),(9,'verbb\\supertable\\elements\\SuperTableBlockElement','2018-11-27 22:46:37','2018-12-03 21:20:55',NULL,'27a9050b-fb44-4451-a1e8-2710294eef25'),(10,'craft\\elements\\MatrixBlock','2018-11-27 22:49:54','2018-12-03 21:20:55',NULL,'f6cbccdf-c298-48d5-b201-95aaf729ba26'),(11,'craft\\elements\\MatrixBlock','2018-11-28 00:19:33','2018-12-03 21:20:55',NULL,'db19b789-addf-4790-b20e-c51c5cb0cdfd'),(12,'craft\\elements\\Entry','2018-11-28 00:38:04','2018-12-05 21:12:26',NULL,'514ec872-db1d-4de0-ba4a-f099384e9c10'),(13,'craft\\elements\\Entry','2018-11-28 00:39:48','2018-12-14 08:30:37',NULL,'e94ee8eb-c171-4b9e-ab7c-67c14ba69b89'),(14,'craft\\elements\\Entry','2018-11-28 00:40:56','2018-12-01 11:12:50',NULL,'3f61a14f-c7f8-4034-934c-d79a3a184d5f'),(15,'craft\\elements\\Entry','2018-11-28 00:44:26','2018-12-04 00:04:08',NULL,'330aadd3-edf4-4847-9790-d086e17a90a6'),(16,'craft\\elements\\Entry','2018-11-28 00:49:29','2018-12-04 02:31:43',NULL,'2d6c3a71-5f90-4bb4-aad8-f47dc9a9afdd'),(17,'craft\\elements\\Entry','2018-11-28 00:50:26','2018-12-04 04:28:02',NULL,'be6f0619-c890-4af8-a47e-388a9ec79e91'),(18,'craft\\elements\\Entry','2018-11-28 00:50:58','2018-12-10 20:11:48',NULL,'a602ab49-b877-4d1c-a848-a30c5cd57825'),(19,'craft\\elements\\Entry','2018-11-28 00:51:18','2018-12-05 15:15:54',NULL,'1de348f3-9039-4783-92c5-0b699c52cc27'),(20,'craft\\elements\\Entry','2018-11-28 01:04:32','2018-11-28 01:08:04',NULL,'b0782ca3-274a-4ee8-aefe-1a3e08984e2a'),(21,'craft\\elements\\Entry','2018-11-28 01:04:54','2018-11-28 01:08:57',NULL,'12e04a7a-ebf1-4e0f-893d-bd9e6b071409'),(22,'craft\\elements\\Asset','2018-11-28 02:29:20','2019-07-04 16:51:07',NULL,'186fc4c4-5711-4f21-93c2-475910e23959'),(23,'craft\\elements\\Category','2018-11-28 06:37:53','2018-12-05 18:59:57',NULL,'0a761555-e6a6-4800-81a5-c9477e4da1c4'),(24,'craft\\elements\\MatrixBlock','2018-11-30 14:15:21','2018-11-30 14:15:21',NULL,'444bd088-e14c-4567-80a9-790a13fa2e29'),(25,'craft\\elements\\GlobalSet','2018-11-30 16:34:32','2019-01-08 00:51:16',NULL,'8151325e-ca38-4874-be61-ac47e225eb9a'),(26,'craft\\elements\\MatrixBlock','2018-12-01 05:09:01','2018-12-01 05:09:01',NULL,'86d73272-fc13-4ce3-898c-36ed6c860c45'),(27,'craft\\elements\\MatrixBlock','2018-12-03 21:12:49','2018-12-03 21:26:06',NULL,'c2cecbae-6f74-462e-bfc4-010b9c1fa669'),(28,'craft\\elements\\MatrixBlock','2018-12-03 21:12:49','2018-12-03 21:26:07',NULL,'26f21130-2112-4e09-846f-90af18d9b21a'),(29,'verbb\\supertable\\elements\\SuperTableBlockElement','2018-12-03 21:12:49','2018-12-03 21:26:07',NULL,'4bf9a90f-611e-4305-ab50-e41b08382956'),(30,'craft\\elements\\Entry','2018-12-05 17:05:49','2018-12-05 17:21:51',NULL,'c49ee75d-e9a8-4b70-8fd4-71902da48403'),(31,'craft\\elements\\MatrixBlock','2018-12-10 20:11:22','2018-12-10 20:20:34',NULL,'666d9df0-0fef-47bc-8827-8c2bbee805dd'),(32,'craft\\elements\\Entry','2019-07-04 16:47:42','2019-07-04 16:53:56',NULL,'a2d029a2-94ff-4d6d-b6ab-d4abbb9fc0e0');
/*!40000 ALTER TABLE `fieldlayouts` ENABLE KEYS */;
UNLOCK TABLES;
commit;

--
-- Dumping data for table `fieldlayouttabs`
--

LOCK TABLES `fieldlayouttabs` WRITE;
/*!40000 ALTER TABLE `fieldlayouttabs` DISABLE KEYS */;
set autocommit=0;
INSERT INTO `fieldlayouttabs` VALUES (1,5,'Content',1,'2018-11-27 22:38:44','2018-11-27 22:38:44','1ba51985-5c75-422c-ad58-639c674a1108'),(2,6,'Content',1,'2018-11-27 22:38:45','2018-11-27 22:38:45','faec8c1c-094e-49ec-86d8-e1c2ac6fe8f8'),(3,7,'Content',1,'2018-11-27 22:38:45','2018-11-27 22:38:45','809c442d-73ad-455b-ab1c-ddaf964b5f78'),(28,20,'1| Lien',1,'2018-11-28 01:08:04','2018-11-28 01:08:04','73d30e54-cd76-4c85-b765-9fc7815984e8'),(29,21,'1| Lien',1,'2018-11-28 01:08:57','2018-11-28 01:08:57','d8fb750d-1e2d-4053-abbb-13eede7f0f80'),(40,24,'Content',1,'2018-11-30 14:15:21','2018-11-30 14:15:21','10d1e9e0-8aa3-4b4b-be6c-6563eccb9571'),(41,1,'1| En-tête',1,'2018-11-30 14:16:13','2018-11-30 14:16:13','3dd6c24b-81bd-4aa8-8390-3c7c4615b503'),(42,1,'2| Contenu',2,'2018-11-30 14:16:13','2018-11-30 14:16:13','7e054775-a704-46cb-ba99-c024e71b75a9'),(43,1,'3| Partenaires',3,'2018-11-30 14:16:13','2018-11-30 14:16:13','e7262020-df2c-4bd2-b8d4-51b25ecfc97f'),(47,26,'Content',1,'2018-12-01 05:09:01','2018-12-01 05:09:01','a48bc2d9-d343-4576-a05b-481d6d99f114'),(55,14,'1| En-tête',1,'2018-12-01 11:12:50','2018-12-01 11:12:50','3312ffa0-31b7-4bfb-a2bb-c7e9d2032da4'),(56,14,'2| Contenu',2,'2018-12-01 11:12:50','2018-12-01 11:12:50','51ed1947-68b5-44d2-9929-a01b7d37fb60'),(57,14,'3| Équipe',3,'2018-12-01 11:12:50','2018-12-01 11:12:50','228767ee-fdb0-46c6-8d78-8dc504b9dddd'),(58,14,'4| Galerie d\'images',4,'2018-12-01 11:12:50','2018-12-01 11:12:50','158b1225-c5f7-4414-a051-3251c6a4555e'),(105,10,'Content',1,'2018-12-03 21:20:55','2018-12-03 21:20:55','412dda30-caf2-4633-bbaa-ff43ca616c38'),(106,11,'Content',1,'2018-12-03 21:20:55','2018-12-03 21:20:55','2b346359-3a2d-4f44-9254-c86f3d351c69'),(107,9,'Content',1,'2018-12-03 21:20:55','2018-12-03 21:20:55','3bb2602f-84c8-4d0d-be45-0b9af9ee161e'),(108,8,'Content',1,'2018-12-03 21:20:55','2018-12-03 21:20:55','99233204-8935-44ae-bd4b-a659b7b27100'),(124,27,'Content',1,'2018-12-03 21:26:07','2018-12-03 21:26:07','86ff4f01-cf1b-42bf-9fd0-971df7b84810'),(125,28,'Content',1,'2018-12-03 21:26:07','2018-12-03 21:26:07','020b3efd-6afb-4a5c-a13a-33b571f2db22'),(126,29,'Content',1,'2018-12-03 21:26:07','2018-12-03 21:26:07','52d76445-9fdf-4b3d-aaee-89499faf45ba'),(136,15,'1| En-tête',1,'2018-12-04 00:04:08','2018-12-04 00:04:08','69dc0a31-2bb8-4053-8bce-b499ed01c5cb'),(137,15,'Tab 2',2,'2018-12-04 00:04:08','2018-12-04 00:04:08','cc9f079e-7133-4a2c-b129-a30fb5c41850'),(138,15,'Tab 3',3,'2018-12-04 00:04:08','2018-12-04 00:04:08','dad4435b-8166-422d-ad98-c664e18549f8'),(148,16,'1| En-tête',1,'2018-12-04 02:31:43','2018-12-04 02:31:43','91d69754-df14-42a5-b7ac-714dcd40278a'),(149,16,'2| Contenu',2,'2018-12-04 02:31:43','2018-12-04 02:31:43','27ec3587-26ff-47b1-8a30-a46a36b15ef9'),(150,16,'3| Opportunités',3,'2018-12-04 02:31:43','2018-12-04 02:31:43','1448d609-22bc-4860-974a-0d6128a51ef8'),(151,16,'4| Liste de fichiers',4,'2018-12-04 02:31:43','2018-12-04 02:31:43','6d3af3ba-0de3-448f-954a-65105ab4f217'),(160,17,'1| Info primaire',1,'2018-12-04 04:28:02','2018-12-04 04:28:02','56e457d2-6d6c-4836-98d3-5a30b4eb8d0b'),(161,17,'2| Responsabilités',2,'2018-12-04 04:28:02','2018-12-04 04:28:02','cff1bc90-def1-499c-93a9-96d2f7d45445'),(162,17,'3| Exigences',3,'2018-12-04 04:28:02','2018-12-04 04:28:02','b75495cd-2543-4603-90c8-4614f81a755e'),(163,17,'4| Compétences recherchées',4,'2018-12-04 04:28:02','2018-12-04 04:28:02','078d7d91-2390-444d-8a54-f56952dac43a'),(166,19,'1| En-tête',1,'2018-12-05 15:15:54','2018-12-05 15:15:54','b6e62deb-81fb-4958-b140-c4d09e9e8a41'),(173,30,'1| En-tête',1,'2018-12-05 17:21:51','2018-12-05 17:21:51','970438f7-5807-4e24-a4e4-daaebd1294eb'),(174,30,'2| Contenu',2,'2018-12-05 17:21:51','2018-12-05 17:21:51','e0253985-d6fc-4fea-a49b-41150913c205'),(187,12,'1| Info de base',1,'2018-12-05 21:12:26','2018-12-05 21:12:26','5f3608fd-d94a-4746-8585-0bfbf9ba7def'),(188,12,'Tab 2',2,'2018-12-05 21:12:26','2018-12-05 21:12:26','3cef4da3-4620-4f6b-9d32-a1efc4e0dd46'),(194,18,'1| En-tête',1,'2018-12-10 20:11:48','2018-12-10 20:11:48','4484c50f-3526-476f-9efd-60d6b0c8ce01'),(195,18,'2| Fichiers',2,'2018-12-10 20:11:48','2018-12-10 20:11:48','27ad8123-f47f-426e-a05d-e3d1c71ffef3'),(196,31,'Content',1,'2018-12-10 20:20:34','2018-12-10 20:20:34','e357a963-cfb9-46b4-a687-bee2487a012e'),(197,13,'1| En-tête',1,'2018-12-14 08:30:37','2018-12-14 08:30:37','c937c7af-df53-47be-a792-77b45770ab38'),(198,13,'2| Contenu #1',2,'2018-12-14 08:30:37','2018-12-14 08:30:37','9425256c-b187-4edb-b112-6e38893cc7f0'),(199,13,'3| Contenu #2',3,'2018-12-14 08:30:37','2018-12-14 08:30:37','4d1e6a47-3c9e-46f7-bcc3-205054ce4639'),(200,13,'4| Accordéon',4,'2018-12-14 08:30:37','2018-12-14 08:30:37','8c5df78c-a2c2-447a-b5af-772102b1372e'),(201,13,'5| Fichiers',5,'2018-12-14 08:30:37','2018-12-14 08:30:37','1a0b9719-8a33-4b58-9047-398682356c1d'),(212,25,'1| Pied de page',1,'2019-01-08 00:51:16','2019-01-08 00:51:16','3587c8b9-e808-4854-800a-bf1ceb2dce33'),(213,25,'Tab 2',2,'2019-01-08 00:51:16','2019-01-08 00:51:16','f3b61107-5da8-4d80-9f45-92fc9b23d08d'),(214,25,'3| Suivi en milieu ouvert',3,'2019-01-08 00:51:16','2019-01-08 00:51:16','c9c0dabf-1909-49f7-ba4c-663184986066'),(215,25,'Tab 4',4,'2019-01-08 00:51:16','2019-01-08 00:51:16','9f8730fc-5d4b-4468-b0d1-6aad08874a61'),(216,25,'Tab 5',5,'2019-01-08 00:51:16','2019-01-08 00:51:16','66a3b056-31f4-428a-8143-2818ec7343a4'),(219,22,'Contenu',1,'2019-07-04 16:51:07','2019-07-04 16:51:07','d787dfae-b4e7-45e0-8124-e9860208b520'),(220,32,'Tab 2',1,'2019-07-04 16:53:56','2019-07-04 16:53:56','b8951374-9d0d-49b0-bf9c-42e691db4608'),(221,32,'Tab 1',2,'2019-07-04 16:53:56','2019-07-04 16:53:56','e94ab92a-0dfb-40f8-a205-06c30b0252df');
/*!40000 ALTER TABLE `fieldlayouttabs` ENABLE KEYS */;
UNLOCK TABLES;
commit;

--
-- Dumping data for table `fields`
--

LOCK TABLES `fields` WRITE;
/*!40000 ALTER TABLE `fields` DISABLE KEYS */;
set autocommit=0;
INSERT INTO `fields` VALUES (1,2,'Liste de fichier(s)','pageFiles','global','',1,'site',NULL,'craft\\fields\\Assets','{\"useSingleFolder\":\"\",\"defaultUploadLocationSource\":\"volume:91c26a36-2b39-48a6-8254-80a6f5d8af34\",\"defaultUploadLocationSubpath\":\"\",\"singleUploadLocationSource\":\"volume:91c26a36-2b39-48a6-8254-80a6f5d8af34\",\"singleUploadLocationSubpath\":\"\",\"restrictFiles\":\"1\",\"allowedKinds\":[\"pdf\"],\"sources\":[\"volume:91c26a36-2b39-48a6-8254-80a6f5d8af34\"],\"source\":null,\"targetSiteId\":null,\"viewMode\":\"list\",\"limit\":\"\",\"selectionLabel\":\"Veuillez ajouter un ou plusieurs fichier(s)\",\"localizeRelations\":false}','2018-11-27 22:28:26','2019-07-04 18:30:11','0c7c48dd-36e3-40b5-a34e-bdc788222a27'),(2,2,'Accordéon','accordion','global','',1,'site',NULL,'craft\\fields\\Matrix','{\"minBlocks\":\"\",\"maxBlocks\":\"1\",\"contentTable\":\"{{%matrixcontent_accordion}}\",\"localizeBlocks\":false}','2018-11-27 22:38:44','2018-12-03 21:20:55','7f72c319-c7a4-4fd4-b423-6ca9135e502d'),(3,NULL,'Liste de fichiers','pageListFiles','superTableBlockType:55b159c8-de70-4fc0-a529-445e143f2c1a','',1,'site',NULL,'craft\\fields\\Assets','{\"useSingleFolder\":\"\",\"defaultUploadLocationSource\":\"folder:6cc30839-6f8c-4980-8276-b27a3b3a5655\",\"defaultUploadLocationSubpath\":\"\",\"singleUploadLocationSource\":\"folder:6cc30839-6f8c-4980-8276-b27a3b3a5655\",\"singleUploadLocationSubpath\":\"\",\"restrictFiles\":\"\",\"allowedKinds\":[\"pdf\"],\"sources\":[\"folder:6cc30839-6f8c-4980-8276-b27a3b3a5655\"],\"source\":null,\"targetSiteId\":null,\"viewMode\":\"list\",\"limit\":\"\",\"selectionLabel\":\"Veuillez ajouter un ou plusieurs fichier(s)\",\"localizeRelations\":false}','2018-11-27 22:38:44','2018-11-27 22:38:44','8583b697-72ac-4425-a9cb-2e2bd1f9ecde'),(4,NULL,'Accordéon','accordeon','superTableBlockType:55b159c8-de70-4fc0-a529-445e143f2c1a','',1,'site',NULL,'craft\\fields\\Matrix','{\"minBlocks\":\"\",\"maxBlocks\":\"\",\"contentTable\":\"{{%matrixcontent_accordeon}}\",\"localizeBlocks\":false}','2018-11-27 22:38:44','2018-11-27 22:38:44','3eb021f0-cdc1-427b-9979-3a536cbf6102'),(5,NULL,'Test','test','matrixBlockType:aeaa13c8-4d0f-4009-b0f5-085f67dd3ea0','',1,'none',NULL,'craft\\fields\\PlainText','{\"placeholder\":\"\",\"code\":\"\",\"multiline\":\"\",\"initialRows\":\"4\",\"charLimit\":\"\",\"columnType\":\"text\"}','2018-11-27 22:38:44','2018-11-27 22:38:44','5628241c-48f9-40dc-bb54-e2df2daadcf3'),(6,NULL,'34','sdfdfsdf','matrixBlockType:509b8beb-ebdb-4c59-a275-a218a9fc4ab5','',1,'none',NULL,'craft\\fields\\PlainText','{\"placeholder\":\"\",\"code\":\"\",\"multiline\":\"\",\"initialRows\":\"4\",\"charLimit\":\"\",\"columnType\":\"text\"}','2018-11-27 22:38:44','2018-11-27 22:38:44','0442954c-8d78-4cbb-bc2e-72a636177f9e'),(8,NULL,'__blank__','accordionBloc','matrixBlockType:79e37266-006b-457a-a6e6-de0bf8eb22ef','',1,'site',NULL,'verbb\\supertable\\fields\\SuperTableField','{\"minRows\":\"\",\"maxRows\":\"\",\"localizeBlocks\":false,\"staticField\":\"\",\"columns\":{\"9\":{\"width\":\"\"},\"10\":{\"width\":\"\"}},\"contentTable\":\"{{%stc_3_accordionbloc}}\",\"fieldLayout\":\"matrix\",\"selectionLabel\":\"Ajout d\'un onglet\"}','2018-11-27 22:45:27','2019-07-04 18:32:55','4f3e5f9a-dc18-48f7-b5d4-df57e97f840a'),(9,NULL,'Titre','accordionTitle','superTableBlockType:18237d05-e80c-4b0e-8dbc-db03e2ce4a1d','',1,'none',NULL,'craft\\fields\\PlainText','{\"placeholder\":\"\",\"code\":\"\",\"multiline\":\"\",\"initialRows\":\"4\",\"charLimit\":\"\",\"columnType\":\"text\"}','2018-11-27 22:46:37','2018-12-03 21:20:55','8a494d0d-cebd-44e1-b2c7-d3575236ab86'),(10,NULL,'Élément','accordionBlocElement','superTableBlockType:18237d05-e80c-4b0e-8dbc-db03e2ce4a1d','',1,'site',NULL,'craft\\fields\\Matrix','{\"minBlocks\":\"\",\"maxBlocks\":\"\",\"contentTable\":\"{{%matrixcontent_accordionblocelement}}\",\"localizeBlocks\":false}','2018-11-27 22:49:54','2018-12-03 21:20:55','ffbc9e0e-5aaa-4637-ba90-b77236ff6b3d'),(11,NULL,'Contenu','accordionBlocAContent','matrixBlockType:04049933-adf4-4709-9862-2516acea20bb','',1,'none',NULL,'craft\\fields\\PlainText','{\"placeholder\":\"\",\"code\":\"\",\"multiline\":\"\",\"initialRows\":\"4\",\"charLimit\":\"\",\"columnType\":\"text\"}','2018-11-27 22:49:54','2018-12-03 21:20:55','d0e3dcae-6042-405f-8bdd-9b5c6ed21ec7'),(12,NULL,'Contenu','accordionBlocBContent','matrixBlockType:bf62d16d-2fed-4d70-867f-db1a26f68704','',1,'none',NULL,'craft\\fields\\PlainText','{\"placeholder\":\"\",\"code\":\"\",\"multiline\":\"\",\"initialRows\":\"4\",\"charLimit\":\"\",\"columnType\":\"text\"}','2018-11-28 00:19:33','2018-12-03 21:20:55','89ad7464-07f3-45ba-b2df-3d56925f9505'),(13,NULL,'Liste à puces','accordionBlocBBullet','matrixBlockType:bf62d16d-2fed-4d70-867f-db1a26f68704','',1,'none',NULL,'craft\\redactor\\Field','{\"redactorConfig\":\"\",\"purifierConfig\":\"\",\"cleanupHtml\":\"1\",\"purifyHtml\":\"1\",\"columnType\":\"text\",\"availableVolumes\":\"*\",\"availableTransforms\":\"*\"}','2018-11-28 00:19:33','2018-12-03 21:20:55','55c939c1-f7ea-42ee-b6cd-e049a96a8a12'),(14,NULL,'Liste à puces','accordionBlocABullet','matrixBlockType:04049933-adf4-4709-9862-2516acea20bb','',1,'none',NULL,'craft\\redactor\\Field','{\"redactorConfig\":\"\",\"purifierConfig\":\"\",\"cleanupHtml\":\"1\",\"purifyHtml\":\"1\",\"columnType\":\"text\",\"availableVolumes\":\"*\",\"availableTransforms\":\"*\"}','2018-11-28 00:25:48','2018-12-03 21:20:55','c3c3cbc4-32cd-404f-8f65-634dc712511c'),(15,3,'Lien','menuLink','global','',1,'none',NULL,'typedlinkfield\\fields\\LinkField','{\"allowCustomText\":\"\",\"allowedLinkNames\":{\"2\":\"entry\",\"9\":\"url\"},\"allowTarget\":\"\",\"defaultLinkName\":\"entry\",\"defaultText\":\"\",\"enableAriaLabel\":\"\",\"enableTitle\":\"\",\"typeSettings\":{\"category\":{\"sources\":\"*\"},\"entry\":{\"sources\":\"*\"},\"asset\":{\"sources\":\"*\"},\"site\":{\"sites\":\"*\"},\"user\":{\"sources\":\"*\"},\"custom\":{\"disableValidation\":\"\",\"allowAliases\":\"\"},\"email\":{\"disableValidation\":\"\",\"allowAliases\":\"\"},\"tel\":{\"disableValidation\":\"\",\"allowAliases\":\"\"},\"url\":{\"disableValidation\":\"\",\"allowAliases\":\"\"}}}','2018-11-28 01:07:21','2018-11-28 01:10:46','5177670c-6655-439b-90ef-dbd63fd648fc'),(16,4,'Image','bannerImage','global','',1,'site',NULL,'craft\\fields\\Assets','{\"useSingleFolder\":\"\",\"defaultUploadLocationSource\":\"volume:91c26a36-2b39-48a6-8254-80a6f5d8af34\",\"defaultUploadLocationSubpath\":\"\",\"singleUploadLocationSource\":\"volume:91c26a36-2b39-48a6-8254-80a6f5d8af34\",\"singleUploadLocationSubpath\":\"\",\"restrictFiles\":\"1\",\"allowedKinds\":[\"image\"],\"sources\":[\"volume:640e592b-bd09-44b8-a184-178d05770bf3\"],\"source\":null,\"targetSiteId\":null,\"viewMode\":\"large\",\"limit\":\"1\",\"selectionLabel\":\"Veuillez ajouter une image\",\"localizeRelations\":false}','2018-11-28 02:28:19','2019-07-04 18:30:11','b10e2f59-5a40-43ff-9b15-2887981f8422'),(17,4,'Titre ligne 1','bannerTitleLineOne','global','',1,'none',NULL,'craft\\fields\\PlainText','{\"placeholder\":\"\",\"code\":\"\",\"multiline\":\"\",\"initialRows\":\"4\",\"charLimit\":\"\",\"columnType\":\"text\"}','2018-11-28 02:31:04','2018-11-28 02:31:04','4ac986e3-e26f-4f3d-ac08-a826ecdfa60c'),(18,4,'Titre ligne 2','bannerTitleLineTwo','global','',1,'none',NULL,'craft\\fields\\PlainText','{\"placeholder\":\"\",\"code\":\"\",\"multiline\":\"\",\"initialRows\":\"4\",\"charLimit\":\"\",\"columnType\":\"text\"}','2018-11-28 02:31:17','2018-11-28 02:31:17','6d464b46-0838-487a-ae49-b809d24ca61c'),(19,5,'Titre','cttTitle','global','',1,'none',NULL,'craft\\fields\\PlainText','{\"placeholder\":\"\",\"code\":\"\",\"multiline\":\"\",\"initialRows\":\"4\",\"charLimit\":\"\",\"columnType\":\"text\"}','2018-11-28 03:39:31','2018-11-28 03:39:31','8f9c7ac8-6ff0-40d6-b256-69ca9e9e7828'),(20,5,'Contenu','cttContent','global','',1,'none',NULL,'craft\\redactor\\Field','{\"redactorConfig\":\"\",\"purifierConfig\":\"\",\"purifyHtml\":\"1\",\"columnType\":\"text\",\"availableVolumes\":\"*\",\"availableTransforms\":\"*\",\"removeInlineStyles\":\"1\",\"removeEmptyTags\":\"1\",\"removeNbsp\":\"1\"}','2018-11-28 03:39:48','2019-07-04 18:32:55','f33ead61-0406-4a0b-8814-b43e310fa07d'),(21,5,'Lien','cttLink','global','',1,'none',NULL,'typedlinkfield\\fields\\LinkField','{\"allowCustomText\":\"1\",\"allowedLinkNames\":{\"2\":\"entry\",\"9\":\"url\"},\"allowTarget\":\"1\",\"defaultLinkName\":\"entry\",\"defaultText\":\"\",\"enableAriaLabel\":\"\",\"enableTitle\":\"\",\"typeSettings\":{\"category\":{\"sources\":\"*\"},\"entry\":{\"sources\":\"*\"},\"asset\":{\"sources\":\"*\"},\"site\":{\"sites\":\"*\"},\"user\":{\"sources\":\"*\"},\"custom\":{\"disableValidation\":\"\",\"allowAliases\":\"\"},\"email\":{\"disableValidation\":\"\",\"allowAliases\":\"\"},\"tel\":{\"disableValidation\":\"\",\"allowAliases\":\"\"},\"url\":{\"disableValidation\":\"\",\"allowAliases\":\"\"}}}','2018-11-28 03:40:16','2018-11-28 03:58:46','ff0a3e3d-f0df-4fe4-8690-07679313767a'),(22,4,'thumbnailImage','imageThumbnail','global','',1,'site',NULL,'craft\\fields\\Assets','{\"useSingleFolder\":\"\",\"defaultUploadLocationSource\":\"volume:91c26a36-2b39-48a6-8254-80a6f5d8af34\",\"defaultUploadLocationSubpath\":\"\",\"singleUploadLocationSource\":\"volume:91c26a36-2b39-48a6-8254-80a6f5d8af34\",\"singleUploadLocationSubpath\":\"\",\"restrictFiles\":\"1\",\"allowedKinds\":[\"image\"],\"sources\":[\"volume:640e592b-bd09-44b8-a184-178d05770bf3\"],\"source\":null,\"targetSiteId\":null,\"viewMode\":\"large\",\"limit\":\"1\",\"selectionLabel\":\"Veuillez ajouter une image\",\"localizeRelations\":false}','2018-11-28 05:35:32','2019-07-04 18:30:11','2ffc0c7e-1039-4788-a803-fa37dd80b6d4'),(23,6,'Catégories','activitiesCategories','global','',1,'site',NULL,'craft\\fields\\Categories','{\"branchLimit\":\"1\",\"sources\":\"*\",\"source\":\"group:046dc3f8-222f-474e-9c00-c4c8ce11c089\",\"targetSiteId\":null,\"viewMode\":null,\"limit\":null,\"selectionLabel\":\"Veuillez choisir une catégorie\",\"localizeRelations\":false}','2018-11-28 06:39:56','2018-11-28 06:39:56','5934cf9f-7ada-49d9-b906-d7f4bc75ab88'),(24,6,'Date de l\'activité','activitiesDate','global','',1,'none',NULL,'craft\\fields\\Date','{\"showDate\":true,\"showTime\":true,\"minuteIncrement\":\"30\"}','2018-11-28 06:41:08','2018-11-28 06:41:08','d2370c21-d87b-40d4-9b64-803f634e7adc'),(25,7,'Partenaires','partners','global','',1,'site',NULL,'craft\\fields\\Matrix','{\"minBlocks\":\"\",\"maxBlocks\":\"\",\"contentTable\":\"{{%matrixcontent_partners}}\",\"localizeBlocks\":false}','2018-11-30 14:15:20','2018-11-30 14:15:20','000da5b9-a82e-4d83-85d9-8916bc6bf581'),(26,NULL,'Logo','partnersLogo','matrixBlockType:84d45a67-928e-410a-be3c-288acfda9f84','',1,'site',NULL,'craft\\fields\\Assets','{\"useSingleFolder\":\"\",\"defaultUploadLocationSource\":\"folder:6cc30839-6f8c-4980-8276-b27a3b3a5655\",\"defaultUploadLocationSubpath\":\"\",\"singleUploadLocationSource\":\"folder:6cc30839-6f8c-4980-8276-b27a3b3a5655\",\"singleUploadLocationSubpath\":\"\",\"restrictFiles\":\"1\",\"allowedKinds\":[\"image\"],\"sources\":[\"folder:8299de3d-f63e-4b35-b5fd-90782e6a47f6\"],\"source\":null,\"targetSiteId\":null,\"viewMode\":\"large\",\"limit\":\"1\",\"selectionLabel\":\"Veuillez ajouter un logo\",\"localizeRelations\":false}','2018-11-30 14:15:21','2018-11-30 14:15:21','800e542d-7d2f-4221-b0c7-9832cadd88c8'),(27,NULL,'Site web','partnersWeb','matrixBlockType:84d45a67-928e-410a-be3c-288acfda9f84','',1,'none',NULL,'typedlinkfield\\fields\\LinkField','{\"allowCustomText\":\"\",\"allowedLinkNames\":{\"9\":\"url\"},\"allowTarget\":\"\",\"defaultLinkName\":\"url\",\"defaultText\":\"\",\"enableAriaLabel\":\"\",\"enableTitle\":\"\",\"typeSettings\":{\"category\":{\"sources\":\"*\"},\"entry\":{\"sources\":\"*\"},\"asset\":{\"sources\":\"*\"},\"site\":{\"sites\":\"*\"},\"user\":{\"sources\":\"*\"},\"custom\":{\"disableValidation\":\"\",\"allowAliases\":\"\"},\"email\":{\"disableValidation\":\"\",\"allowAliases\":\"\"},\"tel\":{\"disableValidation\":\"\",\"allowAliases\":\"\"},\"url\":{\"disableValidation\":\"\",\"allowAliases\":\"\"}}}','2018-11-30 14:15:21','2019-07-04 18:30:11','c7133fbd-ac21-4e4c-8a12-9a19f5409540'),(28,8,'Adresse','globalAddress','global','',1,'none',NULL,'craft\\redactor\\Field','{\"redactorConfig\":\"Simple.json\",\"purifierConfig\":\"\",\"purifyHtml\":\"1\",\"columnType\":\"text\",\"availableVolumes\":\"\",\"availableTransforms\":\"\",\"removeInlineStyles\":\"1\",\"removeEmptyTags\":\"1\",\"removeNbsp\":\"1\"}','2018-11-30 16:35:11','2019-07-04 18:32:55','7c01065a-8851-4005-98a7-4dd95a6952ab'),(29,8,'Google Maps','globalGM','global','',1,'none',NULL,'typedlinkfield\\fields\\LinkField','{\"allowCustomText\":\"1\",\"allowedLinkNames\":{\"7\":\"email\",\"9\":\"url\"},\"allowTarget\":\"\",\"defaultLinkName\":\"category\",\"defaultText\":\"\",\"enableAriaLabel\":\"\",\"enableTitle\":\"\",\"typeSettings\":{\"category\":{\"sources\":\"*\"},\"entry\":{\"sources\":\"*\"},\"asset\":{\"sources\":\"*\"},\"site\":{\"sites\":\"*\"},\"user\":{\"sources\":\"*\"},\"custom\":{\"disableValidation\":\"\",\"allowAliases\":\"\"},\"email\":{\"disableValidation\":\"\",\"allowAliases\":\"\"},\"tel\":{\"disableValidation\":\"\",\"allowAliases\":\"\"},\"url\":{\"disableValidation\":\"\",\"allowAliases\":\"\"}}}','2018-11-30 16:35:38','2018-11-30 16:35:38','a84cdcea-f96f-4b18-b22b-d2e7b16e14d2'),(30,8,'Téléphone','globalPhone','global','',1,'none',NULL,'craft\\fields\\PlainText','{\"placeholder\":\"\",\"code\":\"\",\"multiline\":\"\",\"initialRows\":\"4\",\"charLimit\":\"\",\"columnType\":\"text\"}','2018-11-30 16:35:54','2018-11-30 16:35:54','2a3920df-b48f-45cc-a583-4ba5d782ea44'),(31,8,'Télécopieur','globalFax','global','',1,'none',NULL,'craft\\fields\\PlainText','{\"placeholder\":\"\",\"code\":\"\",\"multiline\":\"\",\"initialRows\":\"4\",\"charLimit\":\"\",\"columnType\":\"text\"}','2018-11-30 16:36:07','2018-11-30 16:36:07','4c7282fc-8046-49c8-bab8-a0eb14324eaa'),(32,8,'Courriel','globalMail','global','',1,'none',NULL,'craft\\fields\\PlainText','{\"placeholder\":\"\",\"code\":\"\",\"multiline\":\"\",\"initialRows\":\"4\",\"charLimit\":\"\",\"columnType\":\"text\"}','2018-11-30 16:36:20','2018-11-30 16:36:20','c9718abf-be2a-4889-8ed0-c120cc0609d5'),(33,9,'Image','citImage','global','',1,'site',NULL,'craft\\fields\\Assets','{\"useSingleFolder\":\"\",\"defaultUploadLocationSource\":\"volume:640e592b-bd09-44b8-a184-178d05770bf3\",\"defaultUploadLocationSubpath\":\"\",\"singleUploadLocationSource\":\"volume:91c26a36-2b39-48a6-8254-80a6f5d8af34\",\"singleUploadLocationSubpath\":\"\",\"restrictFiles\":\"\",\"allowedKinds\":[\"image\"],\"sources\":[\"volume:640e592b-bd09-44b8-a184-178d05770bf3\"],\"source\":null,\"targetSiteId\":null,\"viewMode\":\"large\",\"limit\":\"1\",\"selectionLabel\":\"Veuillez insérer une image\",\"localizeRelations\":false}','2018-12-01 03:14:41','2019-07-04 18:30:11','c9edc812-2a29-414f-8839-cd036d79906e'),(34,9,'Titre','citTitle','global','',1,'none',NULL,'craft\\fields\\PlainText','{\"placeholder\":\"\",\"code\":\"\",\"multiline\":\"\",\"initialRows\":\"4\",\"charLimit\":\"\",\"columnType\":\"text\"}','2018-12-01 03:16:38','2018-12-01 03:16:38','7e24e16c-92b9-49f6-9c6f-04db3c6e0503'),(35,9,'Contenu','citContent','global','',1,'none',NULL,'craft\\redactor\\Field','{\"redactorConfig\":\"\",\"purifierConfig\":\"\",\"purifyHtml\":\"1\",\"columnType\":\"text\",\"availableVolumes\":\"\",\"availableTransforms\":\"\",\"removeInlineStyles\":\"1\",\"removeEmptyTags\":\"1\",\"removeNbsp\":\"1\"}','2018-12-01 03:17:00','2019-07-04 18:32:55','bc9a9dc1-8786-4814-81d7-a8b979099fb6'),(36,10,'Titre','teamTitle','global','',1,'none',NULL,'craft\\fields\\PlainText','{\"placeholder\":\"\",\"code\":\"\",\"multiline\":\"\",\"initialRows\":\"4\",\"charLimit\":\"\",\"columnType\":\"text\"}','2018-12-01 05:04:30','2018-12-01 05:04:30','fa62d2aa-04ac-4574-b64e-1998a1e5410f'),(37,10,'Contenu','teamContent','global','',1,'none',NULL,'craft\\redactor\\Field','{\"redactorConfig\":\"\",\"purifierConfig\":\"\",\"purifyHtml\":\"1\",\"columnType\":\"text\",\"availableVolumes\":\"*\",\"availableTransforms\":\"*\",\"removeInlineStyles\":\"1\",\"removeEmptyTags\":\"1\",\"removeNbsp\":\"1\"}','2018-12-01 05:04:45','2019-07-04 18:32:55','64b56046-db2b-4f8a-bb4f-24730238925c'),(38,10,'Membres de l\'équipe','teamMember','global','',1,'site',NULL,'craft\\fields\\Matrix','{\"minBlocks\":\"\",\"maxBlocks\":\"\",\"contentTable\":\"{{%matrixcontent_teammember}}\",\"localizeBlocks\":false}','2018-12-01 05:09:01','2018-12-01 05:09:01','a092dfd8-19a7-4f4f-81de-fcee0f968c94'),(39,NULL,'Nom de la personne','teamMemberName','matrixBlockType:246a0bc1-597b-4623-a927-9b5abcb8f609','',1,'none',NULL,'craft\\fields\\PlainText','{\"placeholder\":\"\",\"code\":\"\",\"multiline\":\"\",\"initialRows\":\"4\",\"charLimit\":\"\",\"columnType\":\"text\"}','2018-12-01 05:09:01','2018-12-01 05:09:01','ac0276d9-6461-485f-ad50-1bbeb7f59b7d'),(40,NULL,'Poste','teamMemberRole','matrixBlockType:246a0bc1-597b-4623-a927-9b5abcb8f609','',1,'none',NULL,'craft\\fields\\PlainText','{\"placeholder\":\"\",\"code\":\"\",\"multiline\":\"\",\"initialRows\":\"4\",\"charLimit\":\"\",\"columnType\":\"text\"}','2018-12-01 05:09:01','2018-12-01 05:09:01','7ffa07aa-dd6e-44c5-8c77-41cde187a0b3'),(41,NULL,'Numéro de poste','teamMemberPhone','matrixBlockType:246a0bc1-597b-4623-a927-9b5abcb8f609','',1,'none',NULL,'craft\\fields\\PlainText','{\"placeholder\":\"\",\"code\":\"\",\"multiline\":\"\",\"initialRows\":\"4\",\"charLimit\":\"\",\"columnType\":\"text\"}','2018-12-01 05:09:01','2018-12-01 05:09:01','c97d2985-97f0-49a6-a2ef-6212f923b1d3'),(42,NULL,'Adresse courriel','teamMemberEmail','matrixBlockType:246a0bc1-597b-4623-a927-9b5abcb8f609','',1,'none',NULL,'craft\\fields\\Email','{\"placeholder\":\"\"}','2018-12-01 05:09:01','2019-07-04 18:30:11','d548c900-0878-4420-986c-6a0edcc9eb1e'),(43,NULL,'Biographie','teamMemberBio','matrixBlockType:246a0bc1-597b-4623-a927-9b5abcb8f609','',1,'none',NULL,'craft\\redactor\\Field','{\"redactorConfig\":\"Simple.json\",\"purifierConfig\":\"\",\"purifyHtml\":\"1\",\"columnType\":\"text\",\"availableVolumes\":\"*\",\"availableTransforms\":\"*\",\"removeInlineStyles\":\"1\",\"removeEmptyTags\":\"1\",\"removeNbsp\":\"1\"}','2018-12-01 05:09:01','2019-07-04 18:32:55','b1aa8763-3a75-404a-b5b1-97c0ea19f8c6'),(44,11,'Titre','galleryTitle','global','',1,'none',NULL,'craft\\fields\\PlainText','{\"placeholder\":\"\",\"code\":\"\",\"multiline\":\"\",\"initialRows\":\"4\",\"charLimit\":\"\",\"columnType\":\"text\"}','2018-12-01 11:11:30','2018-12-01 11:11:30','c19250b9-e590-475b-ad2d-7a54bbb6a58e'),(45,11,'Galerie d\'images','galleryImages','global','',1,'site',NULL,'craft\\fields\\Assets','{\"useSingleFolder\":\"\",\"defaultUploadLocationSource\":\"volume:91c26a36-2b39-48a6-8254-80a6f5d8af34\",\"defaultUploadLocationSubpath\":\"\",\"singleUploadLocationSource\":\"volume:91c26a36-2b39-48a6-8254-80a6f5d8af34\",\"singleUploadLocationSubpath\":\"\",\"restrictFiles\":\"1\",\"allowedKinds\":[\"image\"],\"sources\":[\"volume:640e592b-bd09-44b8-a184-178d05770bf3\"],\"source\":null,\"targetSiteId\":null,\"viewMode\":\"large\",\"limit\":\"\",\"selectionLabel\":\"Veuillez ajouter des images\",\"localizeRelations\":false}','2018-12-01 11:12:07','2019-07-04 18:30:11','2e9fb74d-fafa-4b25-9131-9ca731b9e9ee'),(46,12,'Titre','content1Title','global','',1,'none',NULL,'craft\\fields\\PlainText','{\"placeholder\":\"\",\"code\":\"\",\"multiline\":\"\",\"initialRows\":\"4\",\"charLimit\":\"\",\"columnType\":\"text\"}','2018-12-01 13:08:18','2018-12-01 13:08:18','ba959364-17ad-4430-9598-0d0a540296cf'),(47,12,'Contenu','content1Text','global','',1,'none',NULL,'craft\\redactor\\Field','{\"redactorConfig\":\"\",\"purifierConfig\":\"\",\"purifyHtml\":\"1\",\"columnType\":\"text\",\"availableVolumes\":\"*\",\"availableTransforms\":\"*\",\"removeInlineStyles\":\"1\",\"removeEmptyTags\":\"1\",\"removeNbsp\":\"1\"}','2018-12-01 13:08:37','2019-07-04 18:32:55','a3095a17-abd6-40ee-9815-ef5b38bf3bdb'),(48,12,'Titre','content2Title','global','',1,'none',NULL,'craft\\fields\\PlainText','{\"placeholder\":\"\",\"code\":\"\",\"multiline\":\"\",\"initialRows\":\"4\",\"charLimit\":\"\",\"columnType\":\"text\"}','2018-12-01 13:08:56','2018-12-01 13:08:56','f3b2edbe-8e7c-41d0-aa83-db02af7d1967'),(49,12,'Contenu','content2Text','global','',1,'none',NULL,'craft\\redactor\\Field','{\"redactorConfig\":\"\",\"purifierConfig\":\"\",\"purifyHtml\":\"1\",\"columnType\":\"text\",\"availableVolumes\":\"*\",\"availableTransforms\":\"*\",\"removeInlineStyles\":\"1\",\"removeEmptyTags\":\"1\",\"removeNbsp\":\"1\"}','2018-12-01 13:09:13','2019-07-04 18:32:55','f9474c5f-3a9e-4ac0-ace0-2f603c117e69'),(50,2,'Accordéon','accordionv2','global','',1,'site',NULL,'verbb\\supertable\\fields\\SuperTableField','{\"minRows\":\"\",\"maxRows\":\"\",\"localizeBlocks\":false,\"staticField\":\"\",\"columns\":{\"57\":{\"width\":\"\"},\"51\":{\"width\":\"\"}},\"contentTable\":\"{{%stc_accordionv2}}\",\"fieldLayout\":\"matrix\",\"selectionLabel\":\"Ajouter un élément\"}','2018-12-03 21:12:48','2019-07-04 18:32:55','143ee622-014a-4e19-8ced-167280c3df48'),(51,NULL,'Élément(s)','accordionTab','superTableBlockType:062ed927-a797-45b7-b88c-8b6eb55167b7','',1,'site',NULL,'craft\\fields\\Matrix','{\"minBlocks\":\"\",\"maxBlocks\":\"\",\"contentTable\":\"{{%matrixcontent_accordiontab}}\",\"localizeBlocks\":false}','2018-12-03 21:12:49','2018-12-03 21:26:06','35f8d985-fc77-4f65-b1a1-8f09864a4a8d'),(52,NULL,'Contenu','accordionBlocABullet','matrixBlockType:e9b218e3-508b-4335-8ca3-639a41ba5880','',1,'none',NULL,'craft\\redactor\\Field','{\"redactorConfig\":\"\",\"purifierConfig\":\"\",\"cleanupHtml\":\"1\",\"purifyHtml\":\"1\",\"columnType\":\"text\",\"availableVolumes\":\"*\",\"availableTransforms\":\"*\"}','2018-12-03 21:12:49','2018-12-03 21:26:06','ede56863-6cb8-4a90-ac62-7d7e803725b4'),(53,NULL,'Titre','accordionBlocBContent','matrixBlockType:c5bcbd11-0884-4fda-908b-5ba888c28e65','',1,'none',NULL,'craft\\fields\\PlainText','{\"placeholder\":\"\",\"code\":\"\",\"multiline\":\"\",\"initialRows\":\"4\",\"charLimit\":\"\",\"columnType\":\"text\"}','2018-12-03 21:12:49','2018-12-03 21:26:07','2d4e0f35-1c1b-4127-99ba-6465e2355233'),(54,NULL,'Titre','accordionBlocAContent','matrixBlockType:e9b218e3-508b-4335-8ca3-639a41ba5880','',1,'none',NULL,'craft\\fields\\PlainText','{\"placeholder\":\"\",\"code\":\"\",\"multiline\":\"\",\"initialRows\":\"4\",\"charLimit\":\"\",\"columnType\":\"text\"}','2018-12-03 21:17:47','2018-12-03 21:26:06','fe239dee-3141-4825-a7b3-ef6fb364b954'),(55,NULL,'Contenu','accordionBlocBBullet','matrixBlockType:c5bcbd11-0884-4fda-908b-5ba888c28e65','',1,'none',NULL,'craft\\redactor\\Field','{\"redactorConfig\":\"\",\"purifierConfig\":\"\",\"cleanupHtml\":\"1\",\"purifyHtml\":\"1\",\"columnType\":\"text\",\"availableVolumes\":\"*\",\"availableTransforms\":\"*\"}','2018-12-03 21:17:47','2018-12-03 21:26:07','f1a957ed-1131-4bb3-a53f-b4401bdc82eb'),(56,NULL,'Titre','accordionTitle','matrixBlockType:79e37266-006b-457a-a6e6-de0bf8eb22ef','',1,'none',NULL,'craft\\fields\\PlainText','{\"placeholder\":\"\",\"code\":\"\",\"multiline\":\"\",\"initialRows\":\"4\",\"charLimit\":\"\",\"columnType\":\"text\"}','2018-12-03 21:20:55','2019-07-04 18:30:11','fdcc70bf-cae0-4cce-a0ac-5f1f910a63f8'),(57,NULL,'Titre','accordionTitle','superTableBlockType:062ed927-a797-45b7-b88c-8b6eb55167b7','',1,'none',NULL,'craft\\fields\\PlainText','{\"placeholder\":\"\",\"code\":\"\",\"multiline\":\"\",\"initialRows\":\"4\",\"charLimit\":\"\",\"columnType\":\"text\"}','2018-12-03 21:22:35','2018-12-03 21:26:06','5ff0d11d-a75c-416a-8a04-f722cfae1369'),(58,12,'Image','content1Image','global','',1,'site',NULL,'craft\\fields\\Assets','{\"useSingleFolder\":\"\",\"defaultUploadLocationSource\":\"volume:640e592b-bd09-44b8-a184-178d05770bf3\",\"defaultUploadLocationSubpath\":\"\",\"singleUploadLocationSource\":\"volume:91c26a36-2b39-48a6-8254-80a6f5d8af34\",\"singleUploadLocationSubpath\":\"\",\"restrictFiles\":\"1\",\"allowedKinds\":[\"image\"],\"sources\":[\"volume:640e592b-bd09-44b8-a184-178d05770bf3\"],\"source\":null,\"targetSiteId\":null,\"viewMode\":\"large\",\"limit\":\"1\",\"selectionLabel\":\"Veuillez ajouter une image\",\"localizeRelations\":false}','2018-12-04 00:03:58','2019-07-04 18:30:11','57968f03-c454-4171-9d82-75e61cb50cd2'),(59,2,'Titre ','accordionTitle','global','',1,'none',NULL,'craft\\fields\\PlainText','{\"placeholder\":\"\",\"code\":\"\",\"multiline\":\"\",\"initialRows\":\"4\",\"charLimit\":\"\",\"columnType\":\"text\"}','2018-12-04 02:27:07','2018-12-04 02:27:07','36888990-8b54-4878-9841-c2156549c6e7'),(60,8,'Par défaut | Image','defaultImage','global','',1,'site',NULL,'craft\\fields\\Assets','{\"useSingleFolder\":\"\",\"defaultUploadLocationSource\":\"volume:91c26a36-2b39-48a6-8254-80a6f5d8af34\",\"defaultUploadLocationSubpath\":\"\",\"singleUploadLocationSource\":\"volume:91c26a36-2b39-48a6-8254-80a6f5d8af34\",\"singleUploadLocationSubpath\":\"\",\"restrictFiles\":\"1\",\"allowedKinds\":[\"image\"],\"sources\":[\"volume:640e592b-bd09-44b8-a184-178d05770bf3\"],\"source\":null,\"targetSiteId\":null,\"viewMode\":\"large\",\"limit\":\"1\",\"selectionLabel\":\"Veuillez choisir une image\",\"localizeRelations\":false}','2018-12-04 03:20:10','2019-07-04 18:30:11','a666b0f6-0237-4728-8089-ea7f76199376'),(61,13,'Date d\'entrée en fonction','jobDateEntry','global','',1,'none',NULL,'craft\\fields\\PlainText','{\"placeholder\":\"\",\"code\":\"\",\"multiline\":\"\",\"initialRows\":\"4\",\"charLimit\":\"\",\"columnType\":\"text\"}','2018-12-04 03:26:39','2018-12-04 03:26:39','0a8fcf21-1e95-41ad-aae7-0d6d5e3f4d06'),(62,13,'Nombre de Poste(s)','jobNumberJobs','global','',1,'none',NULL,'craft\\fields\\Number','{\"defaultValue\":null,\"min\":\"0\",\"max\":null,\"decimals\":0,\"size\":null}','2018-12-04 03:27:53','2018-12-04 03:27:53','2c92b0bd-148d-4670-8df3-23c5a8e95c1a'),(63,13,'Salaire','jobSalary','global','',1,'none',NULL,'craft\\fields\\PlainText','{\"placeholder\":\"\",\"code\":\"\",\"multiline\":\"\",\"initialRows\":\"4\",\"charLimit\":\"\",\"columnType\":\"text\"}','2018-12-04 03:28:16','2018-12-04 03:28:16','f3249975-fe98-4978-bc48-deac12755a8e'),(64,13,'Horaire de travail','jobWorTimetable','global','',1,'none',NULL,'craft\\fields\\PlainText','{\"placeholder\":\"\",\"code\":\"\",\"multiline\":\"\",\"initialRows\":\"4\",\"charLimit\":\"\",\"columnType\":\"text\"}','2018-12-04 03:28:45','2018-12-04 03:28:45','c0340ea2-9c27-4c4d-9347-d93f0a153eb1'),(65,13,'Statut de l\'emploi','jobEmploymentStatus','global','',1,'none',NULL,'craft\\fields\\PlainText','{\"placeholder\":\"\",\"code\":\"\",\"multiline\":\"\",\"initialRows\":\"4\",\"charLimit\":\"\",\"columnType\":\"text\"}','2018-12-04 03:29:27','2018-12-04 03:29:27','ddfeb45d-25b8-4eef-9ef9-3b8cc2df6ee3'),(66,13,'Quart de travail','jobShift','global','',1,'none',NULL,'craft\\fields\\PlainText','{\"placeholder\":\"\",\"code\":\"\",\"multiline\":\"\",\"initialRows\":\"4\",\"charLimit\":\"\",\"columnType\":\"text\"}','2018-12-04 03:30:05','2018-12-04 03:30:05','5b12c28d-9470-4166-9188-eb357d3616f4'),(67,13,'Responsabilités','jobResponsabilities','global','',1,'none',NULL,'craft\\redactor\\Field','{\"redactorConfig\":\"\",\"purifierConfig\":\"\",\"purifyHtml\":\"1\",\"columnType\":\"text\",\"availableVolumes\":\"\",\"availableTransforms\":\"\",\"removeInlineStyles\":\"1\",\"removeEmptyTags\":\"1\",\"removeNbsp\":\"1\"}','2018-12-04 03:54:36','2019-07-04 18:32:55','f376f94a-c025-455e-bef5-7671ca17a212'),(68,13,'Niveau d\'études','jobLevelStudies','global','',1,'none',NULL,'craft\\fields\\PlainText','{\"placeholder\":\"\",\"code\":\"\",\"multiline\":\"\",\"initialRows\":\"4\",\"charLimit\":\"\",\"columnType\":\"text\"}','2018-12-04 04:11:28','2018-12-04 04:11:28','af141b2e-7600-4398-9fe5-86fde3083b8a'),(69,13,'Diplôme','jobDiploma','global','',1,'none',NULL,'craft\\fields\\PlainText','{\"placeholder\":\"\",\"code\":\"\",\"multiline\":\"\",\"initialRows\":\"4\",\"charLimit\":\"\",\"columnType\":\"text\"}','2018-12-04 04:14:22','2018-12-04 04:14:22','e8887f84-3013-4e68-8056-a53661571de5'),(70,13,'Années d\'expérience','jobYearsExperience','global','',1,'none',NULL,'craft\\fields\\PlainText','{\"placeholder\":\"\",\"code\":\"\",\"multiline\":\"\",\"initialRows\":\"4\",\"charLimit\":\"\",\"columnType\":\"text\"}','2018-12-04 04:15:01','2018-12-04 04:15:01','359393ff-f409-4278-b4af-f6ba31deb669'),(71,13,'Exigences','jobRequirements','global','',1,'none',NULL,'craft\\redactor\\Field','{\"redactorConfig\":\"\",\"purifierConfig\":\"\",\"purifyHtml\":\"1\",\"columnType\":\"text\",\"availableVolumes\":\"\",\"availableTransforms\":\"\",\"removeInlineStyles\":\"1\",\"removeEmptyTags\":\"1\",\"removeNbsp\":\"1\"}','2018-12-04 04:17:08','2019-07-04 18:32:55','09cbcb5a-a7b8-45ff-b7a1-825ca9222a02'),(72,13,'Compétences recherchées','jobSkillSought','global','',1,'none',NULL,'craft\\redactor\\Field','{\"redactorConfig\":\"\",\"purifierConfig\":\"\",\"purifyHtml\":\"1\",\"columnType\":\"text\",\"availableVolumes\":\"\",\"availableTransforms\":\"*\",\"removeInlineStyles\":\"1\",\"removeEmptyTags\":\"1\",\"removeNbsp\":\"1\"}','2018-12-04 04:27:37','2019-07-04 18:32:55','e291220e-ec2e-44af-b2f4-14497f421a16'),(73,8,'Formulaire - Carrière | Image','formCareerImage','global','',1,'site',NULL,'craft\\fields\\Assets','{\"useSingleFolder\":\"\",\"defaultUploadLocationSource\":\"volume:91c26a36-2b39-48a6-8254-80a6f5d8af34\",\"defaultUploadLocationSubpath\":\"\",\"singleUploadLocationSource\":\"volume:91c26a36-2b39-48a6-8254-80a6f5d8af34\",\"singleUploadLocationSubpath\":\"\",\"restrictFiles\":\"\",\"allowedKinds\":null,\"sources\":[\"volume:640e592b-bd09-44b8-a184-178d05770bf3\"],\"source\":null,\"targetSiteId\":null,\"viewMode\":\"list\",\"limit\":\"\",\"selectionLabel\":\"\",\"localizeRelations\":false}','2018-12-04 05:25:09','2019-07-04 18:30:11','65329633-6a2e-48da-b90c-42bcb22102b0'),(74,8,'Formulaire - Nous joindre | Image','formContactImage','global','',1,'site',NULL,'craft\\fields\\Assets','{\"useSingleFolder\":\"\",\"defaultUploadLocationSource\":\"volume:91c26a36-2b39-48a6-8254-80a6f5d8af34\",\"defaultUploadLocationSubpath\":\"\",\"singleUploadLocationSource\":\"volume:91c26a36-2b39-48a6-8254-80a6f5d8af34\",\"singleUploadLocationSubpath\":\"\",\"restrictFiles\":\"1\",\"allowedKinds\":[\"image\"],\"sources\":[\"volume:640e592b-bd09-44b8-a184-178d05770bf3\"],\"source\":null,\"targetSiteId\":null,\"viewMode\":\"large\",\"limit\":\"1\",\"selectionLabel\":\"Veuillez ajouter une image\",\"localizeRelations\":false}','2018-12-05 15:32:12','2019-07-04 18:30:11','94d06e0d-526e-4d46-a148-0970a48d8a6e'),(75,8,'Suivi en milieu ouvert | Adresse','globalOpenEnvironmentAddress','global','',1,'none',NULL,'craft\\redactor\\Field','{\"redactorConfig\":\"Simple.json\",\"purifierConfig\":\"\",\"purifyHtml\":\"1\",\"columnType\":\"text\",\"availableVolumes\":\"*\",\"availableTransforms\":\"*\",\"removeInlineStyles\":\"1\",\"removeEmptyTags\":\"1\",\"removeNbsp\":\"1\"}','2018-12-05 16:56:15','2019-07-04 18:32:55','81ec68ad-e3c9-48c2-87c1-86f7e491e66b'),(76,8,'Suivi en milieu ouvert | Téléphone','globalOpenEnvironmentPhone','global','',1,'none',NULL,'craft\\fields\\PlainText','{\"placeholder\":\"\",\"code\":\"\",\"multiline\":\"\",\"initialRows\":\"4\",\"charLimit\":\"\",\"columnType\":\"text\"}','2018-12-05 16:56:45','2018-12-05 16:56:45','90e3fe66-d29f-4c9b-b565-b8dbc4b79183'),(77,8,'Suivi en milieu ouvert | Télécopieur','globalOpenEnvironmentFax','global','',1,'none',NULL,'craft\\fields\\PlainText','{\"placeholder\":\"\",\"code\":\"\",\"multiline\":\"\",\"initialRows\":\"4\",\"charLimit\":\"\",\"columnType\":\"text\"}','2018-12-05 16:57:06','2018-12-05 16:57:06','65bb533b-7665-4bf3-99b3-505c26f15040'),(78,8,'Suivi en milieu ouvert | Courriel','globalOpenEnvironmentEmail','global','',1,'none',NULL,'craft\\fields\\Email','{\"placeholder\":\"\"}','2018-12-05 16:57:45','2018-12-05 16:58:05','3e6a7207-4117-499e-ae70-47a4bff2a7df'),(79,6,'Lieu','activitiesPlace','global','',1,'none',NULL,'craft\\fields\\PlainText','{\"placeholder\":\"\",\"code\":\"\",\"multiline\":\"\",\"initialRows\":\"4\",\"charLimit\":\"\",\"columnType\":\"text\"}','2018-12-05 19:59:23','2018-12-05 19:59:23','a14d7b11-99de-4241-9e49-27f7204ecaa2'),(80,6,'Plus de renseignements','activitiesDetail','global','',1,'none',NULL,'craft\\redactor\\Field','{\"redactorConfig\":\"\",\"purifierConfig\":\"\",\"purifyHtml\":\"1\",\"columnType\":\"text\",\"availableVolumes\":\"*\",\"availableTransforms\":\"*\",\"removeInlineStyles\":\"1\",\"removeEmptyTags\":\"1\",\"removeNbsp\":\"1\"}','2018-12-05 19:59:51','2019-07-04 18:32:55','22432504-e813-4b7b-9118-cd5cbfda604f'),(81,6,'Coût','activitiesCost','global','',1,'none',NULL,'craft\\fields\\PlainText','{\"placeholder\":\"\",\"code\":\"\",\"multiline\":\"\",\"initialRows\":\"4\",\"charLimit\":\"\",\"columnType\":\"text\"}','2018-12-05 20:00:36','2018-12-05 20:00:36','e48066db-996d-4d56-a23a-c3dfcd568db3'),(82,6,'Heure de fin','activitiesEnd','global','',1,'none',NULL,'craft\\fields\\Date','{\"showDate\":false,\"showTime\":true,\"minuteIncrement\":\"30\"}','2018-12-05 20:14:06','2018-12-05 20:14:06','bd7b72de-5ab2-4a38-aae2-493b4673bae3'),(83,8,'Formulaire - Activités | Image','formActivitiesImage','global','',1,'site',NULL,'craft\\fields\\Assets','{\"useSingleFolder\":\"\",\"defaultUploadLocationSource\":\"volume:91c26a36-2b39-48a6-8254-80a6f5d8af34\",\"defaultUploadLocationSubpath\":\"\",\"singleUploadLocationSource\":\"volume:91c26a36-2b39-48a6-8254-80a6f5d8af34\",\"singleUploadLocationSubpath\":\"\",\"restrictFiles\":\"1\",\"allowedKinds\":[\"image\"],\"sources\":[\"volume:640e592b-bd09-44b8-a184-178d05770bf3\"],\"source\":null,\"targetSiteId\":null,\"viewMode\":\"list\",\"limit\":\"1\",\"selectionLabel\":\"\",\"localizeRelations\":false}','2018-12-05 21:21:06','2019-07-04 18:30:11','c0ea599f-9e7f-42c1-b724-69716bd9f423'),(84,2,'Liste','pageFilesList','global','',1,'site',NULL,'craft\\fields\\Matrix','{\"minBlocks\":\"\",\"maxBlocks\":\"\",\"contentTable\":\"{{%matrixcontent_pagefileslist}}\",\"localizeBlocks\":false}','2018-12-10 20:11:22','2018-12-10 20:20:34','77157164-72bd-4d9c-bf00-d35de5c5bade'),(85,NULL,'Titre de la section','pageFilesListTitle','matrixBlockType:db5299c4-d63b-455b-a701-1e09b93412ea','',1,'none',NULL,'craft\\fields\\PlainText','{\"placeholder\":\"\",\"code\":\"\",\"multiline\":\"\",\"initialRows\":\"4\",\"charLimit\":\"\",\"columnType\":\"text\"}','2018-12-10 20:11:22','2018-12-10 20:20:34','7fe42713-c1e3-45d4-a0b8-7dfa5654bbd6'),(86,NULL,'Liste de fichier','pageFilesListFiles','matrixBlockType:db5299c4-d63b-455b-a701-1e09b93412ea','',1,'site',NULL,'craft\\fields\\Assets','{\"useSingleFolder\":\"\",\"defaultUploadLocationSource\":\"volume:91c26a36-2b39-48a6-8254-80a6f5d8af34\",\"defaultUploadLocationSubpath\":\"\",\"singleUploadLocationSource\":\"volume:91c26a36-2b39-48a6-8254-80a6f5d8af34\",\"singleUploadLocationSubpath\":\"\",\"restrictFiles\":\"\",\"allowedKinds\":null,\"sources\":[\"volume:91c26a36-2b39-48a6-8254-80a6f5d8af34\"],\"source\":null,\"targetSiteId\":null,\"viewMode\":\"large\",\"limit\":\"\",\"selectionLabel\":\"Veuillez ajouter des fichiers\",\"localizeRelations\":false}','2018-12-10 20:11:22','2019-07-04 18:30:11','f8d27755-1af3-4e49-9771-40e4c1bac9d3'),(87,2,'Titre','programTitle','global','',1,'none',NULL,'craft\\fields\\PlainText','{\"placeholder\":\"\",\"code\":\"\",\"multiline\":\"\",\"initialRows\":\"4\",\"charLimit\":\"\",\"columnType\":\"text\"}','2018-12-14 08:29:46','2018-12-14 08:29:46','ba88f38e-7bfe-48ee-9f50-74bbcad52808'),(88,4,'Activités lien','activitiesLink','global','',1,'none',NULL,'typedlinkfield\\fields\\LinkField','{\"allowCustomText\":\"\",\"allowedLinkNames\":{\"2\":\"entry\",\"3\":\"asset\",\"8\":\"tel\"},\"allowTarget\":\"\",\"defaultLinkName\":\"entry\",\"defaultText\":\"\",\"enableAriaLabel\":\"\",\"enableTitle\":\"\",\"typeSettings\":{\"category\":{\"sources\":\"*\"},\"entry\":{\"sources\":\"*\"},\"asset\":{\"sources\":\"*\"},\"site\":{\"sites\":\"*\"},\"user\":{\"sources\":\"*\"},\"custom\":{\"disableValidation\":\"\",\"allowAliases\":\"\"},\"email\":{\"disableValidation\":\"\",\"allowAliases\":\"\"},\"tel\":{\"disableValidation\":\"\",\"allowAliases\":\"\"},\"url\":{\"disableValidation\":\"\",\"allowAliases\":\"\"}}}','2018-12-14 09:06:06','2018-12-14 09:06:06','a85a919a-21ca-430f-8819-fcec8e28a9d8'),(89,8,'Carrière | Page','careerPage','global','',1,'none',NULL,'typedlinkfield\\fields\\LinkField','{\"allowCustomText\":\"\",\"allowedLinkNames\":{\"2\":\"entry\"},\"allowTarget\":\"\",\"defaultLinkName\":\"entry\",\"defaultText\":\"\",\"enableAriaLabel\":\"\",\"enableTitle\":\"\",\"typeSettings\":{\"category\":{\"sources\":\"*\"},\"entry\":{\"sources\":\"*\"},\"asset\":{\"sources\":\"*\"},\"site\":{\"sites\":\"*\"},\"user\":{\"sources\":\"*\"},\"custom\":{\"disableValidation\":\"\",\"allowAliases\":\"\"},\"email\":{\"disableValidation\":\"\",\"allowAliases\":\"\"},\"tel\":{\"disableValidation\":\"\",\"allowAliases\":\"\"},\"url\":{\"disableValidation\":\"\",\"allowAliases\":\"\"}}}','2019-01-07 21:45:37','2019-01-07 21:45:37','4647b97b-740f-4dc0-9c37-ca36275e32c6'),(90,8,'Activités | Bannière','activitiesBanner','global','',1,'site',NULL,'craft\\fields\\Assets','{\"useSingleFolder\":\"\",\"defaultUploadLocationSource\":\"volume:91c26a36-2b39-48a6-8254-80a6f5d8af34\",\"defaultUploadLocationSubpath\":\"\",\"singleUploadLocationSource\":\"volume:91c26a36-2b39-48a6-8254-80a6f5d8af34\",\"singleUploadLocationSubpath\":\"\",\"restrictFiles\":\"1\",\"allowedKinds\":[\"image\"],\"sources\":[\"volume:640e592b-bd09-44b8-a184-178d05770bf3\"],\"source\":null,\"targetSiteId\":null,\"viewMode\":\"list\",\"limit\":\"1\",\"selectionLabel\":\"\",\"localizeRelations\":false}','2019-01-08 00:47:09','2019-07-04 18:30:11','f4a08d50-fd06-4dea-b1d2-bc0cf8526746'),(91,8,'Fax 2','globaFaxTwo','global','',1,'none',NULL,'craft\\fields\\PlainText','{\"placeholder\":\"\",\"code\":\"\",\"multiline\":\"\",\"initialRows\":\"4\",\"charLimit\":\"\",\"columnType\":\"text\"}','2019-01-08 03:32:29','2019-01-08 03:32:29','8c5c0669-f910-4624-a32d-f6f4db95b9e9'),(92,7,'Liste complète des partenaires','completListPartners','global','',1,'site',NULL,'craft\\fields\\Assets','{\"useSingleFolder\":\"\",\"defaultUploadLocationSource\":\"volume:91c26a36-2b39-48a6-8254-80a6f5d8af34\",\"defaultUploadLocationSubpath\":\"\",\"singleUploadLocationSource\":\"volume:91c26a36-2b39-48a6-8254-80a6f5d8af34\",\"singleUploadLocationSubpath\":\"\",\"restrictFiles\":\"1\",\"allowedKinds\":[\"image\"],\"sources\":[\"volume:640e592b-bd09-44b8-a184-178d05770bf3\"],\"source\":null,\"targetSiteId\":null,\"viewMode\":\"large\",\"limit\":\"\",\"selectionLabel\":\"\",\"localizeRelations\":false}','2019-07-04 16:49:30','2019-07-04 18:30:11','316c2bb4-de24-4ca9-ab93-fda1ab54e7c5'),(93,8,'Lien','imagesLink','global','',1,'none',NULL,'craft\\fields\\Url','{\"placeholder\":\"\"}','2019-07-04 16:50:51','2019-07-04 16:50:51','cf295532-6e56-4955-a1df-5335d171f892');
/*!40000 ALTER TABLE `fields` ENABLE KEYS */;
UNLOCK TABLES;
commit;

--
-- Dumping data for table `globalsets`
--

LOCK TABLES `globalsets` WRITE;
/*!40000 ALTER TABLE `globalsets` DISABLE KEYS */;
set autocommit=0;
INSERT INTO `globalsets` VALUES (57,'Informations globales','global',25,'2018-11-30 16:34:32','2019-01-08 00:51:18','2c0e7e5e-c2bf-4510-9fbf-5ed8d59d5740');
/*!40000 ALTER TABLE `globalsets` ENABLE KEYS */;
UNLOCK TABLES;
commit;

--
-- Dumping data for table `info`
--

LOCK TABLES `info` WRITE;
/*!40000 ALTER TABLE `info` DISABLE KEYS */;
set autocommit=0;
INSERT INTO `info` VALUES (1,'3.1.33','3.1.28',0,'{\"dateModified\":1562265175,\"siteGroups\":{\"000c15f6-a601-4ded-9c85-595f698b15cd\":{\"name\":\"Painchaud\"}},\"sites\":{\"f0279bc7-47c0-4423-b733-8a8df86a510f\":{\"name\":\"CRC Maison Paincaud\",\"handle\":\"default\",\"language\":\"fr\",\"hasUrls\":true,\"baseUrl\":\"http://painchaud.test/\",\"sortOrder\":1,\"primary\":true,\"siteGroup\":\"000c15f6-a601-4ded-9c85-595f698b15cd\"}},\"sections\":{\"2368e738-77e3-48af-ad89-7d6c9145730f\":{\"name\":\"Menu utilitaire\",\"handle\":\"menuSecondary\",\"type\":\"structure\",\"enableVersioning\":true,\"propagateEntries\":true,\"structure\":{\"uid\":\"37589ce4-0f6e-47fc-a807-8d0d6b1b0875\",\"maxLevels\":null},\"entryTypes\":{\"72ed1e16-193a-486e-852b-8588c060c6f1\":{\"name\":\"Menu utilitaire\",\"handle\":\"menuSecondary\",\"hasTitleField\":true,\"titleLabel\":\"Titre\",\"titleFormat\":null,\"sortOrder\":1,\"fieldLayouts\":{\"12e04a7a-ebf1-4e0f-893d-bd9e6b071409\":{\"tabs\":[{\"name\":\"1| Lien\",\"sortOrder\":1,\"fields\":{\"5177670c-6655-439b-90ef-dbd63fd648fc\":{\"required\":false,\"sortOrder\":1}}}]}}}},\"siteSettings\":{\"f0279bc7-47c0-4423-b733-8a8df86a510f\":{\"enabledByDefault\":true,\"hasUrls\":false,\"uriFormat\":null,\"template\":null}}},\"2b25c7a9-c9d3-4826-910e-5efce4ef17aa\":{\"name\":\"Liste des activités\",\"handle\":\"activities\",\"type\":\"structure\",\"enableVersioning\":true,\"propagateEntries\":true,\"structure\":{\"uid\":\"17eedc78-efc8-4f39-b53c-6d23f0183145\",\"maxLevels\":null},\"entryTypes\":{\"81ef9cc6-e5a2-43f7-9dcd-0450935d171f\":{\"name\":\"Activités\",\"handle\":\"activities\",\"hasTitleField\":true,\"titleLabel\":\"Titre\",\"titleFormat\":null,\"sortOrder\":1,\"fieldLayouts\":{\"514ec872-db1d-4de0-ba4a-f099384e9c10\":{\"tabs\":[{\"name\":\"1| Info de base\",\"sortOrder\":1,\"fields\":{\"22432504-e813-4b7b-9118-cd5cbfda604f\":{\"required\":false,\"sortOrder\":7},\"2ffc0c7e-1039-4788-a803-fa37dd80b6d4\":{\"required\":false,\"sortOrder\":1},\"5934cf9f-7ada-49d9-b906-d7f4bc75ab88\":{\"required\":false,\"sortOrder\":2},\"a14d7b11-99de-4241-9e49-27f7204ecaa2\":{\"required\":false,\"sortOrder\":5},\"bd7b72de-5ab2-4a38-aae2-493b4673bae3\":{\"required\":false,\"sortOrder\":4},\"d2370c21-d87b-40d4-9b64-803f634e7adc\":{\"required\":false,\"sortOrder\":3},\"e48066db-996d-4d56-a23a-c3dfcd568db3\":{\"required\":false,\"sortOrder\":6}}},{\"name\":\"Tab 2\",\"sortOrder\":2,\"fields\":{\"a3095a17-abd6-40ee-9815-ef5b38bf3bdb\":{\"required\":false,\"sortOrder\":2},\"ba959364-17ad-4430-9598-0d0a540296cf\":{\"required\":false,\"sortOrder\":1}}}]}}}},\"siteSettings\":{\"f0279bc7-47c0-4423-b733-8a8df86a510f\":{\"enabledByDefault\":true,\"hasUrls\":true,\"uriFormat\":\"activites/{activitiesCategories.one().slug}/{slug}\",\"template\":\"_activities/entry\"}}},\"30a1ce4b-b05a-449c-9cf1-2ac83d156f5d\":{\"name\":\"Partenaires\",\"handle\":\"partners\",\"type\":\"single\",\"enableVersioning\":true,\"propagateEntries\":true,\"entryTypes\":{\"a1428717-3601-4fee-bcf0-cf5ab82c4764\":{\"name\":\"Partenaires\",\"handle\":\"partners\",\"hasTitleField\":false,\"titleLabel\":null,\"titleFormat\":\"{section.name|raw}\",\"sortOrder\":1,\"fieldLayouts\":{\"a2d029a2-94ff-4d6d-b6ab-d4abbb9fc0e0\":{\"tabs\":[{\"name\":\"Tab 2\",\"sortOrder\":1,\"fields\":{\"b10e2f59-5a40-43ff-9b15-2887981f8422\":{\"required\":false,\"sortOrder\":1}}},{\"name\":\"Tab 1\",\"sortOrder\":2,\"fields\":{\"316c2bb4-de24-4ca9-ab93-fda1ab54e7c5\":{\"required\":false,\"sortOrder\":1}}}]}}}},\"siteSettings\":{\"f0279bc7-47c0-4423-b733-8a8df86a510f\":{\"enabledByDefault\":true,\"hasUrls\":true,\"uriFormat\":\"partenaires\",\"template\":\"_pages/partners\"}}},\"48d1ad7c-a386-43a0-bf36-b2f9c7f6b98a\":{\"name\":\"Critères d\'admission\",\"handle\":\"admissionCriteria\",\"type\":\"single\",\"enableVersioning\":true,\"propagateEntries\":true,\"entryTypes\":{\"1f816dc3-b36c-4511-8d4f-8dc36e36e7bb\":{\"name\":\"Critères d\'admission\",\"handle\":\"admissionCriteria\",\"hasTitleField\":true,\"titleLabel\":\"Titre\",\"titleFormat\":null,\"sortOrder\":1,\"fieldLayouts\":{\"330aadd3-edf4-4847-9790-d086e17a90a6\":{\"tabs\":[{\"name\":\"1| En-tête\",\"sortOrder\":1,\"fields\":{\"b10e2f59-5a40-43ff-9b15-2887981f8422\":{\"required\":false,\"sortOrder\":1}}},{\"name\":\"Tab 2\",\"sortOrder\":2,\"fields\":{\"57968f03-c454-4171-9d82-75e61cb50cd2\":{\"required\":false,\"sortOrder\":3},\"a3095a17-abd6-40ee-9815-ef5b38bf3bdb\":{\"required\":false,\"sortOrder\":2},\"ba959364-17ad-4430-9598-0d0a540296cf\":{\"required\":false,\"sortOrder\":1}}},{\"name\":\"Tab 3\",\"sortOrder\":3,\"fields\":{\"0c7c48dd-36e3-40b5-a34e-bdc788222a27\":{\"required\":false,\"sortOrder\":1}}}]}}}},\"siteSettings\":{\"f0279bc7-47c0-4423-b733-8a8df86a510f\":{\"enabledByDefault\":true,\"hasUrls\":true,\"uriFormat\":\"criteres-dadmission\",\"template\":\"_pages/admission-criteria\"}}},\"631be873-0b20-419a-9f4a-57fdafdbf662\":{\"name\":\"Menu principal\",\"handle\":\"menuMain\",\"type\":\"structure\",\"enableVersioning\":true,\"propagateEntries\":true,\"structure\":{\"uid\":\"abd96c39-5538-4d2f-a886-a2eeff70517e\",\"maxLevels\":null},\"entryTypes\":{\"eae9997b-0648-4a38-9506-9abcf9498303\":{\"name\":\"Menu principal\",\"handle\":\"menuMain\",\"hasTitleField\":true,\"titleLabel\":\"Titre\",\"titleFormat\":null,\"sortOrder\":1,\"fieldLayouts\":{\"b0782ca3-274a-4ee8-aefe-1a3e08984e2a\":{\"tabs\":[{\"name\":\"1| Lien\",\"sortOrder\":1,\"fields\":{\"5177670c-6655-439b-90ef-dbd63fd648fc\":{\"required\":false,\"sortOrder\":1}}}]}}}},\"siteSettings\":{\"f0279bc7-47c0-4423-b733-8a8df86a510f\":{\"enabledByDefault\":true,\"hasUrls\":false,\"uriFormat\":null,\"template\":null}}},\"7e44e799-052a-4846-83b8-6d68f359b15e\":{\"name\":\"Postes disponibles\",\"handle\":\"availablePositions\",\"type\":\"structure\",\"enableVersioning\":true,\"propagateEntries\":true,\"structure\":{\"uid\":\"959ef78c-7d91-4ac3-b9c3-86aaebdfa02f\",\"maxLevels\":null},\"entryTypes\":{\"79abd8f1-30b6-4062-9e1d-235bfe7cdac2\":{\"name\":\"Postes disponibles\",\"handle\":\"availablePositions\",\"hasTitleField\":true,\"titleLabel\":\"Titre\",\"titleFormat\":null,\"sortOrder\":1,\"fieldLayouts\":{\"be6f0619-c890-4af8-a47e-388a9ec79e91\":{\"tabs\":[{\"name\":\"1| Info primaire\",\"sortOrder\":1,\"fields\":{\"0a8fcf21-1e95-41ad-aae7-0d6d5e3f4d06\":{\"required\":false,\"sortOrder\":1},\"2c92b0bd-148d-4670-8df3-23c5a8e95c1a\":{\"required\":false,\"sortOrder\":2},\"5b12c28d-9470-4166-9188-eb357d3616f4\":{\"required\":false,\"sortOrder\":6},\"c0340ea2-9c27-4c4d-9347-d93f0a153eb1\":{\"required\":false,\"sortOrder\":4},\"ddfeb45d-25b8-4eef-9ef9-3b8cc2df6ee3\":{\"required\":false,\"sortOrder\":5},\"f3249975-fe98-4978-bc48-deac12755a8e\":{\"required\":false,\"sortOrder\":3}}},{\"name\":\"2| Responsabilités\",\"sortOrder\":2,\"fields\":{\"f376f94a-c025-455e-bef5-7671ca17a212\":{\"required\":false,\"sortOrder\":1}}},{\"name\":\"3| Exigences\",\"sortOrder\":3,\"fields\":{\"09cbcb5a-a7b8-45ff-b7a1-825ca9222a02\":{\"required\":false,\"sortOrder\":4},\"359393ff-f409-4278-b4af-f6ba31deb669\":{\"required\":false,\"sortOrder\":3},\"af141b2e-7600-4398-9fe5-86fde3083b8a\":{\"required\":false,\"sortOrder\":1},\"e8887f84-3013-4e68-8056-a53661571de5\":{\"required\":false,\"sortOrder\":2}}},{\"name\":\"4| Compétences recherchées\",\"sortOrder\":4,\"fields\":{\"e291220e-ec2e-44af-b2f4-14497f421a16\":{\"required\":false,\"sortOrder\":1}}}]}}}},\"siteSettings\":{\"f0279bc7-47c0-4423-b733-8a8df86a510f\":{\"enabledByDefault\":true,\"hasUrls\":true,\"uriFormat\":\"carrieres/{slug}\",\"template\":\"_careers/entry\"}}},\"8f6b865c-5735-4346-a497-f2565e0ec881\":{\"name\":\"Documentation\",\"handle\":\"documentation\",\"type\":\"single\",\"enableVersioning\":true,\"propagateEntries\":true,\"entryTypes\":{\"8b057263-eb23-46a8-ad9c-95c8a5c364a4\":{\"name\":\"Documentation\",\"handle\":\"documentation\",\"hasTitleField\":false,\"titleLabel\":null,\"titleFormat\":\"{section.name|raw}\",\"sortOrder\":1,\"fieldLayouts\":{\"a602ab49-b877-4d1c-a848-a30c5cd57825\":{\"tabs\":[{\"name\":\"1| En-tête\",\"sortOrder\":1,\"fields\":{\"b10e2f59-5a40-43ff-9b15-2887981f8422\":{\"required\":false,\"sortOrder\":1}}},{\"name\":\"2| Fichiers\",\"sortOrder\":2,\"fields\":{\"77157164-72bd-4d9c-bf00-d35de5c5bade\":{\"required\":false,\"sortOrder\":1}}}]}}}},\"siteSettings\":{\"f0279bc7-47c0-4423-b733-8a8df86a510f\":{\"enabledByDefault\":true,\"hasUrls\":true,\"uriFormat\":\"documentation\",\"template\":\"_pages/documentation\"}}},\"a7c97e84-2423-42a0-884f-f5139bba2644\":{\"name\":\"Activités\",\"handle\":\"activitesSingle\",\"type\":\"single\",\"enableVersioning\":true,\"propagateEntries\":true,\"entryTypes\":{\"d7f653de-f361-452d-8b79-1b30b3c90daa\":{\"name\":\"Activités\",\"handle\":\"activitesSingle\",\"hasTitleField\":false,\"titleLabel\":null,\"titleFormat\":\"{section.name|raw}\",\"sortOrder\":1,\"fieldLayouts\":{\"c49ee75d-e9a8-4b70-8fd4-71902da48403\":{\"tabs\":[{\"name\":\"1| En-tête\",\"sortOrder\":1,\"fields\":{\"b10e2f59-5a40-43ff-9b15-2887981f8422\":{\"required\":false,\"sortOrder\":1}}},{\"name\":\"2| Contenu\",\"sortOrder\":2,\"fields\":{\"a3095a17-abd6-40ee-9815-ef5b38bf3bdb\":{\"required\":false,\"sortOrder\":2},\"ba959364-17ad-4430-9598-0d0a540296cf\":{\"required\":false,\"sortOrder\":1}}}]}}}},\"siteSettings\":{\"f0279bc7-47c0-4423-b733-8a8df86a510f\":{\"enabledByDefault\":true,\"hasUrls\":true,\"uriFormat\":\"activites\",\"template\":\"_pages/activities\"}}},\"b525bdc2-6c87-4962-8728-30592e7348f5\":{\"name\":\"Carrières\",\"handle\":\"Careers\",\"type\":\"single\",\"enableVersioning\":true,\"propagateEntries\":true,\"entryTypes\":{\"d5c10c13-6e03-4045-8767-cd6738a88578\":{\"name\":\"Carrières\",\"handle\":\"Careers\",\"hasTitleField\":false,\"titleLabel\":null,\"titleFormat\":\"{section.name|raw}\",\"sortOrder\":1,\"fieldLayouts\":{\"2d6c3a71-5f90-4bb4-aad8-f47dc9a9afdd\":{\"tabs\":[{\"name\":\"1| En-tête\",\"sortOrder\":1,\"fields\":{\"b10e2f59-5a40-43ff-9b15-2887981f8422\":{\"required\":false,\"sortOrder\":1}}},{\"name\":\"2| Contenu\",\"sortOrder\":2,\"fields\":{\"a3095a17-abd6-40ee-9815-ef5b38bf3bdb\":{\"required\":false,\"sortOrder\":2},\"ba959364-17ad-4430-9598-0d0a540296cf\":{\"required\":false,\"sortOrder\":1}}},{\"name\":\"3| Opportunités\",\"sortOrder\":3,\"fields\":{\"143ee622-014a-4e19-8ced-167280c3df48\":{\"required\":false,\"sortOrder\":2},\"36888990-8b54-4878-9841-c2156549c6e7\":{\"required\":false,\"sortOrder\":1}}},{\"name\":\"4| Liste de fichiers\",\"sortOrder\":4,\"fields\":{\"0c7c48dd-36e3-40b5-a34e-bdc788222a27\":{\"required\":false,\"sortOrder\":1}}}]}}}},\"siteSettings\":{\"f0279bc7-47c0-4423-b733-8a8df86a510f\":{\"enabledByDefault\":true,\"hasUrls\":true,\"uriFormat\":\"carrieres\",\"template\":\"_pages/careers\"}}},\"c831850c-a555-491a-8416-76afacddca90\":{\"name\":\"À propos\",\"handle\":\"about\",\"type\":\"single\",\"enableVersioning\":true,\"propagateEntries\":true,\"entryTypes\":{\"a1c2d427-0ea0-4af3-a602-df4db1856810\":{\"name\":\"À propos\",\"handle\":\"about\",\"hasTitleField\":true,\"titleLabel\":\"Titre\",\"titleFormat\":null,\"sortOrder\":1,\"fieldLayouts\":{\"3f61a14f-c7f8-4034-934c-d79a3a184d5f\":{\"tabs\":[{\"name\":\"1| En-tête\",\"sortOrder\":1,\"fields\":{\"b10e2f59-5a40-43ff-9b15-2887981f8422\":{\"required\":false,\"sortOrder\":1}}},{\"name\":\"2| Contenu\",\"sortOrder\":2,\"fields\":{\"7e24e16c-92b9-49f6-9c6f-04db3c6e0503\":{\"required\":false,\"sortOrder\":2},\"bc9a9dc1-8786-4814-81d7-a8b979099fb6\":{\"required\":false,\"sortOrder\":3},\"c9edc812-2a29-414f-8839-cd036d79906e\":{\"required\":false,\"sortOrder\":1}}},{\"name\":\"3| Équipe\",\"sortOrder\":3,\"fields\":{\"64b56046-db2b-4f8a-bb4f-24730238925c\":{\"required\":false,\"sortOrder\":2},\"a092dfd8-19a7-4f4f-81de-fcee0f968c94\":{\"required\":false,\"sortOrder\":3},\"fa62d2aa-04ac-4574-b64e-1998a1e5410f\":{\"required\":false,\"sortOrder\":1}}},{\"name\":\"4| Galerie d\'images\",\"sortOrder\":4,\"fields\":{\"2e9fb74d-fafa-4b25-9131-9ca731b9e9ee\":{\"required\":false,\"sortOrder\":2},\"c19250b9-e590-475b-ad2d-7a54bbb6a58e\":{\"required\":false,\"sortOrder\":1}}}]}}}},\"siteSettings\":{\"f0279bc7-47c0-4423-b733-8a8df86a510f\":{\"enabledByDefault\":true,\"hasUrls\":true,\"uriFormat\":\"a-propos\",\"template\":\"_pages/about\"}}},\"cca7a3e2-402c-469a-8210-ccad381a5c22\":{\"name\":\"Nous joindre\",\"handle\":\"contactUs\",\"type\":\"single\",\"enableVersioning\":true,\"propagateEntries\":true,\"entryTypes\":{\"ef2b962e-0d92-4776-bc43-8aae47c43214\":{\"name\":\"Nous joindre\",\"handle\":\"contactUs\",\"hasTitleField\":false,\"titleLabel\":null,\"titleFormat\":\"{section.name|raw}\",\"sortOrder\":1,\"fieldLayouts\":{\"1de348f3-9039-4783-92c5-0b699c52cc27\":{\"tabs\":[{\"name\":\"1| En-tête\",\"sortOrder\":1,\"fields\":{\"b10e2f59-5a40-43ff-9b15-2887981f8422\":{\"required\":false,\"sortOrder\":1}}}]}}}},\"siteSettings\":{\"f0279bc7-47c0-4423-b733-8a8df86a510f\":{\"enabledByDefault\":true,\"hasUrls\":true,\"uriFormat\":\"nous-joindre\",\"template\":\"_pages/contact-us\"}}},\"dbb2ace7-c57b-4848-b6e5-16c7c15cc757\":{\"name\":\"Programmaton et services\",\"handle\":\"programmatonServices\",\"type\":\"structure\",\"enableVersioning\":true,\"propagateEntries\":true,\"structure\":{\"uid\":\"a28ab406-11e7-4369-8e04-ef1499c59953\",\"maxLevels\":null},\"entryTypes\":{\"7b8f1d88-3149-4a6b-8bb8-c6007137da45\":{\"name\":\"Programmaton et services\",\"handle\":\"programmatonServices\",\"hasTitleField\":true,\"titleLabel\":\"Titre\",\"titleFormat\":null,\"sortOrder\":1,\"fieldLayouts\":{\"e94ee8eb-c171-4b9e-ab7c-67c14ba69b89\":{\"tabs\":[{\"name\":\"1| En-tête\",\"sortOrder\":1,\"fields\":{\"2ffc0c7e-1039-4788-a803-fa37dd80b6d4\":{\"required\":false,\"sortOrder\":3},\"b10e2f59-5a40-43ff-9b15-2887981f8422\":{\"required\":false,\"sortOrder\":2},\"ba88f38e-7bfe-48ee-9f50-74bbcad52808\":{\"required\":false,\"sortOrder\":1}}},{\"name\":\"2| Contenu #1\",\"sortOrder\":2,\"fields\":{\"a3095a17-abd6-40ee-9815-ef5b38bf3bdb\":{\"required\":false,\"sortOrder\":2},\"ba959364-17ad-4430-9598-0d0a540296cf\":{\"required\":false,\"sortOrder\":1}}},{\"name\":\"3| Contenu #2\",\"sortOrder\":3,\"fields\":{\"f3b2edbe-8e7c-41d0-aa83-db02af7d1967\":{\"required\":false,\"sortOrder\":1},\"f9474c5f-3a9e-4ac0-ace0-2f603c117e69\":{\"required\":false,\"sortOrder\":2}}},{\"name\":\"4| Accordéon\",\"sortOrder\":4,\"fields\":{\"143ee622-014a-4e19-8ced-167280c3df48\":{\"required\":false,\"sortOrder\":1}}},{\"name\":\"5| Fichiers\",\"sortOrder\":5,\"fields\":{\"0c7c48dd-36e3-40b5-a34e-bdc788222a27\":{\"required\":false,\"sortOrder\":1}}}]}}}},\"siteSettings\":{\"f0279bc7-47c0-4423-b733-8a8df86a510f\":{\"enabledByDefault\":true,\"hasUrls\":true,\"uriFormat\":\"programmaton-services/{slug}\",\"template\":\"_programmaton-services/entry\"}}},\"f6d958e4-c6b6-4913-a0ef-2486ac4eb6bd\":{\"name\":\"Accueil\",\"handle\":\"home\",\"type\":\"single\",\"enableVersioning\":true,\"propagateEntries\":true,\"entryTypes\":{\"6d80604f-59b4-4ba9-a604-2c9aa471c403\":{\"name\":\"Accueil\",\"handle\":\"home\",\"hasTitleField\":false,\"titleLabel\":null,\"titleFormat\":\"{section.name|raw}\",\"sortOrder\":1,\"fieldLayouts\":{\"883a6506-9267-4cd5-8350-f2c6c1d97a55\":{\"tabs\":[{\"name\":\"1| En-tête\",\"sortOrder\":1,\"fields\":{\"4ac986e3-e26f-4f3d-ac08-a826ecdfa60c\":{\"required\":false,\"sortOrder\":2},\"6d464b46-0838-487a-ae49-b809d24ca61c\":{\"required\":false,\"sortOrder\":3},\"b10e2f59-5a40-43ff-9b15-2887981f8422\":{\"required\":false,\"sortOrder\":1}}},{\"name\":\"2| Contenu\",\"sortOrder\":2,\"fields\":{\"8f9c7ac8-6ff0-40d6-b256-69ca9e9e7828\":{\"required\":false,\"sortOrder\":1},\"f33ead61-0406-4a0b-8814-b43e310fa07d\":{\"required\":false,\"sortOrder\":2},\"ff0a3e3d-f0df-4fe4-8690-07679313767a\":{\"required\":false,\"sortOrder\":3}}},{\"name\":\"3| Partenaires\",\"sortOrder\":3,\"fields\":{\"000da5b9-a82e-4d83-85d9-8916bc6bf581\":{\"required\":false,\"sortOrder\":1}}}]}}}},\"siteSettings\":{\"f0279bc7-47c0-4423-b733-8a8df86a510f\":{\"enabledByDefault\":true,\"hasUrls\":true,\"uriFormat\":\"__home__\",\"template\":\"_pages/home\"}}}},\"fieldGroups\":{\"23f03284-1f5a-4bd5-a4a3-40e10cd07fd4\":{\"name\":\"Jobs\"},\"2fbb9a86-2245-4666-bf0a-2c0b79c5419b\":{\"name\":\"Component | Content\"},\"33060bbd-c503-45f7-8e79-ce49e64611e9\":{\"name\":\"Component | Title and Text\"},\"387b29e3-5f01-47e6-8da2-30c7eecfdd2e\":{\"name\":\"Global\"},\"48554185-9626-42e0-a312-2f842430ead2\":{\"name\":\"Bannière\"},\"6ad9de33-f824-43c8-b312-3b44b66282f5\":{\"name\":\"Partenaires\"},\"9c30481c-39cd-439a-8a07-6a1d0e24988e\":{\"name\":\"Component - Team\"},\"a054ea24-8495-4331-a494-85a4f398d686\":{\"name\":\"Menu\"},\"aa1ddff0-7749-402e-8050-5eb7eec6a412\":{\"name\":\"Actvities\"},\"c60c6d85-b1e0-4c26-b801-b41547f555eb\":{\"name\":\"Component | Image and Text\"},\"e4a767d9-ddfe-4342-9039-3c24715ecc1b\":{\"name\":\"Component | Gallery\"},\"f9cb7b37-4041-4b1e-91bf-a01c57351d21\":{\"name\":\"Component\"}},\"fields\":{\"000da5b9-a82e-4d83-85d9-8916bc6bf581\":{\"name\":\"Partenaires\",\"handle\":\"partners\",\"instructions\":\"\",\"searchable\":true,\"translationMethod\":\"site\",\"translationKeyFormat\":null,\"type\":\"craft\\\\fields\\\\Matrix\",\"settings\":{\"minBlocks\":\"\",\"maxBlocks\":\"\",\"contentTable\":\"{{%matrixcontent_partners}}\",\"localizeBlocks\":false},\"fieldGroup\":\"6ad9de33-f824-43c8-b312-3b44b66282f5\",\"contentColumnType\":\"string\"},\"09cbcb5a-a7b8-45ff-b7a1-825ca9222a02\":{\"name\":\"Exigences\",\"handle\":\"jobRequirements\",\"instructions\":\"\",\"searchable\":true,\"translationMethod\":\"none\",\"translationKeyFormat\":null,\"type\":\"craft\\\\redactor\\\\Field\",\"settings\":{\"redactorConfig\":\"\",\"purifierConfig\":\"\",\"purifyHtml\":\"1\",\"columnType\":\"text\",\"availableVolumes\":\"\",\"availableTransforms\":\"\",\"removeInlineStyles\":\"1\",\"removeEmptyTags\":\"1\",\"removeNbsp\":\"1\"},\"fieldGroup\":\"23f03284-1f5a-4bd5-a4a3-40e10cd07fd4\",\"contentColumnType\":\"text\"},\"0a8fcf21-1e95-41ad-aae7-0d6d5e3f4d06\":{\"name\":\"Date d\'entrée en fonction\",\"handle\":\"jobDateEntry\",\"instructions\":\"\",\"searchable\":true,\"translationMethod\":\"none\",\"translationKeyFormat\":null,\"type\":\"craft\\\\fields\\\\PlainText\",\"settings\":{\"placeholder\":\"\",\"code\":\"\",\"multiline\":\"\",\"initialRows\":\"4\",\"charLimit\":\"\",\"columnType\":\"text\"},\"fieldGroup\":\"23f03284-1f5a-4bd5-a4a3-40e10cd07fd4\",\"contentColumnType\":\"text\"},\"0c7c48dd-36e3-40b5-a34e-bdc788222a27\":{\"name\":\"Liste de fichier(s)\",\"handle\":\"pageFiles\",\"instructions\":\"\",\"searchable\":true,\"translationMethod\":\"site\",\"translationKeyFormat\":null,\"type\":\"craft\\\\fields\\\\Assets\",\"settings\":{\"useSingleFolder\":\"\",\"defaultUploadLocationSource\":\"volume:91c26a36-2b39-48a6-8254-80a6f5d8af34\",\"defaultUploadLocationSubpath\":\"\",\"singleUploadLocationSource\":\"volume:91c26a36-2b39-48a6-8254-80a6f5d8af34\",\"singleUploadLocationSubpath\":\"\",\"restrictFiles\":\"1\",\"allowedKinds\":[\"pdf\"],\"sources\":[\"volume:91c26a36-2b39-48a6-8254-80a6f5d8af34\"],\"source\":null,\"targetSiteId\":null,\"viewMode\":\"list\",\"limit\":\"\",\"selectionLabel\":\"Veuillez ajouter un ou plusieurs fichier(s)\",\"localizeRelations\":false},\"fieldGroup\":\"f9cb7b37-4041-4b1e-91bf-a01c57351d21\",\"contentColumnType\":\"string\"},\"143ee622-014a-4e19-8ced-167280c3df48\":{\"name\":\"Accordéon\",\"handle\":\"accordionv2\",\"instructions\":\"\",\"searchable\":\"1\",\"translationMethod\":\"site\",\"translationKeyFormat\":null,\"type\":\"verbb\\\\supertable\\\\fields\\\\SuperTableField\",\"settings\":{\"minRows\":\"\",\"maxRows\":\"\",\"localizeBlocks\":false,\"staticField\":\"\",\"columns\":{\"57\":{\"width\":\"\"},\"51\":{\"width\":\"\"}},\"contentTable\":\"{{%stc_accordionv2}}\",\"fieldLayout\":\"matrix\",\"selectionLabel\":\"Ajouter un élément\"},\"fieldGroup\":\"f9cb7b37-4041-4b1e-91bf-a01c57351d21\",\"contentColumnType\":\"string\"},\"22432504-e813-4b7b-9118-cd5cbfda604f\":{\"name\":\"Plus de renseignements\",\"handle\":\"activitiesDetail\",\"instructions\":\"\",\"searchable\":true,\"translationMethod\":\"none\",\"translationKeyFormat\":null,\"type\":\"craft\\\\redactor\\\\Field\",\"settings\":{\"redactorConfig\":\"\",\"purifierConfig\":\"\",\"purifyHtml\":\"1\",\"columnType\":\"text\",\"availableVolumes\":\"*\",\"availableTransforms\":\"*\",\"removeInlineStyles\":\"1\",\"removeEmptyTags\":\"1\",\"removeNbsp\":\"1\"},\"fieldGroup\":\"aa1ddff0-7749-402e-8050-5eb7eec6a412\",\"contentColumnType\":\"text\"},\"2a3920df-b48f-45cc-a583-4ba5d782ea44\":{\"name\":\"Téléphone\",\"handle\":\"globalPhone\",\"instructions\":\"\",\"searchable\":true,\"translationMethod\":\"none\",\"translationKeyFormat\":null,\"type\":\"craft\\\\fields\\\\PlainText\",\"settings\":{\"placeholder\":\"\",\"code\":\"\",\"multiline\":\"\",\"initialRows\":\"4\",\"charLimit\":\"\",\"columnType\":\"text\"},\"fieldGroup\":\"387b29e3-5f01-47e6-8da2-30c7eecfdd2e\",\"contentColumnType\":\"text\"},\"2c92b0bd-148d-4670-8df3-23c5a8e95c1a\":{\"name\":\"Nombre de Poste(s)\",\"handle\":\"jobNumberJobs\",\"instructions\":\"\",\"searchable\":true,\"translationMethod\":\"none\",\"translationKeyFormat\":null,\"type\":\"craft\\\\fields\\\\Number\",\"settings\":{\"defaultValue\":null,\"min\":\"0\",\"max\":null,\"decimals\":0,\"size\":null},\"fieldGroup\":\"23f03284-1f5a-4bd5-a4a3-40e10cd07fd4\",\"contentColumnType\":\"integer(10)\"},\"2e9fb74d-fafa-4b25-9131-9ca731b9e9ee\":{\"name\":\"Galerie d\'images\",\"handle\":\"galleryImages\",\"instructions\":\"\",\"searchable\":true,\"translationMethod\":\"site\",\"translationKeyFormat\":null,\"type\":\"craft\\\\fields\\\\Assets\",\"settings\":{\"useSingleFolder\":\"\",\"defaultUploadLocationSource\":\"volume:91c26a36-2b39-48a6-8254-80a6f5d8af34\",\"defaultUploadLocationSubpath\":\"\",\"singleUploadLocationSource\":\"volume:91c26a36-2b39-48a6-8254-80a6f5d8af34\",\"singleUploadLocationSubpath\":\"\",\"restrictFiles\":\"1\",\"allowedKinds\":[\"image\"],\"sources\":[\"volume:640e592b-bd09-44b8-a184-178d05770bf3\"],\"source\":null,\"targetSiteId\":null,\"viewMode\":\"large\",\"limit\":\"\",\"selectionLabel\":\"Veuillez ajouter des images\",\"localizeRelations\":false},\"fieldGroup\":\"e4a767d9-ddfe-4342-9039-3c24715ecc1b\",\"contentColumnType\":\"string\"},\"2ffc0c7e-1039-4788-a803-fa37dd80b6d4\":{\"name\":\"thumbnailImage\",\"handle\":\"imageThumbnail\",\"instructions\":\"\",\"searchable\":true,\"translationMethod\":\"site\",\"translationKeyFormat\":null,\"type\":\"craft\\\\fields\\\\Assets\",\"settings\":{\"useSingleFolder\":\"\",\"defaultUploadLocationSource\":\"volume:91c26a36-2b39-48a6-8254-80a6f5d8af34\",\"defaultUploadLocationSubpath\":\"\",\"singleUploadLocationSource\":\"volume:91c26a36-2b39-48a6-8254-80a6f5d8af34\",\"singleUploadLocationSubpath\":\"\",\"restrictFiles\":\"1\",\"allowedKinds\":[\"image\"],\"sources\":[\"volume:640e592b-bd09-44b8-a184-178d05770bf3\"],\"source\":null,\"targetSiteId\":null,\"viewMode\":\"large\",\"limit\":\"1\",\"selectionLabel\":\"Veuillez ajouter une image\",\"localizeRelations\":false},\"fieldGroup\":\"48554185-9626-42e0-a312-2f842430ead2\",\"contentColumnType\":\"string\"},\"316c2bb4-de24-4ca9-ab93-fda1ab54e7c5\":{\"name\":\"Liste complète des partenaires\",\"handle\":\"completListPartners\",\"instructions\":\"\",\"searchable\":true,\"translationMethod\":\"site\",\"translationKeyFormat\":null,\"type\":\"craft\\\\fields\\\\Assets\",\"settings\":{\"useSingleFolder\":\"\",\"defaultUploadLocationSource\":\"volume:91c26a36-2b39-48a6-8254-80a6f5d8af34\",\"defaultUploadLocationSubpath\":\"\",\"singleUploadLocationSource\":\"volume:91c26a36-2b39-48a6-8254-80a6f5d8af34\",\"singleUploadLocationSubpath\":\"\",\"restrictFiles\":\"1\",\"allowedKinds\":[\"image\"],\"sources\":[\"volume:640e592b-bd09-44b8-a184-178d05770bf3\"],\"source\":null,\"targetSiteId\":null,\"viewMode\":\"large\",\"limit\":\"\",\"selectionLabel\":\"\",\"localizeRelations\":false},\"fieldGroup\":\"6ad9de33-f824-43c8-b312-3b44b66282f5\",\"contentColumnType\":\"string\"},\"359393ff-f409-4278-b4af-f6ba31deb669\":{\"name\":\"Années d\'expérience\",\"handle\":\"jobYearsExperience\",\"instructions\":\"\",\"searchable\":true,\"translationMethod\":\"none\",\"translationKeyFormat\":null,\"type\":\"craft\\\\fields\\\\PlainText\",\"settings\":{\"placeholder\":\"\",\"code\":\"\",\"multiline\":\"\",\"initialRows\":\"4\",\"charLimit\":\"\",\"columnType\":\"text\"},\"fieldGroup\":\"23f03284-1f5a-4bd5-a4a3-40e10cd07fd4\",\"contentColumnType\":\"text\"},\"36888990-8b54-4878-9841-c2156549c6e7\":{\"name\":\"Titre \",\"handle\":\"accordionTitle\",\"instructions\":\"\",\"searchable\":true,\"translationMethod\":\"none\",\"translationKeyFormat\":null,\"type\":\"craft\\\\fields\\\\PlainText\",\"settings\":{\"placeholder\":\"\",\"code\":\"\",\"multiline\":\"\",\"initialRows\":\"4\",\"charLimit\":\"\",\"columnType\":\"text\"},\"fieldGroup\":\"f9cb7b37-4041-4b1e-91bf-a01c57351d21\",\"contentColumnType\":\"text\"},\"3e6a7207-4117-499e-ae70-47a4bff2a7df\":{\"name\":\"Suivi en milieu ouvert | Courriel\",\"handle\":\"globalOpenEnvironmentEmail\",\"instructions\":\"\",\"searchable\":true,\"translationMethod\":\"none\",\"translationKeyFormat\":null,\"type\":\"craft\\\\fields\\\\Email\",\"settings\":{\"placeholder\":\"\"},\"fieldGroup\":\"387b29e3-5f01-47e6-8da2-30c7eecfdd2e\",\"contentColumnType\":\"string\"},\"4647b97b-740f-4dc0-9c37-ca36275e32c6\":{\"name\":\"Carrière | Page\",\"handle\":\"careerPage\",\"instructions\":\"\",\"searchable\":true,\"translationMethod\":\"none\",\"translationKeyFormat\":null,\"type\":\"typedlinkfield\\\\fields\\\\LinkField\",\"settings\":{\"allowCustomText\":\"\",\"allowedLinkNames\":{\"2\":\"entry\"},\"allowTarget\":\"\",\"defaultLinkName\":\"entry\",\"defaultText\":\"\",\"enableAriaLabel\":\"\",\"enableTitle\":\"\",\"typeSettings\":{\"category\":{\"sources\":\"*\"},\"entry\":{\"sources\":\"*\"},\"asset\":{\"sources\":\"*\"},\"site\":{\"sites\":\"*\"},\"user\":{\"sources\":\"*\"},\"custom\":{\"disableValidation\":\"\",\"allowAliases\":\"\"},\"email\":{\"disableValidation\":\"\",\"allowAliases\":\"\"},\"tel\":{\"disableValidation\":\"\",\"allowAliases\":\"\"},\"url\":{\"disableValidation\":\"\",\"allowAliases\":\"\"}}},\"fieldGroup\":\"387b29e3-5f01-47e6-8da2-30c7eecfdd2e\",\"contentColumnType\":\"text\"},\"4ac986e3-e26f-4f3d-ac08-a826ecdfa60c\":{\"name\":\"Titre ligne 1\",\"handle\":\"bannerTitleLineOne\",\"instructions\":\"\",\"searchable\":true,\"translationMethod\":\"none\",\"translationKeyFormat\":null,\"type\":\"craft\\\\fields\\\\PlainText\",\"settings\":{\"placeholder\":\"\",\"code\":\"\",\"multiline\":\"\",\"initialRows\":\"4\",\"charLimit\":\"\",\"columnType\":\"text\"},\"fieldGroup\":\"48554185-9626-42e0-a312-2f842430ead2\",\"contentColumnType\":\"text\"},\"4c7282fc-8046-49c8-bab8-a0eb14324eaa\":{\"name\":\"Télécopieur\",\"handle\":\"globalFax\",\"instructions\":\"\",\"searchable\":true,\"translationMethod\":\"none\",\"translationKeyFormat\":null,\"type\":\"craft\\\\fields\\\\PlainText\",\"settings\":{\"placeholder\":\"\",\"code\":\"\",\"multiline\":\"\",\"initialRows\":\"4\",\"charLimit\":\"\",\"columnType\":\"text\"},\"fieldGroup\":\"387b29e3-5f01-47e6-8da2-30c7eecfdd2e\",\"contentColumnType\":\"text\"},\"5177670c-6655-439b-90ef-dbd63fd648fc\":{\"name\":\"Lien\",\"handle\":\"menuLink\",\"instructions\":\"\",\"searchable\":true,\"translationMethod\":\"none\",\"translationKeyFormat\":null,\"type\":\"typedlinkfield\\\\fields\\\\LinkField\",\"settings\":{\"allowCustomText\":\"\",\"allowedLinkNames\":{\"2\":\"entry\",\"9\":\"url\"},\"allowTarget\":\"\",\"defaultLinkName\":\"entry\",\"defaultText\":\"\",\"enableAriaLabel\":\"\",\"enableTitle\":\"\",\"typeSettings\":{\"category\":{\"sources\":\"*\"},\"entry\":{\"sources\":\"*\"},\"asset\":{\"sources\":\"*\"},\"site\":{\"sites\":\"*\"},\"user\":{\"sources\":\"*\"},\"custom\":{\"disableValidation\":\"\",\"allowAliases\":\"\"},\"email\":{\"disableValidation\":\"\",\"allowAliases\":\"\"},\"tel\":{\"disableValidation\":\"\",\"allowAliases\":\"\"},\"url\":{\"disableValidation\":\"\",\"allowAliases\":\"\"}}},\"fieldGroup\":\"a054ea24-8495-4331-a494-85a4f398d686\",\"contentColumnType\":\"text\"},\"57968f03-c454-4171-9d82-75e61cb50cd2\":{\"name\":\"Image\",\"handle\":\"content1Image\",\"instructions\":\"\",\"searchable\":true,\"translationMethod\":\"site\",\"translationKeyFormat\":null,\"type\":\"craft\\\\fields\\\\Assets\",\"settings\":{\"useSingleFolder\":\"\",\"defaultUploadLocationSource\":\"volume:640e592b-bd09-44b8-a184-178d05770bf3\",\"defaultUploadLocationSubpath\":\"\",\"singleUploadLocationSource\":\"volume:91c26a36-2b39-48a6-8254-80a6f5d8af34\",\"singleUploadLocationSubpath\":\"\",\"restrictFiles\":\"1\",\"allowedKinds\":[\"image\"],\"sources\":[\"volume:640e592b-bd09-44b8-a184-178d05770bf3\"],\"source\":null,\"targetSiteId\":null,\"viewMode\":\"large\",\"limit\":\"1\",\"selectionLabel\":\"Veuillez ajouter une image\",\"localizeRelations\":false},\"fieldGroup\":\"2fbb9a86-2245-4666-bf0a-2c0b79c5419b\",\"contentColumnType\":\"string\"},\"5934cf9f-7ada-49d9-b906-d7f4bc75ab88\":{\"name\":\"Catégories\",\"handle\":\"activitiesCategories\",\"instructions\":\"\",\"searchable\":true,\"translationMethod\":\"site\",\"translationKeyFormat\":null,\"type\":\"craft\\\\fields\\\\Categories\",\"settings\":{\"branchLimit\":\"1\",\"sources\":\"*\",\"source\":\"group:046dc3f8-222f-474e-9c00-c4c8ce11c089\",\"targetSiteId\":null,\"viewMode\":null,\"limit\":null,\"selectionLabel\":\"Veuillez choisir une catégorie\",\"localizeRelations\":false},\"fieldGroup\":\"aa1ddff0-7749-402e-8050-5eb7eec6a412\",\"contentColumnType\":\"string\"},\"5b12c28d-9470-4166-9188-eb357d3616f4\":{\"name\":\"Quart de travail\",\"handle\":\"jobShift\",\"instructions\":\"\",\"searchable\":true,\"translationMethod\":\"none\",\"translationKeyFormat\":null,\"type\":\"craft\\\\fields\\\\PlainText\",\"settings\":{\"placeholder\":\"\",\"code\":\"\",\"multiline\":\"\",\"initialRows\":\"4\",\"charLimit\":\"\",\"columnType\":\"text\"},\"fieldGroup\":\"23f03284-1f5a-4bd5-a4a3-40e10cd07fd4\",\"contentColumnType\":\"text\"},\"64b56046-db2b-4f8a-bb4f-24730238925c\":{\"name\":\"Contenu\",\"handle\":\"teamContent\",\"instructions\":\"\",\"searchable\":true,\"translationMethod\":\"none\",\"translationKeyFormat\":null,\"type\":\"craft\\\\redactor\\\\Field\",\"settings\":{\"redactorConfig\":\"\",\"purifierConfig\":\"\",\"purifyHtml\":\"1\",\"columnType\":\"text\",\"availableVolumes\":\"*\",\"availableTransforms\":\"*\",\"removeInlineStyles\":\"1\",\"removeEmptyTags\":\"1\",\"removeNbsp\":\"1\"},\"fieldGroup\":\"9c30481c-39cd-439a-8a07-6a1d0e24988e\",\"contentColumnType\":\"text\"},\"65329633-6a2e-48da-b90c-42bcb22102b0\":{\"name\":\"Formulaire - Carrière | Image\",\"handle\":\"formCareerImage\",\"instructions\":\"\",\"searchable\":true,\"translationMethod\":\"site\",\"translationKeyFormat\":null,\"type\":\"craft\\\\fields\\\\Assets\",\"settings\":{\"useSingleFolder\":\"\",\"defaultUploadLocationSource\":\"volume:91c26a36-2b39-48a6-8254-80a6f5d8af34\",\"defaultUploadLocationSubpath\":\"\",\"singleUploadLocationSource\":\"volume:91c26a36-2b39-48a6-8254-80a6f5d8af34\",\"singleUploadLocationSubpath\":\"\",\"restrictFiles\":\"\",\"allowedKinds\":null,\"sources\":[\"volume:640e592b-bd09-44b8-a184-178d05770bf3\"],\"source\":null,\"targetSiteId\":null,\"viewMode\":\"list\",\"limit\":\"\",\"selectionLabel\":\"\",\"localizeRelations\":false},\"fieldGroup\":\"387b29e3-5f01-47e6-8da2-30c7eecfdd2e\",\"contentColumnType\":\"string\"},\"65bb533b-7665-4bf3-99b3-505c26f15040\":{\"name\":\"Suivi en milieu ouvert | Télécopieur\",\"handle\":\"globalOpenEnvironmentFax\",\"instructions\":\"\",\"searchable\":true,\"translationMethod\":\"none\",\"translationKeyFormat\":null,\"type\":\"craft\\\\fields\\\\PlainText\",\"settings\":{\"placeholder\":\"\",\"code\":\"\",\"multiline\":\"\",\"initialRows\":\"4\",\"charLimit\":\"\",\"columnType\":\"text\"},\"fieldGroup\":\"387b29e3-5f01-47e6-8da2-30c7eecfdd2e\",\"contentColumnType\":\"text\"},\"6d464b46-0838-487a-ae49-b809d24ca61c\":{\"name\":\"Titre ligne 2\",\"handle\":\"bannerTitleLineTwo\",\"instructions\":\"\",\"searchable\":true,\"translationMethod\":\"none\",\"translationKeyFormat\":null,\"type\":\"craft\\\\fields\\\\PlainText\",\"settings\":{\"placeholder\":\"\",\"code\":\"\",\"multiline\":\"\",\"initialRows\":\"4\",\"charLimit\":\"\",\"columnType\":\"text\"},\"fieldGroup\":\"48554185-9626-42e0-a312-2f842430ead2\",\"contentColumnType\":\"text\"},\"77157164-72bd-4d9c-bf00-d35de5c5bade\":{\"name\":\"Liste\",\"handle\":\"pageFilesList\",\"instructions\":\"\",\"searchable\":true,\"translationMethod\":\"site\",\"translationKeyFormat\":null,\"type\":\"craft\\\\fields\\\\Matrix\",\"settings\":{\"minBlocks\":\"\",\"maxBlocks\":\"\",\"contentTable\":\"{{%matrixcontent_pagefileslist}}\",\"localizeBlocks\":false},\"fieldGroup\":\"f9cb7b37-4041-4b1e-91bf-a01c57351d21\",\"contentColumnType\":\"string\"},\"7c01065a-8851-4005-98a7-4dd95a6952ab\":{\"name\":\"Adresse\",\"handle\":\"globalAddress\",\"instructions\":\"\",\"searchable\":true,\"translationMethod\":\"none\",\"translationKeyFormat\":null,\"type\":\"craft\\\\redactor\\\\Field\",\"settings\":{\"redactorConfig\":\"Simple.json\",\"purifierConfig\":\"\",\"purifyHtml\":\"1\",\"columnType\":\"text\",\"availableVolumes\":\"\",\"availableTransforms\":\"\",\"removeInlineStyles\":\"1\",\"removeEmptyTags\":\"1\",\"removeNbsp\":\"1\"},\"fieldGroup\":\"387b29e3-5f01-47e6-8da2-30c7eecfdd2e\",\"contentColumnType\":\"text\"},\"7e24e16c-92b9-49f6-9c6f-04db3c6e0503\":{\"name\":\"Titre\",\"handle\":\"citTitle\",\"instructions\":\"\",\"searchable\":true,\"translationMethod\":\"none\",\"translationKeyFormat\":null,\"type\":\"craft\\\\fields\\\\PlainText\",\"settings\":{\"placeholder\":\"\",\"code\":\"\",\"multiline\":\"\",\"initialRows\":\"4\",\"charLimit\":\"\",\"columnType\":\"text\"},\"fieldGroup\":\"c60c6d85-b1e0-4c26-b801-b41547f555eb\",\"contentColumnType\":\"text\"},\"7f72c319-c7a4-4fd4-b423-6ca9135e502d\":{\"name\":\"Accordéon\",\"handle\":\"accordion\",\"instructions\":\"\",\"searchable\":true,\"translationMethod\":\"site\",\"translationKeyFormat\":null,\"type\":\"craft\\\\fields\\\\Matrix\",\"settings\":{\"minBlocks\":\"\",\"maxBlocks\":\"1\",\"contentTable\":\"{{%matrixcontent_accordion}}\",\"localizeBlocks\":false},\"fieldGroup\":\"f9cb7b37-4041-4b1e-91bf-a01c57351d21\",\"contentColumnType\":\"string\"},\"81ec68ad-e3c9-48c2-87c1-86f7e491e66b\":{\"name\":\"Suivi en milieu ouvert | Adresse\",\"handle\":\"globalOpenEnvironmentAddress\",\"instructions\":\"\",\"searchable\":true,\"translationMethod\":\"none\",\"translationKeyFormat\":null,\"type\":\"craft\\\\redactor\\\\Field\",\"settings\":{\"redactorConfig\":\"Simple.json\",\"purifierConfig\":\"\",\"purifyHtml\":\"1\",\"columnType\":\"text\",\"availableVolumes\":\"*\",\"availableTransforms\":\"*\",\"removeInlineStyles\":\"1\",\"removeEmptyTags\":\"1\",\"removeNbsp\":\"1\"},\"fieldGroup\":\"387b29e3-5f01-47e6-8da2-30c7eecfdd2e\",\"contentColumnType\":\"text\"},\"8c5c0669-f910-4624-a32d-f6f4db95b9e9\":{\"name\":\"Fax 2\",\"handle\":\"globaFaxTwo\",\"instructions\":\"\",\"searchable\":true,\"translationMethod\":\"none\",\"translationKeyFormat\":null,\"type\":\"craft\\\\fields\\\\PlainText\",\"settings\":{\"placeholder\":\"\",\"code\":\"\",\"multiline\":\"\",\"initialRows\":\"4\",\"charLimit\":\"\",\"columnType\":\"text\"},\"fieldGroup\":\"387b29e3-5f01-47e6-8da2-30c7eecfdd2e\",\"contentColumnType\":\"text\"},\"8f9c7ac8-6ff0-40d6-b256-69ca9e9e7828\":{\"name\":\"Titre\",\"handle\":\"cttTitle\",\"instructions\":\"\",\"searchable\":true,\"translationMethod\":\"none\",\"translationKeyFormat\":null,\"type\":\"craft\\\\fields\\\\PlainText\",\"settings\":{\"placeholder\":\"\",\"code\":\"\",\"multiline\":\"\",\"initialRows\":\"4\",\"charLimit\":\"\",\"columnType\":\"text\"},\"fieldGroup\":\"33060bbd-c503-45f7-8e79-ce49e64611e9\",\"contentColumnType\":\"text\"},\"90e3fe66-d29f-4c9b-b565-b8dbc4b79183\":{\"name\":\"Suivi en milieu ouvert | Téléphone\",\"handle\":\"globalOpenEnvironmentPhone\",\"instructions\":\"\",\"searchable\":true,\"translationMethod\":\"none\",\"translationKeyFormat\":null,\"type\":\"craft\\\\fields\\\\PlainText\",\"settings\":{\"placeholder\":\"\",\"code\":\"\",\"multiline\":\"\",\"initialRows\":\"4\",\"charLimit\":\"\",\"columnType\":\"text\"},\"fieldGroup\":\"387b29e3-5f01-47e6-8da2-30c7eecfdd2e\",\"contentColumnType\":\"text\"},\"94d06e0d-526e-4d46-a148-0970a48d8a6e\":{\"name\":\"Formulaire - Nous joindre | Image\",\"handle\":\"formContactImage\",\"instructions\":\"\",\"searchable\":true,\"translationMethod\":\"site\",\"translationKeyFormat\":null,\"type\":\"craft\\\\fields\\\\Assets\",\"settings\":{\"useSingleFolder\":\"\",\"defaultUploadLocationSource\":\"volume:91c26a36-2b39-48a6-8254-80a6f5d8af34\",\"defaultUploadLocationSubpath\":\"\",\"singleUploadLocationSource\":\"volume:91c26a36-2b39-48a6-8254-80a6f5d8af34\",\"singleUploadLocationSubpath\":\"\",\"restrictFiles\":\"1\",\"allowedKinds\":[\"image\"],\"sources\":[\"volume:640e592b-bd09-44b8-a184-178d05770bf3\"],\"source\":null,\"targetSiteId\":null,\"viewMode\":\"large\",\"limit\":\"1\",\"selectionLabel\":\"Veuillez ajouter une image\",\"localizeRelations\":false},\"fieldGroup\":\"387b29e3-5f01-47e6-8da2-30c7eecfdd2e\",\"contentColumnType\":\"string\"},\"a092dfd8-19a7-4f4f-81de-fcee0f968c94\":{\"name\":\"Membres de l\'équipe\",\"handle\":\"teamMember\",\"instructions\":\"\",\"searchable\":true,\"translationMethod\":\"site\",\"translationKeyFormat\":null,\"type\":\"craft\\\\fields\\\\Matrix\",\"settings\":{\"minBlocks\":\"\",\"maxBlocks\":\"\",\"contentTable\":\"{{%matrixcontent_teammember}}\",\"localizeBlocks\":false},\"fieldGroup\":\"9c30481c-39cd-439a-8a07-6a1d0e24988e\",\"contentColumnType\":\"string\"},\"a14d7b11-99de-4241-9e49-27f7204ecaa2\":{\"name\":\"Lieu\",\"handle\":\"activitiesPlace\",\"instructions\":\"\",\"searchable\":true,\"translationMethod\":\"none\",\"translationKeyFormat\":null,\"type\":\"craft\\\\fields\\\\PlainText\",\"settings\":{\"placeholder\":\"\",\"code\":\"\",\"multiline\":\"\",\"initialRows\":\"4\",\"charLimit\":\"\",\"columnType\":\"text\"},\"fieldGroup\":\"aa1ddff0-7749-402e-8050-5eb7eec6a412\",\"contentColumnType\":\"text\"},\"a3095a17-abd6-40ee-9815-ef5b38bf3bdb\":{\"name\":\"Contenu\",\"handle\":\"content1Text\",\"instructions\":\"\",\"searchable\":true,\"translationMethod\":\"none\",\"translationKeyFormat\":null,\"type\":\"craft\\\\redactor\\\\Field\",\"settings\":{\"redactorConfig\":\"\",\"purifierConfig\":\"\",\"purifyHtml\":\"1\",\"columnType\":\"text\",\"availableVolumes\":\"*\",\"availableTransforms\":\"*\",\"removeInlineStyles\":\"1\",\"removeEmptyTags\":\"1\",\"removeNbsp\":\"1\"},\"fieldGroup\":\"2fbb9a86-2245-4666-bf0a-2c0b79c5419b\",\"contentColumnType\":\"text\"},\"a666b0f6-0237-4728-8089-ea7f76199376\":{\"name\":\"Par défaut | Image\",\"handle\":\"defaultImage\",\"instructions\":\"\",\"searchable\":true,\"translationMethod\":\"site\",\"translationKeyFormat\":null,\"type\":\"craft\\\\fields\\\\Assets\",\"settings\":{\"useSingleFolder\":\"\",\"defaultUploadLocationSource\":\"volume:91c26a36-2b39-48a6-8254-80a6f5d8af34\",\"defaultUploadLocationSubpath\":\"\",\"singleUploadLocationSource\":\"volume:91c26a36-2b39-48a6-8254-80a6f5d8af34\",\"singleUploadLocationSubpath\":\"\",\"restrictFiles\":\"1\",\"allowedKinds\":[\"image\"],\"sources\":[\"volume:640e592b-bd09-44b8-a184-178d05770bf3\"],\"source\":null,\"targetSiteId\":null,\"viewMode\":\"large\",\"limit\":\"1\",\"selectionLabel\":\"Veuillez choisir une image\",\"localizeRelations\":false},\"fieldGroup\":\"387b29e3-5f01-47e6-8da2-30c7eecfdd2e\",\"contentColumnType\":\"string\"},\"a84cdcea-f96f-4b18-b22b-d2e7b16e14d2\":{\"name\":\"Google Maps\",\"handle\":\"globalGM\",\"instructions\":\"\",\"searchable\":true,\"translationMethod\":\"none\",\"translationKeyFormat\":null,\"type\":\"typedlinkfield\\\\fields\\\\LinkField\",\"settings\":{\"allowCustomText\":\"1\",\"allowedLinkNames\":{\"7\":\"email\",\"9\":\"url\"},\"allowTarget\":\"\",\"defaultLinkName\":\"category\",\"defaultText\":\"\",\"enableAriaLabel\":\"\",\"enableTitle\":\"\",\"typeSettings\":{\"category\":{\"sources\":\"*\"},\"entry\":{\"sources\":\"*\"},\"asset\":{\"sources\":\"*\"},\"site\":{\"sites\":\"*\"},\"user\":{\"sources\":\"*\"},\"custom\":{\"disableValidation\":\"\",\"allowAliases\":\"\"},\"email\":{\"disableValidation\":\"\",\"allowAliases\":\"\"},\"tel\":{\"disableValidation\":\"\",\"allowAliases\":\"\"},\"url\":{\"disableValidation\":\"\",\"allowAliases\":\"\"}}},\"fieldGroup\":\"387b29e3-5f01-47e6-8da2-30c7eecfdd2e\",\"contentColumnType\":\"text\"},\"a85a919a-21ca-430f-8819-fcec8e28a9d8\":{\"name\":\"Activités lien\",\"handle\":\"activitiesLink\",\"instructions\":\"\",\"searchable\":true,\"translationMethod\":\"none\",\"translationKeyFormat\":null,\"type\":\"typedlinkfield\\\\fields\\\\LinkField\",\"settings\":{\"allowCustomText\":\"\",\"allowedLinkNames\":{\"2\":\"entry\",\"3\":\"asset\",\"8\":\"tel\"},\"allowTarget\":\"\",\"defaultLinkName\":\"entry\",\"defaultText\":\"\",\"enableAriaLabel\":\"\",\"enableTitle\":\"\",\"typeSettings\":{\"category\":{\"sources\":\"*\"},\"entry\":{\"sources\":\"*\"},\"asset\":{\"sources\":\"*\"},\"site\":{\"sites\":\"*\"},\"user\":{\"sources\":\"*\"},\"custom\":{\"disableValidation\":\"\",\"allowAliases\":\"\"},\"email\":{\"disableValidation\":\"\",\"allowAliases\":\"\"},\"tel\":{\"disableValidation\":\"\",\"allowAliases\":\"\"},\"url\":{\"disableValidation\":\"\",\"allowAliases\":\"\"}}},\"fieldGroup\":\"48554185-9626-42e0-a312-2f842430ead2\",\"contentColumnType\":\"text\"},\"af141b2e-7600-4398-9fe5-86fde3083b8a\":{\"name\":\"Niveau d\'études\",\"handle\":\"jobLevelStudies\",\"instructions\":\"\",\"searchable\":true,\"translationMethod\":\"none\",\"translationKeyFormat\":null,\"type\":\"craft\\\\fields\\\\PlainText\",\"settings\":{\"placeholder\":\"\",\"code\":\"\",\"multiline\":\"\",\"initialRows\":\"4\",\"charLimit\":\"\",\"columnType\":\"text\"},\"fieldGroup\":\"23f03284-1f5a-4bd5-a4a3-40e10cd07fd4\",\"contentColumnType\":\"text\"},\"b10e2f59-5a40-43ff-9b15-2887981f8422\":{\"name\":\"Image\",\"handle\":\"bannerImage\",\"instructions\":\"\",\"searchable\":true,\"translationMethod\":\"site\",\"translationKeyFormat\":null,\"type\":\"craft\\\\fields\\\\Assets\",\"settings\":{\"useSingleFolder\":\"\",\"defaultUploadLocationSource\":\"volume:91c26a36-2b39-48a6-8254-80a6f5d8af34\",\"defaultUploadLocationSubpath\":\"\",\"singleUploadLocationSource\":\"volume:91c26a36-2b39-48a6-8254-80a6f5d8af34\",\"singleUploadLocationSubpath\":\"\",\"restrictFiles\":\"1\",\"allowedKinds\":[\"image\"],\"sources\":[\"volume:640e592b-bd09-44b8-a184-178d05770bf3\"],\"source\":null,\"targetSiteId\":null,\"viewMode\":\"large\",\"limit\":\"1\",\"selectionLabel\":\"Veuillez ajouter une image\",\"localizeRelations\":false},\"fieldGroup\":\"48554185-9626-42e0-a312-2f842430ead2\",\"contentColumnType\":\"string\"},\"ba88f38e-7bfe-48ee-9f50-74bbcad52808\":{\"name\":\"Titre\",\"handle\":\"programTitle\",\"instructions\":\"\",\"searchable\":true,\"translationMethod\":\"none\",\"translationKeyFormat\":null,\"type\":\"craft\\\\fields\\\\PlainText\",\"settings\":{\"placeholder\":\"\",\"code\":\"\",\"multiline\":\"\",\"initialRows\":\"4\",\"charLimit\":\"\",\"columnType\":\"text\"},\"fieldGroup\":\"f9cb7b37-4041-4b1e-91bf-a01c57351d21\",\"contentColumnType\":\"text\"},\"ba959364-17ad-4430-9598-0d0a540296cf\":{\"name\":\"Titre\",\"handle\":\"content1Title\",\"instructions\":\"\",\"searchable\":true,\"translationMethod\":\"none\",\"translationKeyFormat\":null,\"type\":\"craft\\\\fields\\\\PlainText\",\"settings\":{\"placeholder\":\"\",\"code\":\"\",\"multiline\":\"\",\"initialRows\":\"4\",\"charLimit\":\"\",\"columnType\":\"text\"},\"fieldGroup\":\"2fbb9a86-2245-4666-bf0a-2c0b79c5419b\",\"contentColumnType\":\"text\"},\"bc9a9dc1-8786-4814-81d7-a8b979099fb6\":{\"name\":\"Contenu\",\"handle\":\"citContent\",\"instructions\":\"\",\"searchable\":true,\"translationMethod\":\"none\",\"translationKeyFormat\":null,\"type\":\"craft\\\\redactor\\\\Field\",\"settings\":{\"redactorConfig\":\"\",\"purifierConfig\":\"\",\"purifyHtml\":\"1\",\"columnType\":\"text\",\"availableVolumes\":\"\",\"availableTransforms\":\"\",\"removeInlineStyles\":\"1\",\"removeEmptyTags\":\"1\",\"removeNbsp\":\"1\"},\"fieldGroup\":\"c60c6d85-b1e0-4c26-b801-b41547f555eb\",\"contentColumnType\":\"text\"},\"bd7b72de-5ab2-4a38-aae2-493b4673bae3\":{\"name\":\"Heure de fin\",\"handle\":\"activitiesEnd\",\"instructions\":\"\",\"searchable\":true,\"translationMethod\":\"none\",\"translationKeyFormat\":null,\"type\":\"craft\\\\fields\\\\Date\",\"settings\":{\"showDate\":false,\"showTime\":true,\"minuteIncrement\":\"30\"},\"fieldGroup\":\"aa1ddff0-7749-402e-8050-5eb7eec6a412\",\"contentColumnType\":\"datetime\"},\"c0340ea2-9c27-4c4d-9347-d93f0a153eb1\":{\"name\":\"Horaire de travail\",\"handle\":\"jobWorTimetable\",\"instructions\":\"\",\"searchable\":true,\"translationMethod\":\"none\",\"translationKeyFormat\":null,\"type\":\"craft\\\\fields\\\\PlainText\",\"settings\":{\"placeholder\":\"\",\"code\":\"\",\"multiline\":\"\",\"initialRows\":\"4\",\"charLimit\":\"\",\"columnType\":\"text\"},\"fieldGroup\":\"23f03284-1f5a-4bd5-a4a3-40e10cd07fd4\",\"contentColumnType\":\"text\"},\"c0ea599f-9e7f-42c1-b724-69716bd9f423\":{\"name\":\"Formulaire - Activités | Image\",\"handle\":\"formActivitiesImage\",\"instructions\":\"\",\"searchable\":true,\"translationMethod\":\"site\",\"translationKeyFormat\":null,\"type\":\"craft\\\\fields\\\\Assets\",\"settings\":{\"useSingleFolder\":\"\",\"defaultUploadLocationSource\":\"volume:91c26a36-2b39-48a6-8254-80a6f5d8af34\",\"defaultUploadLocationSubpath\":\"\",\"singleUploadLocationSource\":\"volume:91c26a36-2b39-48a6-8254-80a6f5d8af34\",\"singleUploadLocationSubpath\":\"\",\"restrictFiles\":\"1\",\"allowedKinds\":[\"image\"],\"sources\":[\"volume:640e592b-bd09-44b8-a184-178d05770bf3\"],\"source\":null,\"targetSiteId\":null,\"viewMode\":\"list\",\"limit\":\"1\",\"selectionLabel\":\"\",\"localizeRelations\":false},\"fieldGroup\":\"387b29e3-5f01-47e6-8da2-30c7eecfdd2e\",\"contentColumnType\":\"string\"},\"c19250b9-e590-475b-ad2d-7a54bbb6a58e\":{\"name\":\"Titre\",\"handle\":\"galleryTitle\",\"instructions\":\"\",\"searchable\":true,\"translationMethod\":\"none\",\"translationKeyFormat\":null,\"type\":\"craft\\\\fields\\\\PlainText\",\"settings\":{\"placeholder\":\"\",\"code\":\"\",\"multiline\":\"\",\"initialRows\":\"4\",\"charLimit\":\"\",\"columnType\":\"text\"},\"fieldGroup\":\"e4a767d9-ddfe-4342-9039-3c24715ecc1b\",\"contentColumnType\":\"text\"},\"c9718abf-be2a-4889-8ed0-c120cc0609d5\":{\"name\":\"Courriel\",\"handle\":\"globalMail\",\"instructions\":\"\",\"searchable\":true,\"translationMethod\":\"none\",\"translationKeyFormat\":null,\"type\":\"craft\\\\fields\\\\PlainText\",\"settings\":{\"placeholder\":\"\",\"code\":\"\",\"multiline\":\"\",\"initialRows\":\"4\",\"charLimit\":\"\",\"columnType\":\"text\"},\"fieldGroup\":\"387b29e3-5f01-47e6-8da2-30c7eecfdd2e\",\"contentColumnType\":\"text\"},\"c9edc812-2a29-414f-8839-cd036d79906e\":{\"name\":\"Image\",\"handle\":\"citImage\",\"instructions\":\"\",\"searchable\":true,\"translationMethod\":\"site\",\"translationKeyFormat\":null,\"type\":\"craft\\\\fields\\\\Assets\",\"settings\":{\"useSingleFolder\":\"\",\"defaultUploadLocationSource\":\"volume:640e592b-bd09-44b8-a184-178d05770bf3\",\"defaultUploadLocationSubpath\":\"\",\"singleUploadLocationSource\":\"volume:91c26a36-2b39-48a6-8254-80a6f5d8af34\",\"singleUploadLocationSubpath\":\"\",\"restrictFiles\":\"\",\"allowedKinds\":[\"image\"],\"sources\":[\"volume:640e592b-bd09-44b8-a184-178d05770bf3\"],\"source\":null,\"targetSiteId\":null,\"viewMode\":\"large\",\"limit\":\"1\",\"selectionLabel\":\"Veuillez insérer une image\",\"localizeRelations\":false},\"fieldGroup\":\"c60c6d85-b1e0-4c26-b801-b41547f555eb\",\"contentColumnType\":\"string\"},\"cf295532-6e56-4955-a1df-5335d171f892\":{\"name\":\"Lien\",\"handle\":\"imagesLink\",\"instructions\":\"\",\"searchable\":true,\"translationMethod\":\"none\",\"translationKeyFormat\":null,\"type\":\"craft\\\\fields\\\\Url\",\"settings\":{\"placeholder\":\"\"},\"fieldGroup\":\"387b29e3-5f01-47e6-8da2-30c7eecfdd2e\",\"contentColumnType\":\"string(255)\"},\"d2370c21-d87b-40d4-9b64-803f634e7adc\":{\"name\":\"Date de l\'activité\",\"handle\":\"activitiesDate\",\"instructions\":\"\",\"searchable\":true,\"translationMethod\":\"none\",\"translationKeyFormat\":null,\"type\":\"craft\\\\fields\\\\Date\",\"settings\":{\"showDate\":true,\"showTime\":true,\"minuteIncrement\":\"30\"},\"fieldGroup\":\"aa1ddff0-7749-402e-8050-5eb7eec6a412\",\"contentColumnType\":\"datetime\"},\"ddfeb45d-25b8-4eef-9ef9-3b8cc2df6ee3\":{\"name\":\"Statut de l\'emploi\",\"handle\":\"jobEmploymentStatus\",\"instructions\":\"\",\"searchable\":true,\"translationMethod\":\"none\",\"translationKeyFormat\":null,\"type\":\"craft\\\\fields\\\\PlainText\",\"settings\":{\"placeholder\":\"\",\"code\":\"\",\"multiline\":\"\",\"initialRows\":\"4\",\"charLimit\":\"\",\"columnType\":\"text\"},\"fieldGroup\":\"23f03284-1f5a-4bd5-a4a3-40e10cd07fd4\",\"contentColumnType\":\"text\"},\"e291220e-ec2e-44af-b2f4-14497f421a16\":{\"name\":\"Compétences recherchées\",\"handle\":\"jobSkillSought\",\"instructions\":\"\",\"searchable\":true,\"translationMethod\":\"none\",\"translationKeyFormat\":null,\"type\":\"craft\\\\redactor\\\\Field\",\"settings\":{\"redactorConfig\":\"\",\"purifierConfig\":\"\",\"purifyHtml\":\"1\",\"columnType\":\"text\",\"availableVolumes\":\"\",\"availableTransforms\":\"*\",\"removeInlineStyles\":\"1\",\"removeEmptyTags\":\"1\",\"removeNbsp\":\"1\"},\"fieldGroup\":\"23f03284-1f5a-4bd5-a4a3-40e10cd07fd4\",\"contentColumnType\":\"text\"},\"e48066db-996d-4d56-a23a-c3dfcd568db3\":{\"name\":\"Coût\",\"handle\":\"activitiesCost\",\"instructions\":\"\",\"searchable\":true,\"translationMethod\":\"none\",\"translationKeyFormat\":null,\"type\":\"craft\\\\fields\\\\PlainText\",\"settings\":{\"placeholder\":\"\",\"code\":\"\",\"multiline\":\"\",\"initialRows\":\"4\",\"charLimit\":\"\",\"columnType\":\"text\"},\"fieldGroup\":\"aa1ddff0-7749-402e-8050-5eb7eec6a412\",\"contentColumnType\":\"text\"},\"e8887f84-3013-4e68-8056-a53661571de5\":{\"name\":\"Diplôme\",\"handle\":\"jobDiploma\",\"instructions\":\"\",\"searchable\":true,\"translationMethod\":\"none\",\"translationKeyFormat\":null,\"type\":\"craft\\\\fields\\\\PlainText\",\"settings\":{\"placeholder\":\"\",\"code\":\"\",\"multiline\":\"\",\"initialRows\":\"4\",\"charLimit\":\"\",\"columnType\":\"text\"},\"fieldGroup\":\"23f03284-1f5a-4bd5-a4a3-40e10cd07fd4\",\"contentColumnType\":\"text\"},\"f3249975-fe98-4978-bc48-deac12755a8e\":{\"name\":\"Salaire\",\"handle\":\"jobSalary\",\"instructions\":\"\",\"searchable\":true,\"translationMethod\":\"none\",\"translationKeyFormat\":null,\"type\":\"craft\\\\fields\\\\PlainText\",\"settings\":{\"placeholder\":\"\",\"code\":\"\",\"multiline\":\"\",\"initialRows\":\"4\",\"charLimit\":\"\",\"columnType\":\"text\"},\"fieldGroup\":\"23f03284-1f5a-4bd5-a4a3-40e10cd07fd4\",\"contentColumnType\":\"text\"},\"f33ead61-0406-4a0b-8814-b43e310fa07d\":{\"name\":\"Contenu\",\"handle\":\"cttContent\",\"instructions\":\"\",\"searchable\":true,\"translationMethod\":\"none\",\"translationKeyFormat\":null,\"type\":\"craft\\\\redactor\\\\Field\",\"settings\":{\"redactorConfig\":\"\",\"purifierConfig\":\"\",\"purifyHtml\":\"1\",\"columnType\":\"text\",\"availableVolumes\":\"*\",\"availableTransforms\":\"*\",\"removeInlineStyles\":\"1\",\"removeEmptyTags\":\"1\",\"removeNbsp\":\"1\"},\"fieldGroup\":\"33060bbd-c503-45f7-8e79-ce49e64611e9\",\"contentColumnType\":\"text\"},\"f376f94a-c025-455e-bef5-7671ca17a212\":{\"name\":\"Responsabilités\",\"handle\":\"jobResponsabilities\",\"instructions\":\"\",\"searchable\":true,\"translationMethod\":\"none\",\"translationKeyFormat\":null,\"type\":\"craft\\\\redactor\\\\Field\",\"settings\":{\"redactorConfig\":\"\",\"purifierConfig\":\"\",\"purifyHtml\":\"1\",\"columnType\":\"text\",\"availableVolumes\":\"\",\"availableTransforms\":\"\",\"removeInlineStyles\":\"1\",\"removeEmptyTags\":\"1\",\"removeNbsp\":\"1\"},\"fieldGroup\":\"23f03284-1f5a-4bd5-a4a3-40e10cd07fd4\",\"contentColumnType\":\"text\"},\"f3b2edbe-8e7c-41d0-aa83-db02af7d1967\":{\"name\":\"Titre\",\"handle\":\"content2Title\",\"instructions\":\"\",\"searchable\":true,\"translationMethod\":\"none\",\"translationKeyFormat\":null,\"type\":\"craft\\\\fields\\\\PlainText\",\"settings\":{\"placeholder\":\"\",\"code\":\"\",\"multiline\":\"\",\"initialRows\":\"4\",\"charLimit\":\"\",\"columnType\":\"text\"},\"fieldGroup\":\"2fbb9a86-2245-4666-bf0a-2c0b79c5419b\",\"contentColumnType\":\"text\"},\"f4a08d50-fd06-4dea-b1d2-bc0cf8526746\":{\"name\":\"Activités | Bannière\",\"handle\":\"activitiesBanner\",\"instructions\":\"\",\"searchable\":true,\"translationMethod\":\"site\",\"translationKeyFormat\":null,\"type\":\"craft\\\\fields\\\\Assets\",\"settings\":{\"useSingleFolder\":\"\",\"defaultUploadLocationSource\":\"volume:91c26a36-2b39-48a6-8254-80a6f5d8af34\",\"defaultUploadLocationSubpath\":\"\",\"singleUploadLocationSource\":\"volume:91c26a36-2b39-48a6-8254-80a6f5d8af34\",\"singleUploadLocationSubpath\":\"\",\"restrictFiles\":\"1\",\"allowedKinds\":[\"image\"],\"sources\":[\"volume:640e592b-bd09-44b8-a184-178d05770bf3\"],\"source\":null,\"targetSiteId\":null,\"viewMode\":\"list\",\"limit\":\"1\",\"selectionLabel\":\"\",\"localizeRelations\":false},\"fieldGroup\":\"387b29e3-5f01-47e6-8da2-30c7eecfdd2e\",\"contentColumnType\":\"string\"},\"f9474c5f-3a9e-4ac0-ace0-2f603c117e69\":{\"name\":\"Contenu\",\"handle\":\"content2Text\",\"instructions\":\"\",\"searchable\":true,\"translationMethod\":\"none\",\"translationKeyFormat\":null,\"type\":\"craft\\\\redactor\\\\Field\",\"settings\":{\"redactorConfig\":\"\",\"purifierConfig\":\"\",\"purifyHtml\":\"1\",\"columnType\":\"text\",\"availableVolumes\":\"*\",\"availableTransforms\":\"*\",\"removeInlineStyles\":\"1\",\"removeEmptyTags\":\"1\",\"removeNbsp\":\"1\"},\"fieldGroup\":\"2fbb9a86-2245-4666-bf0a-2c0b79c5419b\",\"contentColumnType\":\"text\"},\"fa62d2aa-04ac-4574-b64e-1998a1e5410f\":{\"name\":\"Titre\",\"handle\":\"teamTitle\",\"instructions\":\"\",\"searchable\":true,\"translationMethod\":\"none\",\"translationKeyFormat\":null,\"type\":\"craft\\\\fields\\\\PlainText\",\"settings\":{\"placeholder\":\"\",\"code\":\"\",\"multiline\":\"\",\"initialRows\":\"4\",\"charLimit\":\"\",\"columnType\":\"text\"},\"fieldGroup\":\"9c30481c-39cd-439a-8a07-6a1d0e24988e\",\"contentColumnType\":\"text\"},\"ff0a3e3d-f0df-4fe4-8690-07679313767a\":{\"name\":\"Lien\",\"handle\":\"cttLink\",\"instructions\":\"\",\"searchable\":true,\"translationMethod\":\"none\",\"translationKeyFormat\":null,\"type\":\"typedlinkfield\\\\fields\\\\LinkField\",\"settings\":{\"allowCustomText\":\"1\",\"allowedLinkNames\":{\"2\":\"entry\",\"9\":\"url\"},\"allowTarget\":\"1\",\"defaultLinkName\":\"entry\",\"defaultText\":\"\",\"enableAriaLabel\":\"\",\"enableTitle\":\"\",\"typeSettings\":{\"category\":{\"sources\":\"*\"},\"entry\":{\"sources\":\"*\"},\"asset\":{\"sources\":\"*\"},\"site\":{\"sites\":\"*\"},\"user\":{\"sources\":\"*\"},\"custom\":{\"disableValidation\":\"\",\"allowAliases\":\"\"},\"email\":{\"disableValidation\":\"\",\"allowAliases\":\"\"},\"tel\":{\"disableValidation\":\"\",\"allowAliases\":\"\"},\"url\":{\"disableValidation\":\"\",\"allowAliases\":\"\"}}},\"fieldGroup\":\"33060bbd-c503-45f7-8e79-ce49e64611e9\",\"contentColumnType\":\"text\"}},\"matrixBlockTypes\":{\"246a0bc1-597b-4623-a927-9b5abcb8f609\":{\"name\":\"Membre de l\'équipe\",\"handle\":\"teamMemberTab\",\"sortOrder\":1,\"field\":\"a092dfd8-19a7-4f4f-81de-fcee0f968c94\",\"fieldLayouts\":{\"86d73272-fc13-4ce3-898c-36ed6c860c45\":{\"tabs\":[{\"name\":\"Content\",\"sortOrder\":1,\"fields\":{\"7ffa07aa-dd6e-44c5-8c77-41cde187a0b3\":{\"required\":false,\"sortOrder\":2},\"ac0276d9-6461-485f-ad50-1bbeb7f59b7d\":{\"required\":true,\"sortOrder\":1},\"b1aa8763-3a75-404a-b5b1-97c0ea19f8c6\":{\"required\":false,\"sortOrder\":5},\"c97d2985-97f0-49a6-a2ef-6212f923b1d3\":{\"required\":false,\"sortOrder\":3},\"d548c900-0878-4420-986c-6a0edcc9eb1e\":{\"required\":false,\"sortOrder\":4}}}]}},\"fields\":{\"7ffa07aa-dd6e-44c5-8c77-41cde187a0b3\":{\"name\":\"Poste\",\"handle\":\"teamMemberRole\",\"instructions\":\"\",\"searchable\":true,\"translationMethod\":\"none\",\"translationKeyFormat\":null,\"type\":\"craft\\\\fields\\\\PlainText\",\"settings\":{\"placeholder\":\"\",\"code\":\"\",\"multiline\":\"\",\"initialRows\":\"4\",\"charLimit\":\"\",\"columnType\":\"text\"},\"fieldGroup\":null,\"contentColumnType\":\"text\"},\"ac0276d9-6461-485f-ad50-1bbeb7f59b7d\":{\"name\":\"Nom de la personne\",\"handle\":\"teamMemberName\",\"instructions\":\"\",\"searchable\":true,\"translationMethod\":\"none\",\"translationKeyFormat\":null,\"type\":\"craft\\\\fields\\\\PlainText\",\"settings\":{\"placeholder\":\"\",\"code\":\"\",\"multiline\":\"\",\"initialRows\":\"4\",\"charLimit\":\"\",\"columnType\":\"text\"},\"fieldGroup\":null,\"contentColumnType\":\"text\"},\"b1aa8763-3a75-404a-b5b1-97c0ea19f8c6\":{\"name\":\"Biographie\",\"handle\":\"teamMemberBio\",\"instructions\":\"\",\"searchable\":true,\"translationMethod\":\"none\",\"translationKeyFormat\":null,\"type\":\"craft\\\\redactor\\\\Field\",\"settings\":{\"redactorConfig\":\"Simple.json\",\"purifierConfig\":\"\",\"purifyHtml\":\"1\",\"columnType\":\"text\",\"availableVolumes\":\"*\",\"availableTransforms\":\"*\",\"removeInlineStyles\":\"1\",\"removeEmptyTags\":\"1\",\"removeNbsp\":\"1\"},\"fieldGroup\":null,\"contentColumnType\":\"text\"},\"c97d2985-97f0-49a6-a2ef-6212f923b1d3\":{\"name\":\"Numéro de poste\",\"handle\":\"teamMemberPhone\",\"instructions\":\"\",\"searchable\":true,\"translationMethod\":\"none\",\"translationKeyFormat\":null,\"type\":\"craft\\\\fields\\\\PlainText\",\"settings\":{\"placeholder\":\"\",\"code\":\"\",\"multiline\":\"\",\"initialRows\":\"4\",\"charLimit\":\"\",\"columnType\":\"text\"},\"fieldGroup\":null,\"contentColumnType\":\"text\"},\"d548c900-0878-4420-986c-6a0edcc9eb1e\":{\"name\":\"Adresse courriel\",\"handle\":\"teamMemberEmail\",\"instructions\":\"\",\"searchable\":true,\"translationMethod\":\"none\",\"translationKeyFormat\":null,\"type\":\"craft\\\\fields\\\\Email\",\"settings\":{\"placeholder\":\"\"},\"fieldGroup\":null,\"contentColumnType\":\"string\"}}},\"79e37266-006b-457a-a6e6-de0bf8eb22ef\":{\"name\":\"Onglet\",\"handle\":\"accordionTable\",\"sortOrder\":1,\"field\":\"7f72c319-c7a4-4fd4-b423-6ca9135e502d\",\"fieldLayouts\":{\"59abe1e4-4506-421f-be04-87c1081b2fd5\":{\"tabs\":[{\"name\":\"Content\",\"sortOrder\":1,\"fields\":{\"4f3e5f9a-dc18-48f7-b5d4-df57e97f840a\":{\"required\":false,\"sortOrder\":2},\"fdcc70bf-cae0-4cce-a0ac-5f1f910a63f8\":{\"required\":false,\"sortOrder\":1}}}]}},\"fields\":{\"4f3e5f9a-dc18-48f7-b5d4-df57e97f840a\":{\"name\":\"__blank__\",\"handle\":\"accordionBloc\",\"instructions\":\"\",\"searchable\":\"1\",\"translationMethod\":\"site\",\"translationKeyFormat\":null,\"type\":\"verbb\\\\supertable\\\\fields\\\\SuperTableField\",\"settings\":{\"minRows\":\"\",\"maxRows\":\"\",\"localizeBlocks\":false,\"staticField\":\"\",\"columns\":{\"9\":{\"width\":\"\"},\"10\":{\"width\":\"\"}},\"contentTable\":\"{{%stc_3_accordionbloc}}\",\"fieldLayout\":\"matrix\",\"selectionLabel\":\"Ajout d\'un onglet\"},\"fieldGroup\":null,\"contentColumnType\":\"string\"},\"fdcc70bf-cae0-4cce-a0ac-5f1f910a63f8\":{\"name\":\"Titre\",\"handle\":\"accordionTitle\",\"instructions\":\"\",\"searchable\":true,\"translationMethod\":\"none\",\"translationKeyFormat\":null,\"type\":\"craft\\\\fields\\\\PlainText\",\"settings\":{\"placeholder\":\"\",\"code\":\"\",\"multiline\":\"\",\"initialRows\":\"4\",\"charLimit\":\"\",\"columnType\":\"text\"},\"fieldGroup\":null,\"contentColumnType\":\"text\"}}},\"84d45a67-928e-410a-be3c-288acfda9f84\":{\"name\":\"Partenaire\",\"handle\":\"partnersTab\",\"sortOrder\":1,\"field\":\"000da5b9-a82e-4d83-85d9-8916bc6bf581\",\"fieldLayouts\":{\"444bd088-e14c-4567-80a9-790a13fa2e29\":{\"tabs\":[{\"name\":\"Content\",\"sortOrder\":1,\"fields\":{\"800e542d-7d2f-4221-b0c7-9832cadd88c8\":{\"required\":true,\"sortOrder\":1},\"c7133fbd-ac21-4e4c-8a12-9a19f5409540\":{\"required\":false,\"sortOrder\":2}}}]}},\"fields\":{\"800e542d-7d2f-4221-b0c7-9832cadd88c8\":{\"name\":\"Logo\",\"handle\":\"partnersLogo\",\"instructions\":\"\",\"searchable\":true,\"translationMethod\":\"site\",\"translationKeyFormat\":null,\"type\":\"craft\\\\fields\\\\Assets\",\"settings\":{\"useSingleFolder\":\"\",\"defaultUploadLocationSource\":\"volume:91c26a36-2b39-48a6-8254-80a6f5d8af34\",\"defaultUploadLocationSubpath\":\"\",\"singleUploadLocationSource\":\"volume:91c26a36-2b39-48a6-8254-80a6f5d8af34\",\"singleUploadLocationSubpath\":\"\",\"restrictFiles\":\"1\",\"allowedKinds\":[\"image\"],\"sources\":[\"volume:640e592b-bd09-44b8-a184-178d05770bf3\"],\"source\":null,\"targetSiteId\":null,\"viewMode\":\"large\",\"limit\":\"1\",\"selectionLabel\":\"Veuillez ajouter un logo\",\"localizeRelations\":false},\"fieldGroup\":null,\"contentColumnType\":\"string\"},\"c7133fbd-ac21-4e4c-8a12-9a19f5409540\":{\"name\":\"Site web\",\"handle\":\"partnersWeb\",\"instructions\":\"\",\"searchable\":true,\"translationMethod\":\"none\",\"translationKeyFormat\":null,\"type\":\"typedlinkfield\\\\fields\\\\LinkField\",\"settings\":{\"allowCustomText\":\"\",\"allowedLinkNames\":{\"9\":\"url\"},\"allowTarget\":\"\",\"defaultLinkName\":\"url\",\"defaultText\":\"\",\"enableAriaLabel\":\"\",\"enableTitle\":\"\",\"typeSettings\":{\"category\":{\"sources\":\"*\"},\"entry\":{\"sources\":\"*\"},\"asset\":{\"sources\":\"*\"},\"site\":{\"sites\":\"*\"},\"user\":{\"sources\":\"*\"},\"custom\":{\"disableValidation\":\"\",\"allowAliases\":\"\"},\"email\":{\"disableValidation\":\"\",\"allowAliases\":\"\"},\"tel\":{\"disableValidation\":\"\",\"allowAliases\":\"\"},\"url\":{\"disableValidation\":\"\",\"allowAliases\":\"\"}}},\"fieldGroup\":null,\"contentColumnType\":\"text\"}}},\"db5299c4-d63b-455b-a701-1e09b93412ea\":{\"name\":\"Section\",\"handle\":\"pageFilesListTab\",\"sortOrder\":1,\"field\":\"77157164-72bd-4d9c-bf00-d35de5c5bade\",\"fieldLayouts\":{\"666d9df0-0fef-47bc-8827-8c2bbee805dd\":{\"tabs\":[{\"name\":\"Content\",\"sortOrder\":1,\"fields\":{\"7fe42713-c1e3-45d4-a0b8-7dfa5654bbd6\":{\"required\":false,\"sortOrder\":1},\"f8d27755-1af3-4e49-9771-40e4c1bac9d3\":{\"required\":false,\"sortOrder\":2}}}]}},\"fields\":{\"7fe42713-c1e3-45d4-a0b8-7dfa5654bbd6\":{\"name\":\"Titre de la section\",\"handle\":\"pageFilesListTitle\",\"instructions\":\"\",\"searchable\":true,\"translationMethod\":\"none\",\"translationKeyFormat\":null,\"type\":\"craft\\\\fields\\\\PlainText\",\"settings\":{\"placeholder\":\"\",\"code\":\"\",\"multiline\":\"\",\"initialRows\":\"4\",\"charLimit\":\"\",\"columnType\":\"text\"},\"fieldGroup\":null,\"contentColumnType\":\"text\"},\"f8d27755-1af3-4e49-9771-40e4c1bac9d3\":{\"name\":\"Liste de fichier\",\"handle\":\"pageFilesListFiles\",\"instructions\":\"\",\"searchable\":true,\"translationMethod\":\"site\",\"translationKeyFormat\":null,\"type\":\"craft\\\\fields\\\\Assets\",\"settings\":{\"useSingleFolder\":\"\",\"defaultUploadLocationSource\":\"volume:91c26a36-2b39-48a6-8254-80a6f5d8af34\",\"defaultUploadLocationSubpath\":\"\",\"singleUploadLocationSource\":\"volume:91c26a36-2b39-48a6-8254-80a6f5d8af34\",\"singleUploadLocationSubpath\":\"\",\"restrictFiles\":\"\",\"allowedKinds\":null,\"sources\":[\"volume:91c26a36-2b39-48a6-8254-80a6f5d8af34\"],\"source\":null,\"targetSiteId\":null,\"viewMode\":\"large\",\"limit\":\"\",\"selectionLabel\":\"Veuillez ajouter des fichiers\",\"localizeRelations\":false},\"fieldGroup\":null,\"contentColumnType\":\"string\"}}}},\"volumes\":{\"640e592b-bd09-44b8-a184-178d05770bf3\":{\"name\":\"Images\",\"handle\":\"images\",\"type\":\"craft\\\\volumes\\\\Local\",\"hasUrls\":true,\"url\":\"//painchaud.test/assets/images/upload\",\"settings\":{\"path\":\"assets/images/upload\"},\"sortOrder\":2,\"fieldLayouts\":{\"186fc4c4-5711-4f21-93c2-475910e23959\":{\"tabs\":[{\"name\":\"Contenu\",\"sortOrder\":1,\"fields\":{\"cf295532-6e56-4955-a1df-5335d171f892\":{\"required\":false,\"sortOrder\":1}}}]}}},\"91c26a36-2b39-48a6-8254-80a6f5d8af34\":{\"name\":\"Fichier\",\"handle\":\"files\",\"type\":\"craft\\\\volumes\\\\Local\",\"hasUrls\":true,\"url\":\"//painchaud.test/assets/files/upload\",\"settings\":{\"path\":\"assets/files/upload\"},\"sortOrder\":1}},\"categoryGroups\":{\"046dc3f8-222f-474e-9c00-c4c8ce11c089\":{\"name\":\"Activités\",\"handle\":\"activities\",\"structure\":{\"uid\":\"60de9d57-79ad-4793-896f-ea593f48caba\",\"maxLevels\":null},\"siteSettings\":{\"f0279bc7-47c0-4423-b733-8a8df86a510f\":{\"hasUrls\":true,\"uriFormat\":\"activites/{slug}\",\"template\":\"_activities/category\"}}}},\"tagGroups\":[],\"users\":{\"requireEmailVerification\":true,\"allowPublicRegistration\":false,\"defaultGroup\":null,\"photoVolumeUid\":null,\"photoSubpath\":\"\"},\"globalSets\":{\"2c0e7e5e-c2bf-4510-9fbf-5ed8d59d5740\":{\"name\":\"Informations globales\",\"handle\":\"global\",\"fieldLayouts\":{\"8151325e-ca38-4874-be61-ac47e225eb9a\":{\"tabs\":[{\"name\":\"1| Pied de page\",\"sortOrder\":1,\"fields\":{\"2a3920df-b48f-45cc-a583-4ba5d782ea44\":{\"required\":false,\"sortOrder\":3},\"4c7282fc-8046-49c8-bab8-a0eb14324eaa\":{\"required\":false,\"sortOrder\":4},\"7c01065a-8851-4005-98a7-4dd95a6952ab\":{\"required\":false,\"sortOrder\":1},\"a84cdcea-f96f-4b18-b22b-d2e7b16e14d2\":{\"required\":false,\"sortOrder\":2},\"c9718abf-be2a-4889-8ed0-c120cc0609d5\":{\"required\":false,\"sortOrder\":5}}},{\"name\":\"Tab 2\",\"sortOrder\":2,\"fields\":{\"65329633-6a2e-48da-b90c-42bcb22102b0\":{\"required\":false,\"sortOrder\":3},\"94d06e0d-526e-4d46-a148-0970a48d8a6e\":{\"required\":false,\"sortOrder\":4},\"a666b0f6-0237-4728-8089-ea7f76199376\":{\"required\":false,\"sortOrder\":2},\"c0ea599f-9e7f-42c1-b724-69716bd9f423\":{\"required\":false,\"sortOrder\":5},\"f4a08d50-fd06-4dea-b1d2-bc0cf8526746\":{\"required\":false,\"sortOrder\":1}}},{\"name\":\"3| Suivi en milieu ouvert\",\"sortOrder\":3,\"fields\":{\"3e6a7207-4117-499e-ae70-47a4bff2a7df\":{\"required\":false,\"sortOrder\":4},\"65bb533b-7665-4bf3-99b3-505c26f15040\":{\"required\":false,\"sortOrder\":3},\"81ec68ad-e3c9-48c2-87c1-86f7e491e66b\":{\"required\":false,\"sortOrder\":1},\"90e3fe66-d29f-4c9b-b565-b8dbc4b79183\":{\"required\":false,\"sortOrder\":2}}},{\"name\":\"Tab 4\",\"sortOrder\":4,\"fields\":{\"a3095a17-abd6-40ee-9815-ef5b38bf3bdb\":{\"required\":false,\"sortOrder\":2},\"ba959364-17ad-4430-9598-0d0a540296cf\":{\"required\":false,\"sortOrder\":1}}},{\"name\":\"Tab 5\",\"sortOrder\":5,\"fields\":{\"4647b97b-740f-4dc0-9c37-ca36275e32c6\":{\"required\":false,\"sortOrder\":1},\"a85a919a-21ca-430f-8819-fcec8e28a9d8\":{\"required\":false,\"sortOrder\":2}}}]}}}},\"plugins\":{\"redactor\":{\"settings\":null,\"licenseKey\":null,\"enabled\":\"1\",\"schemaVersion\":\"2.3.0\"},\"super-table\":{\"settings\":null,\"licenseKey\":null,\"enabled\":\"1\",\"schemaVersion\":\"2.0.12\"},\"contact-form\":{\"settings\":{\"toEmail\":\"gabriel.thiffault@gmail.com\",\"prependSender\":\"Message de \",\"prependSubject\":\"|\",\"allowAttachments\":\"1\",\"successFlashMessage\":\"Your message has been sent.\"},\"licenseKey\":null,\"enabled\":\"1\",\"schemaVersion\":\"1.0.0\"},\"contact-form-extensions\":{\"settings\":{\"enableDatabase\":\"1\",\"enableTemplateOverwrite\":\"\",\"enableConfirmationEmail\":\"\",\"notificationTemplate\":\"\",\"confirmationTemplate\":\"\",\"confirmationSubject\":\"\",\"recaptcha\":\"\",\"recaptchaSiteKey\":\"\",\"recaptchaSecretKey\":\"\",\"recaptchaHideBadge\":\"\",\"recaptchaDataBadge\":\"bottomright\",\"recaptchaTimeout\":\"5\",\"recaptchaDebug\":\"\"},\"licenseKey\":null,\"enabled\":\"1\",\"schemaVersion\":\"1.0.0\"},\"typedlinkfield\":{\"settings\":null,\"licenseKey\":null,\"enabled\":\"1\",\"schemaVersion\":\"1.0.0\"},\"seo\":{\"settings\":null,\"licenseKey\":null,\"enabled\":\"1\",\"schemaVersion\":\"3.1.0\"},\"contact-form-honeypot\":{\"settings\":{\"honeypotParam\":\"test\"},\"licenseKey\":null,\"enabled\":\"1\",\"schemaVersion\":\"1.0.0\"}},\"email\":{\"fromEmail\":\"web@agencezel.com\",\"fromName\":\"Painchaud\",\"transportType\":\"craft\\\\mail\\\\transportadapters\\\\Sendmail\"},\"system\":{\"edition\":\"solo\",\"live\":true,\"name\":\"CRC Maison Painchaud\",\"timeZone\":\"America/Los_Angeles\",\"schemaVersion\":\"3.1.28\"},\"imageTransforms\":{\"0efc1aa7-18df-4bcf-aace-4a8961ae7de5\":{\"name\":\"Activités\",\"handle\":\"activities\",\"mode\":\"crop\",\"position\":\"center-center\",\"width\":764,\"height\":446,\"format\":null,\"quality\":null,\"interlace\":\"none\"},\"24c034e6-dee6-465a-97e5-4f1bcc1c3383\":{\"name\":\"Programmes et services | Accueil\",\"handle\":\"homePS\",\"mode\":\"crop\",\"position\":\"center-center\",\"width\":514,\"height\":500,\"format\":null,\"quality\":null,\"interlace\":\"none\"},\"35d9a62a-401c-4796-b6c7-d13e6d94e424\":{\"name\":\"partenaires\",\"handle\":\"partners\",\"mode\":\"crop\",\"position\":\"center-center\",\"width\":null,\"height\":120,\"format\":null,\"quality\":null,\"interlace\":\"none\"},\"5b24ffe7-2e0c-426d-b09c-75db1f3dbad7\":{\"name\":\"Banniere - Accueil\",\"handle\":\"bannerHome\",\"mode\":\"crop\",\"position\":\"center-center\",\"width\":1680,\"height\":689,\"format\":null,\"quality\":null,\"interlace\":\"none\"},\"626128b4-742c-4128-964d-3e2594efe208\":{\"name\":\"Maison Painchaud\",\"handle\":\"view\",\"mode\":\"crop\",\"position\":\"center-center\",\"width\":405,\"height\":405,\"format\":null,\"quality\":null,\"interlace\":\"none\"},\"e0af690c-6dd7-44dd-a42c-d5d6f9147ee5\":{\"name\":\"Bannière - Page\",\"handle\":\"bannerPage\",\"mode\":\"crop\",\"position\":\"center-center\",\"width\":1680,\"height\":430,\"format\":null,\"quality\":null,\"interlace\":\"none\"}},\"routes\":{\"42bd20d4-691e-46dd-9ed3-dbf04b3bda6f\":{\"uriParts\":[\"/activites/\"],\"uriPattern\":\"/activites/\",\"template\":\"_pages/activites.html\",\"sortOrder\":1,\"siteUid\":null}},\"superTableBlockTypes\":{\"062ed927-a797-45b7-b88c-8b6eb55167b7\":{\"field\":\"143ee622-014a-4e19-8ced-167280c3df48\",\"fieldLayouts\":{\"4bf9a90f-611e-4305-ab50-e41b08382956\":{\"tabs\":[{\"name\":\"Content\",\"sortOrder\":\"1\",\"fields\":{\"35f8d985-fc77-4f65-b1a1-8f09864a4a8d\":{\"required\":\"0\",\"sortOrder\":\"2\"},\"5ff0d11d-a75c-416a-8a04-f722cfae1369\":{\"required\":\"0\",\"sortOrder\":\"1\"}}}]}},\"fields\":{\"35f8d985-fc77-4f65-b1a1-8f09864a4a8d\":{\"name\":\"Élément(s)\",\"handle\":\"accordionTab\",\"instructions\":\"\",\"searchable\":\"1\",\"translationMethod\":\"site\",\"translationKeyFormat\":null,\"type\":\"craft\\\\fields\\\\Matrix\",\"settings\":{\"minBlocks\":\"\",\"maxBlocks\":\"\",\"contentTable\":\"{{%matrixcontent_accordiontab}}\",\"localizeBlocks\":false},\"fieldGroup\":null,\"contentColumnType\":\"string\"},\"5ff0d11d-a75c-416a-8a04-f722cfae1369\":{\"name\":\"Titre\",\"handle\":\"accordionTitle\",\"instructions\":\"\",\"searchable\":\"1\",\"translationMethod\":\"none\",\"translationKeyFormat\":null,\"type\":\"craft\\\\fields\\\\PlainText\",\"settings\":{\"placeholder\":\"\",\"code\":\"\",\"multiline\":\"\",\"initialRows\":\"4\",\"charLimit\":\"\",\"columnType\":\"text\"},\"fieldGroup\":null,\"contentColumnType\":\"text\"}}},\"18237d05-e80c-4b0e-8dbc-db03e2ce4a1d\":{\"field\":\"4f3e5f9a-dc18-48f7-b5d4-df57e97f840a\",\"fieldLayouts\":{\"27a9050b-fb44-4451-a1e8-2710294eef25\":{\"tabs\":[{\"name\":\"Content\",\"sortOrder\":\"1\",\"fields\":{\"8a494d0d-cebd-44e1-b2c7-d3575236ab86\":{\"required\":\"0\",\"sortOrder\":\"1\"},\"ffbc9e0e-5aaa-4637-ba90-b77236ff6b3d\":{\"required\":\"0\",\"sortOrder\":\"2\"}}}]}},\"fields\":{\"8a494d0d-cebd-44e1-b2c7-d3575236ab86\":{\"name\":\"Titre\",\"handle\":\"accordionTitle\",\"instructions\":\"\",\"searchable\":\"1\",\"translationMethod\":\"none\",\"translationKeyFormat\":null,\"type\":\"craft\\\\fields\\\\PlainText\",\"settings\":{\"placeholder\":\"\",\"code\":\"\",\"multiline\":\"\",\"initialRows\":\"4\",\"charLimit\":\"\",\"columnType\":\"text\"},\"fieldGroup\":null,\"contentColumnType\":\"text\"},\"ffbc9e0e-5aaa-4637-ba90-b77236ff6b3d\":{\"name\":\"Élément\",\"handle\":\"accordionBlocElement\",\"instructions\":\"\",\"searchable\":\"1\",\"translationMethod\":\"site\",\"translationKeyFormat\":null,\"type\":\"craft\\\\fields\\\\Matrix\",\"settings\":{\"minBlocks\":\"\",\"maxBlocks\":\"\",\"contentTable\":\"{{%matrixcontent_accordionblocelement}}\",\"localizeBlocks\":false},\"fieldGroup\":null,\"contentColumnType\":\"string\"}}},\"55b159c8-de70-4fc0-a529-445e143f2c1a\":{\"field\":\"7f72c319-c7a4-4fd4-b423-6ca9135e502d\",\"fieldLayouts\":{\"99104e28-9b02-43bb-abfe-505fb791c523\":{\"tabs\":[{\"name\":\"Content\",\"sortOrder\":\"1\",\"fields\":{\"3eb021f0-cdc1-427b-9979-3a536cbf6102\":{\"required\":\"0\",\"sortOrder\":\"2\"},\"8583b697-72ac-4425-a9cb-2e2bd1f9ecde\":{\"required\":\"0\",\"sortOrder\":\"1\"}}}]}},\"fields\":{\"3eb021f0-cdc1-427b-9979-3a536cbf6102\":{\"name\":\"Accordéon\",\"handle\":\"accordeon\",\"instructions\":\"\",\"searchable\":\"1\",\"translationMethod\":\"site\",\"translationKeyFormat\":null,\"type\":\"craft\\\\fields\\\\Matrix\",\"settings\":{\"minBlocks\":\"\",\"maxBlocks\":\"\",\"contentTable\":\"{{%matrixcontent_accordeon}}\",\"localizeBlocks\":false},\"fieldGroup\":null,\"contentColumnType\":\"string\"},\"8583b697-72ac-4425-a9cb-2e2bd1f9ecde\":{\"name\":\"Liste de fichiers\",\"handle\":\"pageListFiles\",\"instructions\":\"\",\"searchable\":\"1\",\"translationMethod\":\"site\",\"translationKeyFormat\":null,\"type\":\"craft\\\\fields\\\\Assets\",\"settings\":{\"useSingleFolder\":\"\",\"defaultUploadLocationSource\":\"folder:6cc30839-6f8c-4980-8276-b27a3b3a5655\",\"defaultUploadLocationSubpath\":\"\",\"singleUploadLocationSource\":\"folder:6cc30839-6f8c-4980-8276-b27a3b3a5655\",\"singleUploadLocationSubpath\":\"\",\"restrictFiles\":\"\",\"allowedKinds\":[\"pdf\"],\"sources\":[\"folder:6cc30839-6f8c-4980-8276-b27a3b3a5655\"],\"source\":null,\"targetSiteId\":null,\"viewMode\":\"list\",\"limit\":\"\",\"selectionLabel\":\"Veuillez ajouter un ou plusieurs fichier(s)\",\"localizeRelations\":false},\"fieldGroup\":null,\"contentColumnType\":\"string\"}}}}}',NULL,'CXmuw7KadrwP','2018-10-14 21:15:05','2019-07-04 18:32:56','d2ba7bab-9844-4ca7-884a-4a5fc0d85864');
/*!40000 ALTER TABLE `info` ENABLE KEYS */;
UNLOCK TABLES;
commit;

--
-- Dumping data for table `matrixblocks`
--

LOCK TABLES `matrixblocks` WRITE;
/*!40000 ALTER TABLE `matrixblocks` DISABLE KEYS */;
set autocommit=0;
INSERT INTO `matrixblocks` VALUES (48,2,NULL,25,6,1,NULL,'2018-11-30 14:19:22','2018-12-14 10:52:45','43063c6e-2ec0-4018-b180-9fa1f1dbf3b2'),(49,2,NULL,25,6,2,NULL,'2018-11-30 14:19:22','2018-12-14 10:52:45','04bd29f2-0acd-4d71-b8b3-ca0ce6eea500'),(50,2,NULL,25,6,3,NULL,'2018-11-30 14:19:22','2018-12-14 10:52:45','283026ba-58db-4a64-8796-01021a85ae4e'),(51,2,NULL,25,6,4,NULL,'2018-11-30 14:19:22','2018-12-14 10:52:45','0c06d0c6-a0a1-423e-9f99-8d4e79fd481b'),(61,10,NULL,38,7,1,NULL,'2018-12-01 05:17:36','2018-12-10 23:12:31','34ea22e5-1a9a-4ffb-b8a9-4eb8d099b377'),(62,10,NULL,38,7,2,NULL,'2018-12-01 05:58:56','2018-12-10 23:12:31','54c0256e-f683-4ca6-8151-bee2300802ba'),(63,10,NULL,38,7,3,NULL,'2018-12-01 05:59:17','2018-12-10 23:12:32','f04bd354-c22c-4d55-b301-5a204c82c3ae'),(64,10,NULL,38,7,4,NULL,'2018-12-01 06:28:44','2018-12-10 23:12:32','f04fab9a-3d16-4538-8a34-499faa9e7ac2'),(71,15,NULL,2,3,1,NULL,'2018-12-01 13:44:52','2018-12-03 21:13:03','b6757099-628d-4164-aa5f-38e4743dc9b6'),(76,74,NULL,10,4,1,NULL,'2018-12-01 13:46:40','2018-12-03 21:13:04','8a44ecf4-ac12-4af8-8f7a-b82f2e5d874c'),(77,17,NULL,2,3,1,NULL,'2018-12-01 14:03:08','2018-12-03 21:58:04','d3f82792-6fb6-4103-ac39-6c70d0866674'),(79,78,NULL,10,5,1,NULL,'2018-12-01 14:03:08','2018-12-03 21:58:04','dd46716d-1374-4e81-a1e1-d92f485cf3c2'),(80,78,NULL,10,4,2,NULL,'2018-12-01 14:03:08','2018-12-03 21:58:04','3a438cc7-1921-4b86-ab17-f28889d1dfe1'),(81,78,NULL,10,4,3,NULL,'2018-12-01 14:03:08','2018-12-03 21:58:04','b4a63037-d487-43fe-afd3-209873a8d091'),(82,78,NULL,10,4,4,NULL,'2018-12-01 14:03:08','2018-12-03 21:58:04','c0df78c2-b7d7-4212-b975-5f6e7b5474a0'),(83,78,NULL,10,4,5,NULL,'2018-12-01 14:03:08','2018-12-03 21:58:04','d8fdb9d1-44c9-4bf6-980e-dd63d392600b'),(84,78,NULL,10,4,6,NULL,'2018-12-01 14:03:08','2018-12-03 21:58:04','ddf609f6-e790-4a0f-a4a0-cf0a8bdab274'),(87,85,NULL,10,4,1,NULL,'2018-12-01 15:19:48','2018-12-03 21:58:04','e4faa57a-9ceb-4387-b63c-50672400b643'),(98,97,NULL,51,9,1,NULL,'2018-12-03 21:56:37','2018-12-14 08:30:42','7a17e1ae-53ba-421c-ad5c-9f78a12ea23a'),(99,97,NULL,51,8,2,NULL,'2018-12-03 22:04:02','2018-12-14 08:30:42','2f7c1e84-30a1-4284-9255-2af1f644f755'),(100,97,NULL,51,8,3,NULL,'2018-12-03 22:04:02','2018-12-14 08:30:42','ec6c6f2a-027a-4643-89cf-3c811ee73538'),(101,97,NULL,51,8,4,NULL,'2018-12-03 22:04:02','2018-12-14 08:30:42','05b82545-7205-495b-bdd5-58dafcc7e455'),(102,97,NULL,51,8,5,NULL,'2018-12-03 22:04:03','2018-12-14 08:30:43','ebb81b5f-014e-4782-8e08-c4f77579ddc1'),(103,97,NULL,51,8,6,NULL,'2018-12-03 22:04:03','2018-12-14 08:30:43','879a3b07-da8a-4f46-a6e2-8c44212fdbbf'),(224,12,NULL,84,10,1,NULL,'2018-12-10 20:18:06','2018-12-10 20:26:24','39ca18c3-791e-4b8e-81a4-a029bdd6c8a3'),(225,12,NULL,84,10,2,NULL,'2018-12-10 20:18:06','2018-12-10 20:26:24','4c83031f-c11f-4b35-859c-898c740b1ea3'),(226,12,NULL,84,10,3,NULL,'2018-12-10 20:21:51','2018-12-10 20:26:24','ecfcb01b-9239-4101-a54d-08866b2fe76c'),(227,12,NULL,84,10,4,NULL,'2018-12-10 20:21:51','2018-12-10 20:26:24','a9e9f31d-ab77-430f-8024-7042ac03a54d');
/*!40000 ALTER TABLE `matrixblocks` ENABLE KEYS */;
UNLOCK TABLES;
commit;

--
-- Dumping data for table `matrixblocktypes`
--

LOCK TABLES `matrixblocktypes` WRITE;
/*!40000 ALTER TABLE `matrixblocktypes` DISABLE KEYS */;
set autocommit=0;
INSERT INTO `matrixblocktypes` VALUES (1,4,5,'Teste','asdzdf',1,'2018-11-27 22:38:44','2018-11-27 22:38:44','aeaa13c8-4d0f-4009-b0f5-085f67dd3ea0'),(2,4,6,'234','sdf',2,'2018-11-27 22:38:44','2018-11-27 22:38:45','509b8beb-ebdb-4c59-a275-a218a9fc4ab5'),(3,2,8,'Onglet','accordionTable',1,'2018-11-27 22:45:27','2018-12-03 21:20:55','79e37266-006b-457a-a6e6-de0bf8eb22ef'),(4,10,10,'Contenu','accordionblocA',1,'2018-11-27 22:49:54','2018-12-03 21:20:55','04049933-adf4-4709-9862-2516acea20bb'),(5,10,11,'Première lettre','accordionblocB',2,'2018-11-28 00:19:33','2018-12-03 21:20:55','bf62d16d-2fed-4d70-867f-db1a26f68704'),(6,25,24,'Partenaire','partnersTab',1,'2018-11-30 14:15:21','2018-11-30 14:15:21','84d45a67-928e-410a-be3c-288acfda9f84'),(7,38,26,'Membre de l\'équipe','teamMemberTab',1,'2018-12-01 05:09:01','2018-12-01 05:09:01','246a0bc1-597b-4623-a927-9b5abcb8f609'),(8,51,27,'Contenu','accordionBlocA',1,'2018-12-03 21:12:49','2018-12-03 21:26:07','e9b218e3-508b-4335-8ca3-639a41ba5880'),(9,51,28,'Première lettre','accordionBlocB',2,'2018-12-03 21:12:49','2018-12-03 21:26:07','c5bcbd11-0884-4fda-908b-5ba888c28e65'),(10,84,31,'Section','pageFilesListTab',1,'2018-12-10 20:11:22','2018-12-10 20:20:34','db5299c4-d63b-455b-a701-1e09b93412ea');
/*!40000 ALTER TABLE `matrixblocktypes` ENABLE KEYS */;
UNLOCK TABLES;
commit;

--
-- Dumping data for table `matrixcontent_accordeon`
--

LOCK TABLES `matrixcontent_accordeon` WRITE;
/*!40000 ALTER TABLE `matrixcontent_accordeon` DISABLE KEYS */;
set autocommit=0;
/*!40000 ALTER TABLE `matrixcontent_accordeon` ENABLE KEYS */;
UNLOCK TABLES;
commit;

--
-- Dumping data for table `matrixcontent_accordion`
--

LOCK TABLES `matrixcontent_accordion` WRITE;
/*!40000 ALTER TABLE `matrixcontent_accordion` DISABLE KEYS */;
set autocommit=0;
INSERT INTO `matrixcontent_accordion` VALUES (1,71,1,'2018-12-01 13:44:52','2018-12-03 21:13:03','9711e242-b14d-46d9-89dd-637f4360d501',NULL),(2,77,1,'2018-12-01 14:03:08','2018-12-03 21:58:04','b59ac793-9cc9-43ba-9b5e-d9cf787aaf94',NULL);
/*!40000 ALTER TABLE `matrixcontent_accordion` ENABLE KEYS */;
UNLOCK TABLES;
commit;

--
-- Dumping data for table `matrixcontent_accordionblocelement`
--

LOCK TABLES `matrixcontent_accordionblocelement` WRITE;
/*!40000 ALTER TABLE `matrixcontent_accordionblocelement` DISABLE KEYS */;
set autocommit=0;
INSERT INTO `matrixcontent_accordionblocelement` VALUES (2,76,1,'2018-12-01 13:46:40','2018-12-03 21:13:04','2e45642c-f732-4615-9c04-e6d356ee9ab9',NULL,NULL,NULL,'<p>Outre ses activités professionnelles, le CRC Painchaud offre, dans une ambiance chaleureuse, des installations et des services adaptés aux besoins de sa clientèle.</p>\n\n\n\n\n\n\n\n\n<ul><li>Environnement agréable, fraîchement rénové et chaleureux</li><li>24 chambres permettant une occupation individuelle, double ou quadruple</li><li>Cuisine : dîners et soupers préparés par une équipe dynamique, soucieuse d’offrir un menu varié et équilibré, respectant le Guide Alimentaire Canadien</li><li>Comprenant soupe, salade, plat principal et dessert</li><li>Casse-croûte : déjeuner et pause café</li><li>Salon équipé d’un téléviseur à écran plat, d’un lecteur DVD et d’une console de jeux wii</li><li>Buanderie sur chaque étage</li><li>Cour arrière et stationnement</li><li>Salle de jeux équipée: table de billard, téléviseur à écran plat, jeu de tennis sur table, table de soccer et équipement de conditionnement physique fonctionnel</li><li>Activités de groupe variées incluant la zoothérapie</li></ul>'),(3,79,1,'2018-12-01 14:03:08','2018-12-03 21:58:04','c5c0d389-bb84-4b4e-b7a2-7aaf125bc378',NULL,NULL,'<p>Il s’agit d’un programme pour des personnes présentant un trouble de comportement sexuel.</p>\n<ul><li>P rise de conscience</li><li>R econnaissance et responsabilisation</li><li>I dentification de mes facteurs de risque et de protection</li><li>S avoir m’affirmer et répondre à mes besoins fondamentaux adéquatement</li><li>M \'éloigneront de la récidive comportementale</li><li>E t favoriseront ma croissance personnelle</li></ul>',NULL),(4,80,1,'2018-12-01 14:03:08','2018-12-03 21:58:04','cec42e9b-a8da-4f1d-a9b1-1050f80e6d90','But',NULL,NULL,'<p>Le programme vise la prise en charge de l’individu en lien avec son trouble de déviance sexuelle.</p>'),(5,81,1,'2018-12-01 14:03:08','2018-12-03 21:58:04','6807dd24-5f71-4c86-9705-16111dadc9c6','Objectifs',NULL,NULL,'<ul><li>Favoriser la remise en question et la reconnaissance du participant vis-à-vis ses comportements sexuels déviants.</li><li>Aider le participant à identifier les facteurs de risque ainsi que les indices précurseurs de ses comportements.</li><li>Sensibiliser le participant aux différents moyens pouvant être utilisés pour éviter la récidive sexuelle.</li></ul>'),(6,82,1,'2018-12-01 14:03:08','2018-12-03 21:58:04','47618dd8-fbc2-4402-9bb3-36409ef2a317','Durée',NULL,NULL,'<p>Programme offert en groupe au coût de 210 $</p>'),(7,83,1,'2018-12-01 14:03:08','2018-12-03 21:58:04','e55f5eeb-77eb-4be9-b27a-edbae2bd7601','Autres renseignements',NULL,NULL,'<ul><li>Entrevue d’évaluation</li><li>Un suivi individuel peut être offert suite à l’évaluation des besoins de l’intervenante aux programmes</li></ul>'),(8,84,1,'2018-12-01 14:03:08','2018-12-03 21:58:04','5fc53b28-9559-43a9-890f-0d100c56e9ca','Inscription',NULL,NULL,'<p>Responsable :</p>\n<ul><li>Madame Lina Cloutier</li><li>418 661-0203 poste 230</li></ul>'),(9,87,1,'2018-12-01 15:19:48','2018-12-03 21:58:04','c0272843-53a3-42c6-b5e2-47bdce303484','But',NULL,NULL,'<p>loren</p>');
/*!40000 ALTER TABLE `matrixcontent_accordionblocelement` ENABLE KEYS */;
UNLOCK TABLES;
commit;

--
-- Dumping data for table `matrixcontent_accordiontab`
--

LOCK TABLES `matrixcontent_accordiontab` WRITE;
/*!40000 ALTER TABLE `matrixcontent_accordiontab` DISABLE KEYS */;
set autocommit=0;
INSERT INTO `matrixcontent_accordiontab` VALUES (2,98,1,'2018-12-03 21:56:37','2018-12-14 08:30:42','c2148e58-762d-4603-97e9-72450a533041',NULL,NULL,NULL,'<p>Il s’agit d’un programme pour des personnes présentant un trouble de comportement sexuel.</p>\n<ul><li>Prise de conscience</li><li>Reconnaissance et responsabilisation</li><li>Identification de mes facteurs de risque et de protection</li><li>Savoir m’affirmer et répondre à mes besoins fondamentaux adéquatement</li><li>M’éloigneront de la récidive comportementale</li><li>Et favoriseront ma croissance personnelle</li></ul>'),(3,99,1,'2018-12-03 22:04:02','2018-12-14 08:30:42','69e81a3f-5aac-425a-bead-fe25a025c921','<p>Le programme vise la prise en charge de l’individu en lien avec son trouble de déviance sexuelle.</p>',NULL,'But',NULL),(4,100,1,'2018-12-03 22:04:02','2018-12-14 08:30:42','c29207af-75c0-4744-8c66-4bb59753e013','<ul><li>Favoriser la remise en question et la reconnaissance du participant vis-à-vis ses comportements sexuels déviants.</li><li>Aider le participant à identifier les facteurs de risque ainsi que les indices précurseurs de ses comportements.</li><li>Sensibiliser le participant aux différents moyens pouvant être utilisés pour éviter la récidive sexuelle.</li></ul>',NULL,'Objectifs',NULL),(5,101,1,'2018-12-03 22:04:02','2018-12-14 08:30:42','bfa624c4-4bd8-4101-8b6d-5b81b8d9b051','<p>Programme offert en groupe au coût de 210 $</p>',NULL,'Durée',NULL),(6,102,1,'2018-12-03 22:04:03','2018-12-14 08:30:43','9c325bc8-02ef-40fd-9310-4939b140972d','<ul><li>Entrevue d’évaluation</li><li>Un suivi individuel peut être offert suite à l’évaluation des besoins de l’intervenante aux programmes</li></ul>',NULL,'Autres renseignements',NULL),(7,103,1,'2018-12-03 22:04:03','2018-12-14 08:30:43','78b7a71c-c70b-4d72-8431-4a6ff9cbc76c','<p>Responsable :</p>\n<ul><li>Madame Lina Cloutier</li><li>418 661-0203 poste 230</li></ul>',NULL,'Inscription',NULL);
/*!40000 ALTER TABLE `matrixcontent_accordiontab` ENABLE KEYS */;
UNLOCK TABLES;
commit;

--
-- Dumping data for table `matrixcontent_globalopenenvironmentemail`
--

LOCK TABLES `matrixcontent_globalopenenvironmentemail` WRITE;
/*!40000 ALTER TABLE `matrixcontent_globalopenenvironmentemail` DISABLE KEYS */;
set autocommit=0;
/*!40000 ALTER TABLE `matrixcontent_globalopenenvironmentemail` ENABLE KEYS */;
UNLOCK TABLES;
commit;

--
-- Dumping data for table `matrixcontent_pagefileslist`
--

LOCK TABLES `matrixcontent_pagefileslist` WRITE;
/*!40000 ALTER TABLE `matrixcontent_pagefileslist` DISABLE KEYS */;
set autocommit=0;
INSERT INTO `matrixcontent_pagefileslist` VALUES (1,224,1,'2018-12-10 20:18:06','2018-12-10 20:26:24','cf3bf26a-c9bc-485e-8744-0824d8939a22','La maison Painchaud'),(2,225,1,'2018-12-10 20:18:06','2018-12-10 20:26:24','a1794a9a-8974-428a-b241-f04e12d540fc','Rapports annuels'),(3,226,1,'2018-12-10 20:21:51','2018-12-10 20:26:24','d7251e3c-1d02-431d-b23e-127954613df0','Documents pour les usagers'),(4,227,1,'2018-12-10 20:21:51','2018-12-10 20:26:24','573dfbaf-ae62-423c-b7e5-7e3cad324ff5','Documents internes');
/*!40000 ALTER TABLE `matrixcontent_pagefileslist` ENABLE KEYS */;
UNLOCK TABLES;
commit;

--
-- Dumping data for table `matrixcontent_partners`
--

LOCK TABLES `matrixcontent_partners` WRITE;
/*!40000 ALTER TABLE `matrixcontent_partners` DISABLE KEYS */;
set autocommit=0;
INSERT INTO `matrixcontent_partners` VALUES (1,48,1,'2018-11-30 14:19:22','2018-12-14 10:52:45','d2c6a0ba-2e5a-45d3-a434-2341860810d3','{\"ariaLabel\":null,\"customText\":null,\"target\":null,\"title\":null,\"type\":\"url\",\"value\":\"https://www.cciquebec.ca\"}'),(2,49,1,'2018-11-30 14:19:22','2018-12-14 10:52:45','ea25c4cd-93f5-4897-bcb6-c8eca1924f44','{\"ariaLabel\":null,\"customText\":null,\"target\":null,\"title\":null,\"type\":\"url\",\"value\":\"https://www.rimas.qc.ca/\"}'),(3,50,1,'2018-11-30 14:19:22','2018-12-14 10:52:45','8d058a84-1a5c-4c15-a0e4-09744cdc61b8','{\"ariaLabel\":null,\"customText\":null,\"target\":null,\"title\":null,\"type\":\"url\",\"value\":\"https://www.ciusss-capitalenationale.gouv.qc.ca/institut-universitaire-en-sante-mentale-de-quebec-iusmq\"}'),(4,51,1,'2018-11-30 14:19:22','2018-12-14 10:52:45','7577b2e6-eafc-4cab-9a1a-3e652ea2002b','{\"ariaLabel\":null,\"customText\":null,\"target\":null,\"title\":null,\"type\":\"url\",\"value\":\"http://www.societecrimino.qc.ca/\"}');
/*!40000 ALTER TABLE `matrixcontent_partners` ENABLE KEYS */;
UNLOCK TABLES;
commit;

--
-- Dumping data for table `matrixcontent_teammember`
--

LOCK TABLES `matrixcontent_teammember` WRITE;
/*!40000 ALTER TABLE `matrixcontent_teammember` DISABLE KEYS */;
set autocommit=0;
INSERT INTO `matrixcontent_teammember` VALUES (2,61,1,'2018-12-01 05:17:36','2018-12-10 23:12:31','a6dc1ef1-d1f7-4bc6-822d-c2f883de5df8','Christine Lamarche, CRHA','Directrice générale','232','clamarche@maisonpainchaud.org','<p>Christine Lamarche est détentrice d’un baccalauréat en psychologie et d’un certificat universitaire en gestion des ressources humaines. Elle a complété le programme Complexité, conscience et gestion offert aux cadres par la faculté d’administration de l’Université Laval.<br /></p>\n<p>Depuis 2006, elle est membre de l’Ordre des conseillers en ressources humaines agréés (CRHA). Christine a débuté sa carrière en intervention clinique en CRC avant de se diriger en ressources humaines. Pendant plus de dix ans, elle a occupé des postes à responsabilité croissante en gestion des ressources humaines dans les secteurs privé et public avant de joindre La Maison Painchaud, en 2009, à titre de directrice générale. </p>\n<p>Elle est chargée de la gestion et de la direction générale des activités de l’organisation dans le but d’en réaliser la mission et les objectifs. Elle assure la supervision des membres de l’équipe de gestion.</p>'),(3,62,1,'2018-12-01 05:58:56','2018-12-10 23:12:31','06044188-c079-46e6-b73f-7ce9e93a7ad6','Annie Leclerc, CRHA','Coordonnatrice des ressources humaines et financières','233','aleclerc@maisonpainchaud.org','<p>Annie Leclerc est détentrice d’un baccalauréat en relations industrielles, d’un certificat universitaire en psychologie et d’une technique collégiale en comptabilité et gestion. Elle est membre de l’Ordre des conseillers en ressources humaines agréés (CRHA).</p>\n<p>Elle a travaillé plusieurs années au sein d’une organisation publique. Ses principales responsabilités sont la comptabilité, la paie, les relations avec les fournisseurs et la gestion des ressources humaines et administratives de La Maison Painchaud.</p>\n<p>Elle s’est jointe à La Maison Painchaud en 2015. Elle assure la supervision du personnel du service alimentaire et effectue la liaison avec l’équipe d’agents de sécurité.</p>'),(4,63,1,'2018-12-01 05:59:17','2018-12-10 23:12:32','061bf4bf-dd30-48e3-8a4a-18fefc15e5b2','Maude Paré Cardinal','Chef d’équipe à l’hébergement','223','mparecardinal@maisonpainchaud.org','<p>Maude Paré Cardinal possède un baccalauréat en psychologie, une maîtrise en criminologie, un certificat en toxicomanie ainsi que le microprogramme en sexualité humaine offert à l’Université Laval. Elle travaille à La Maison Painchaud depuis 2015. </p>\n<p>Elle a occupé un poste d’intervenante clinique à la surveillance en milieu ouvert, d’intervenante aux programmes et à l’hébergement. Elle a été nommée au poste de chef d’équipe à l’hébergement à l’été 2018. Elle possède une solide expérience du suivi de la clientèle contrevenante de même que de la clientèle marginale ayant, au préalable, été travailleuse de milieu pendant plusieurs années. </p>\n<p>Maude est responsable de l’encadrement de l’équipe d’intervenantes à l’hébergement. Elle est également en charge des évaluations en vue d’une admission fédérales et provinciales.</p>'),(5,64,1,'2018-12-01 06:28:44','2018-12-10 23:12:32','0dfc21f8-2577-4485-98ac-548508123341','Marie-Christine Girard','Chef d’équipe à la surveillance en milieu ouvert et aux programmes','227','mcgirard@maisonpainchaud.org','<p>Marie-Christine Girard détient un baccalauréat en travail social ainsi qu’un certificat en sexualité humaine (abus sexuels) de l’Université Laval. </p>\n<p>Elle travaille à La Maison Painchaud depuis 2007. Elle est responsable de l’encadrement de l’équipe de la SMO, de celle des intervenants aux programmes, des évaluations à l’Établissement de détention de Québec (EDQ) et de l’admission de la clientèle provinciale à La Maison Painchaud. Marie-Christine détient une excellente maîtrise du suivi des contrevenants sous juridiction provinciale ayant, pendant plusieurs années, effectué le suivi de cette clientèle. </p>\n<p>À travers ses nombreuses années à La Maison Painchaud, elle a collaboré à l’animation des programmes thérapeutiques de l’organisation, leur révision et leur évaluation.</p>');
/*!40000 ALTER TABLE `matrixcontent_teammember` ENABLE KEYS */;
UNLOCK TABLES;
commit;

--
-- Dumping data for table `migrations`
--

LOCK TABLES `migrations` WRITE;
/*!40000 ALTER TABLE `migrations` DISABLE KEYS */;
set autocommit=0;
INSERT INTO `migrations` VALUES (1,NULL,'app','Install','2018-10-14 21:15:06','2018-10-14 21:15:06','2018-10-14 21:15:06','6ea83613-c7c1-477d-8ca7-c703200ad9be'),(2,NULL,'app','m150403_183908_migrations_table_changes','2018-10-14 21:15:06','2018-10-14 21:15:06','2018-10-14 21:15:06','470c2a14-f76a-4341-8766-794953c5b8ad'),(3,NULL,'app','m150403_184247_plugins_table_changes','2018-10-14 21:15:06','2018-10-14 21:15:06','2018-10-14 21:15:06','c946b9a5-0a56-43f6-adf3-216bc00bd36c'),(4,NULL,'app','m150403_184533_field_version','2018-10-14 21:15:06','2018-10-14 21:15:06','2018-10-14 21:15:06','e4f5303e-4336-486c-975c-cef317e40aaf'),(5,NULL,'app','m150403_184729_type_columns','2018-10-14 21:15:06','2018-10-14 21:15:06','2018-10-14 21:15:06','9e82d22b-b9d1-4c1d-b768-ddbbd6476f0e'),(6,NULL,'app','m150403_185142_volumes','2018-10-14 21:15:06','2018-10-14 21:15:06','2018-10-14 21:15:06','95485e1f-a7ed-4d8e-bd70-800d778235b1'),(7,NULL,'app','m150428_231346_userpreferences','2018-10-14 21:15:06','2018-10-14 21:15:06','2018-10-14 21:15:06','d469c86b-b5e0-4642-8c28-9ec164192e87'),(8,NULL,'app','m150519_150900_fieldversion_conversion','2018-10-14 21:15:06','2018-10-14 21:15:06','2018-10-14 21:15:06','1573df26-3390-4a12-b288-a1c84a01fcf2'),(9,NULL,'app','m150617_213829_update_email_settings','2018-10-14 21:15:06','2018-10-14 21:15:06','2018-10-14 21:15:06','34ba9d4f-126f-4cb1-8aa6-28e51179d0b8'),(10,NULL,'app','m150721_124739_templatecachequeries','2018-10-14 21:15:06','2018-10-14 21:15:06','2018-10-14 21:15:06','937624d9-bf5a-47fa-8ef7-895b157ab86b'),(11,NULL,'app','m150724_140822_adjust_quality_settings','2018-10-14 21:15:06','2018-10-14 21:15:06','2018-10-14 21:15:06','ab0f552b-d6fa-4ca2-9865-38141d274acd'),(12,NULL,'app','m150815_133521_last_login_attempt_ip','2018-10-14 21:15:06','2018-10-14 21:15:06','2018-10-14 21:15:06','38fc154a-aee5-4360-898c-a9147b58e660'),(13,NULL,'app','m151002_095935_volume_cache_settings','2018-10-14 21:15:06','2018-10-14 21:15:06','2018-10-14 21:15:06','bd4d3500-7184-40cd-b32d-b460c86e8b4d'),(14,NULL,'app','m151005_142750_volume_s3_storage_settings','2018-10-14 21:15:06','2018-10-14 21:15:06','2018-10-14 21:15:06','43f96e4c-3be7-4614-9a9f-728bd216c298'),(15,NULL,'app','m151016_133600_delete_asset_thumbnails','2018-10-14 21:15:06','2018-10-14 21:15:06','2018-10-14 21:15:06','4fd8b8cb-621a-47bd-bb78-2c6458cf1c1b'),(16,NULL,'app','m151209_000000_move_logo','2018-10-14 21:15:06','2018-10-14 21:15:06','2018-10-14 21:15:06','7f264a5a-9420-479f-9a6d-a3e0c2cba221'),(17,NULL,'app','m151211_000000_rename_fileId_to_assetId','2018-10-14 21:15:06','2018-10-14 21:15:06','2018-10-14 21:15:06','aed163aa-62f6-4f4b-aca7-4c502c42e6d9'),(18,NULL,'app','m151215_000000_rename_asset_permissions','2018-10-14 21:15:06','2018-10-14 21:15:06','2018-10-14 21:15:06','6b15ab12-b49c-419d-99cb-6177f8ddd6b6'),(19,NULL,'app','m160707_000001_rename_richtext_assetsource_setting','2018-10-14 21:15:06','2018-10-14 21:15:06','2018-10-14 21:15:06','401a28a9-e4a2-4629-99fc-0e5b3757af1e'),(20,NULL,'app','m160708_185142_volume_hasUrls_setting','2018-10-14 21:15:06','2018-10-14 21:15:06','2018-10-14 21:15:06','7f399395-d3e2-4613-8722-c7a1fbfdeac5'),(21,NULL,'app','m160714_000000_increase_max_asset_filesize','2018-10-14 21:15:06','2018-10-14 21:15:06','2018-10-14 21:15:06','dc77ef65-358c-43c4-a88f-1652b5ffc4d7'),(22,NULL,'app','m160727_194637_column_cleanup','2018-10-14 21:15:06','2018-10-14 21:15:06','2018-10-14 21:15:06','fa262ec8-7eb1-4a47-9b4c-c0bbebfa6d65'),(23,NULL,'app','m160804_110002_userphotos_to_assets','2018-10-14 21:15:06','2018-10-14 21:15:06','2018-10-14 21:15:06','6c30e15c-ac34-4881-8016-75466d86f21e'),(24,NULL,'app','m160807_144858_sites','2018-10-14 21:15:06','2018-10-14 21:15:06','2018-10-14 21:15:06','974a643c-5c1b-4095-b251-732e0430df38'),(25,NULL,'app','m160829_000000_pending_user_content_cleanup','2018-10-14 21:15:06','2018-10-14 21:15:06','2018-10-14 21:15:06','018ba0cc-6e8b-4c29-8cab-b109977553f3'),(26,NULL,'app','m160830_000000_asset_index_uri_increase','2018-10-14 21:15:06','2018-10-14 21:15:06','2018-10-14 21:15:06','b7733c1a-c49a-4214-8192-7e6e91c445e7'),(27,NULL,'app','m160912_230520_require_entry_type_id','2018-10-14 21:15:06','2018-10-14 21:15:06','2018-10-14 21:15:06','f5ebc752-bb41-41e7-87c3-47f3f5399234'),(28,NULL,'app','m160913_134730_require_matrix_block_type_id','2018-10-14 21:15:06','2018-10-14 21:15:06','2018-10-14 21:15:06','aa4585dc-309b-49f6-8121-b72bcd0f777a'),(29,NULL,'app','m160920_174553_matrixblocks_owner_site_id_nullable','2018-10-14 21:15:06','2018-10-14 21:15:06','2018-10-14 21:15:06','852bba60-9e1a-4d96-a24d-da8377765bcb'),(30,NULL,'app','m160920_231045_usergroup_handle_title_unique','2018-10-14 21:15:06','2018-10-14 21:15:06','2018-10-14 21:15:06','b40afc7e-be4e-464f-9ab1-55e171e2a607'),(31,NULL,'app','m160925_113941_route_uri_parts','2018-10-14 21:15:06','2018-10-14 21:15:06','2018-10-14 21:15:06','d6c50cf4-22c5-417c-800d-cc462f6e3cd4'),(32,NULL,'app','m161006_205918_schemaVersion_not_null','2018-10-14 21:15:06','2018-10-14 21:15:06','2018-10-14 21:15:06','df4611db-5bcf-411b-a727-1b62e19bbaa5'),(33,NULL,'app','m161007_130653_update_email_settings','2018-10-14 21:15:06','2018-10-14 21:15:06','2018-10-14 21:15:06','46527fda-f0ee-4a39-8904-4b71fc21ee83'),(34,NULL,'app','m161013_175052_newParentId','2018-10-14 21:15:06','2018-10-14 21:15:06','2018-10-14 21:15:06','851dccfb-f2d7-4140-823f-e9da1cb0a63d'),(35,NULL,'app','m161021_102916_fix_recent_entries_widgets','2018-10-14 21:15:06','2018-10-14 21:15:06','2018-10-14 21:15:06','74b73c39-bab9-4479-90c5-894c608f9c30'),(36,NULL,'app','m161021_182140_rename_get_help_widget','2018-10-14 21:15:06','2018-10-14 21:15:06','2018-10-14 21:15:06','f6599e7c-adfa-4fad-b28f-a5715adf29e2'),(37,NULL,'app','m161025_000000_fix_char_columns','2018-10-14 21:15:06','2018-10-14 21:15:06','2018-10-14 21:15:06','dfa1eb85-bc5b-4e3b-8a68-e399c85cd58d'),(38,NULL,'app','m161029_124145_email_message_languages','2018-10-14 21:15:06','2018-10-14 21:15:06','2018-10-14 21:15:06','ad526f40-626b-4884-9dd5-929e45d9e45d'),(39,NULL,'app','m161108_000000_new_version_format','2018-10-14 21:15:06','2018-10-14 21:15:06','2018-10-14 21:15:06','111039d4-d527-41c6-9e01-fb03b7e8e889'),(40,NULL,'app','m161109_000000_index_shuffle','2018-10-14 21:15:06','2018-10-14 21:15:06','2018-10-14 21:15:06','5ec8a0d4-231a-4edd-b90e-1b171a7938ca'),(41,NULL,'app','m161122_185500_no_craft_app','2018-10-14 21:15:06','2018-10-14 21:15:06','2018-10-14 21:15:06','fe771400-01c0-44b7-b30d-9e89f203ace7'),(42,NULL,'app','m161125_150752_clear_urlmanager_cache','2018-10-14 21:15:06','2018-10-14 21:15:06','2018-10-14 21:15:06','649f4ef5-f83c-40e6-a944-3d03b5731045'),(43,NULL,'app','m161220_000000_volumes_hasurl_notnull','2018-10-14 21:15:06','2018-10-14 21:15:06','2018-10-14 21:15:06','31897bf1-b01e-44a1-9fdd-fcd6ab41ea2f'),(44,NULL,'app','m170114_161144_udates_permission','2018-10-14 21:15:06','2018-10-14 21:15:06','2018-10-14 21:15:06','56b3b00e-604e-4d8d-827d-457f8fea4d3e'),(45,NULL,'app','m170120_000000_schema_cleanup','2018-10-14 21:15:06','2018-10-14 21:15:06','2018-10-14 21:15:06','9a023432-15d4-4c02-8bb2-e9b6b9d9ba64'),(46,NULL,'app','m170126_000000_assets_focal_point','2018-10-14 21:15:06','2018-10-14 21:15:06','2018-10-14 21:15:06','6e0a9494-a149-4dc0-9006-4c8b7b21d73e'),(47,NULL,'app','m170206_142126_system_name','2018-10-14 21:15:06','2018-10-14 21:15:06','2018-10-14 21:15:06','ba639a96-e4ba-4569-87be-0b8c5460231c'),(48,NULL,'app','m170217_044740_category_branch_limits','2018-10-14 21:15:06','2018-10-14 21:15:06','2018-10-14 21:15:06','ae361c87-3f65-4a98-930b-5a6b1bf7cf5f'),(49,NULL,'app','m170217_120224_asset_indexing_columns','2018-10-14 21:15:06','2018-10-14 21:15:06','2018-10-14 21:15:06','4330a1ce-33a4-4fad-8f03-a4d39d39a461'),(50,NULL,'app','m170223_224012_plain_text_settings','2018-10-14 21:15:06','2018-10-14 21:15:06','2018-10-14 21:15:06','0469d4e5-0b36-4dda-b474-e3d2e485f87f'),(51,NULL,'app','m170227_120814_focal_point_percentage','2018-10-14 21:15:06','2018-10-14 21:15:06','2018-10-14 21:15:06','7261759f-4ca7-4849-9abb-f10cfefb836e'),(52,NULL,'app','m170228_171113_system_messages','2018-10-14 21:15:06','2018-10-14 21:15:06','2018-10-14 21:15:06','c9b8fc86-9e50-4d50-8773-5cdbea1b3474'),(53,NULL,'app','m170303_140500_asset_field_source_settings','2018-10-14 21:15:06','2018-10-14 21:15:06','2018-10-14 21:15:06','8baba6c9-9581-4ef2-8f3f-6d189b5d59e8'),(54,NULL,'app','m170306_150500_asset_temporary_uploads','2018-10-14 21:15:06','2018-10-14 21:15:06','2018-10-14 21:15:06','e93f3fb4-00fc-4b7e-8ab7-324a277c8291'),(55,NULL,'app','m170414_162429_rich_text_config_setting','2018-10-14 21:15:06','2018-10-14 21:15:06','2018-10-14 21:15:06','f6e3400c-cb33-4022-b9cb-97fb73dbbca5'),(56,NULL,'app','m170523_190652_element_field_layout_ids','2018-10-14 21:15:06','2018-10-14 21:15:06','2018-10-14 21:15:06','47c47737-c198-45cd-a4ea-6df83042c023'),(57,NULL,'app','m170612_000000_route_index_shuffle','2018-10-14 21:15:06','2018-10-14 21:15:06','2018-10-14 21:15:06','c1392825-f44d-4d99-acc6-d7dfe708d855'),(58,NULL,'app','m170621_195237_format_plugin_handles','2018-10-14 21:15:06','2018-10-14 21:15:06','2018-10-14 21:15:06','e9ef67b2-0c46-4745-a620-b5c44eebf1b0'),(59,NULL,'app','m170630_161028_deprecation_changes','2018-10-14 21:15:06','2018-10-14 21:15:06','2018-10-14 21:15:06','fb3000bf-5458-49fc-82b9-e07e88cbf335'),(60,NULL,'app','m170703_181539_plugins_table_tweaks','2018-10-14 21:15:06','2018-10-14 21:15:06','2018-10-14 21:15:06','e2d65ea4-80a5-472a-87a2-189db586cc3c'),(61,NULL,'app','m170704_134916_sites_tables','2018-10-14 21:15:06','2018-10-14 21:15:06','2018-10-14 21:15:06','bd4433d3-e342-4ffe-9d24-4d5d3e353529'),(62,NULL,'app','m170706_183216_rename_sequences','2018-10-14 21:15:06','2018-10-14 21:15:06','2018-10-14 21:15:06','b37d2bee-ae0c-4a78-b5ff-aa55eff3542c'),(63,NULL,'app','m170707_094758_delete_compiled_traits','2018-10-14 21:15:06','2018-10-14 21:15:06','2018-10-14 21:15:06','42716f7e-fba1-4c86-8ad3-c803a2cc04bb'),(64,NULL,'app','m170731_190138_drop_asset_packagist','2018-10-14 21:15:06','2018-10-14 21:15:06','2018-10-14 21:15:06','bb7f871a-52e1-4637-bef4-a90b0f1e29d1'),(65,NULL,'app','m170810_201318_create_queue_table','2018-10-14 21:15:06','2018-10-14 21:15:06','2018-10-14 21:15:06','57e51cdf-4862-495c-8185-4d61f9df0640'),(66,NULL,'app','m170816_133741_delete_compiled_behaviors','2018-10-14 21:15:06','2018-10-14 21:15:06','2018-10-14 21:15:06','a7de5f81-609d-4979-9d0a-52432b33ea7b'),(67,NULL,'app','m170821_180624_deprecation_line_nullable','2018-10-14 21:15:06','2018-10-14 21:15:06','2018-10-14 21:15:06','5b47c9ef-ac27-48ff-894b-fd0846ba5342'),(68,NULL,'app','m170903_192801_longblob_for_queue_jobs','2018-10-14 21:15:06','2018-10-14 21:15:06','2018-10-14 21:15:06','0d186761-2e6e-4f17-b7d8-1973d89b180d'),(69,NULL,'app','m170914_204621_asset_cache_shuffle','2018-10-14 21:15:06','2018-10-14 21:15:06','2018-10-14 21:15:06','513bc790-7bdd-45ca-ae75-bcd353183efd'),(70,NULL,'app','m171011_214115_site_groups','2018-10-14 21:15:06','2018-10-14 21:15:06','2018-10-14 21:15:06','7d1867bf-0952-4efb-98be-7b712cc27d03'),(71,NULL,'app','m171012_151440_primary_site','2018-10-14 21:15:06','2018-10-14 21:15:06','2018-10-14 21:15:06','ce90dcae-f9cd-4079-8f1e-8f918f11ff3b'),(72,NULL,'app','m171013_142500_transform_interlace','2018-10-14 21:15:06','2018-10-14 21:15:06','2018-10-14 21:15:06','345dd383-0b7c-49b3-97bd-9e26b9024484'),(73,NULL,'app','m171016_092553_drop_position_select','2018-10-14 21:15:06','2018-10-14 21:15:06','2018-10-14 21:15:06','fd27b815-aad1-49f9-8439-13ad309d0f58'),(74,NULL,'app','m171016_221244_less_strict_translation_method','2018-10-14 21:15:06','2018-10-14 21:15:06','2018-10-14 21:15:06','872c7188-c292-4007-9001-9bcc739f8aca'),(75,NULL,'app','m171107_000000_assign_group_permissions','2018-10-14 21:15:06','2018-10-14 21:15:06','2018-10-14 21:15:06','b2c288d9-a017-45f2-af85-e2cc61a8fa74'),(76,NULL,'app','m171117_000001_templatecache_index_tune','2018-10-14 21:15:06','2018-10-14 21:15:06','2018-10-14 21:15:06','69661e47-f147-48da-b961-04ef03810145'),(77,NULL,'app','m171126_105927_disabled_plugins','2018-10-14 21:15:06','2018-10-14 21:15:06','2018-10-14 21:15:06','98e7cf7f-0d8c-4541-a035-8ec5ee18a820'),(78,NULL,'app','m171130_214407_craftidtokens_table','2018-10-14 21:15:06','2018-10-14 21:15:06','2018-10-14 21:15:06','86e13574-bbe7-44cb-980a-e5d26015f0cb'),(79,NULL,'app','m171202_004225_update_email_settings','2018-10-14 21:15:06','2018-10-14 21:15:06','2018-10-14 21:15:06','6732e862-3ce9-4eec-a62a-15b3019a7a1b'),(80,NULL,'app','m171204_000001_templatecache_index_tune_deux','2018-10-14 21:15:06','2018-10-14 21:15:06','2018-10-14 21:15:06','71773677-4ea7-43e8-9af8-9eee2a386ee0'),(81,NULL,'app','m171205_130908_remove_craftidtokens_refreshtoken_column','2018-10-14 21:15:06','2018-10-14 21:15:06','2018-10-14 21:15:06','d8d13dff-ac53-4bcf-9b68-8ea79a278b1c'),(82,NULL,'app','m171218_143135_longtext_query_column','2018-10-14 21:15:06','2018-10-14 21:15:06','2018-10-14 21:15:06','a7671b68-c012-4929-b7a4-a780e66373c0'),(83,NULL,'app','m171231_055546_environment_variables_to_aliases','2018-10-14 21:15:06','2018-10-14 21:15:06','2018-10-14 21:15:06','96e80ead-8fdb-4d82-9634-cf4d606a8ad3'),(84,NULL,'app','m180113_153740_drop_users_archived_column','2018-10-14 21:15:06','2018-10-14 21:15:06','2018-10-14 21:15:06','1d998b56-4960-4c83-b6fc-05d30f810d97'),(85,NULL,'app','m180122_213433_propagate_entries_setting','2018-10-14 21:15:06','2018-10-14 21:15:06','2018-10-14 21:15:06','f7cfb964-ea4c-4179-a53b-1a620e53b15c'),(86,NULL,'app','m180124_230459_fix_propagate_entries_values','2018-10-14 21:15:06','2018-10-14 21:15:06','2018-10-14 21:15:06','39266e6f-e6cb-46f0-8b95-4e3476e79025'),(87,NULL,'app','m180128_235202_set_tag_slugs','2018-10-14 21:15:06','2018-10-14 21:15:06','2018-10-14 21:15:06','3618f397-f91b-42a8-93a2-368ce3dfbd77'),(88,NULL,'app','m180202_185551_fix_focal_points','2018-10-14 21:15:06','2018-10-14 21:15:06','2018-10-14 21:15:06','59b89d76-5f31-4e2c-9f85-36bac2841cd3'),(89,NULL,'app','m180217_172123_tiny_ints','2018-10-14 21:15:06','2018-10-14 21:15:06','2018-10-14 21:15:06','3ae756fb-6248-452d-9b60-2ef91b4ca6ea'),(90,NULL,'app','m180321_233505_small_ints','2018-10-14 21:15:06','2018-10-14 21:15:06','2018-10-14 21:15:06','e067e07d-0037-47f6-a70f-6b45a7035675'),(91,NULL,'app','m180328_115523_new_license_key_statuses','2018-10-14 21:15:06','2018-10-14 21:15:06','2018-10-14 21:15:06','3d4a864c-6425-4645-a9e8-5fdaa468a2f3'),(92,NULL,'app','m180404_182320_edition_changes','2018-10-14 21:15:06','2018-10-14 21:15:06','2018-10-14 21:15:06','4643ff2c-93e0-4d98-91bb-67aec956079b'),(93,NULL,'app','m180411_102218_fix_db_routes','2018-10-14 21:15:06','2018-10-14 21:15:06','2018-10-14 21:15:06','04df666b-463d-4b29-b0ce-b3ee2c0514bc'),(94,NULL,'app','m180416_205628_resourcepaths_table','2018-10-14 21:15:06','2018-10-14 21:15:06','2018-10-14 21:15:06','734cf0fa-3292-4d82-bd38-913c72580c7a'),(95,NULL,'app','m180418_205713_widget_cleanup','2018-10-14 21:15:06','2018-10-14 21:15:06','2018-10-14 21:15:06','bf9568e5-4cbc-4671-b389-37549c047486'),(96,NULL,'app','m180824_193422_case_sensitivity_fixes','2018-10-14 21:15:06','2018-10-14 21:15:06','2018-10-14 21:15:06','820a5ea9-aa73-454e-a4d2-e01509239a87'),(97,NULL,'app','m180901_151639_fix_matrixcontent_tables','2018-10-14 21:15:06','2018-10-14 21:15:06','2018-10-14 21:15:06','eb61d877-c08d-4cda-abd1-a59ebd4874ef'),(98,1,'plugin','m180430_204710_remove_old_plugins','2018-10-14 21:22:40','2018-10-14 21:22:40','2018-10-14 21:22:40','c9a6763d-d69e-41f1-8b4e-c363ce37d290'),(99,1,'plugin','Install','2018-10-14 21:22:40','2018-10-14 21:22:40','2018-10-14 21:22:40','6d43b1cc-6efb-43f2-8bef-3446b5fa2ee6'),(100,NULL,'app','m181112_203955_sequences_table','2018-11-27 21:34:52','2018-11-27 21:34:52','2018-11-27 21:34:52','cef4e106-17a2-4ac9-a3a2-e75d86454e2e'),(101,2,'plugin','Install','2018-11-27 22:02:25','2018-11-27 22:02:25','2018-11-27 22:02:25','1533cfba-9749-466e-be31-8158a1529b06'),(102,2,'plugin','m180210_000000_migrate_content_tables','2018-11-27 22:02:25','2018-11-27 22:02:25','2018-11-27 22:02:25','374ce80e-0400-4b47-a384-ba5a61782f83'),(103,2,'plugin','m180211_000000_type_columns','2018-11-27 22:02:25','2018-11-27 22:02:25','2018-11-27 22:02:25','36d66c70-bd72-45e3-a742-923d45e96f61'),(104,2,'plugin','m180219_000000_sites','2018-11-27 22:02:25','2018-11-27 22:02:25','2018-11-27 22:02:25','99a8b86d-2683-4a26-a755-dbe68f2bf9c2'),(105,2,'plugin','m180220_000000_fix_context','2018-11-27 22:02:25','2018-11-27 22:02:25','2018-11-27 22:02:25','d643b992-b017-469b-920c-a425c11db96c'),(106,4,'plugin','Install','2018-11-27 22:27:05','2018-11-27 22:27:05','2018-11-27 22:27:05','5a19526b-f720-4a3f-bf89-69340fbb6c82'),(107,7,'plugin','Install','2018-12-14 13:16:03','2018-12-14 13:16:03','2018-12-14 13:16:03','e715f396-f030-436b-a7eb-0234c02f8ae0'),(108,7,'plugin','m180906_152947_add_site_id_to_redirects','2018-12-14 13:16:03','2018-12-14 13:16:03','2018-12-14 13:16:03','27f3b8b1-029f-43f9-a418-8d79df020359'),(109,NULL,'app','m170630_161027_deprecation_line_nullable','2019-07-04 18:30:07','2019-07-04 18:30:07','2019-07-04 18:30:07','7eb5c759-8ed7-43e3-9e3c-202ba575e9dc'),(110,NULL,'app','m180425_203349_searchable_fields','2019-07-04 18:30:07','2019-07-04 18:30:07','2019-07-04 18:30:07','bb186934-7c07-41c7-9536-b9ecefc8c982'),(111,NULL,'app','m180516_153000_uids_in_field_settings','2019-07-04 18:30:07','2019-07-04 18:30:07','2019-07-04 18:30:07','eb6a34d9-c2d4-437f-9515-00d1e19bbefd'),(112,NULL,'app','m180517_173000_user_photo_volume_to_uid','2019-07-04 18:30:08','2019-07-04 18:30:08','2019-07-04 18:30:08','430e5947-bad9-4355-b646-170492642a01'),(113,NULL,'app','m180518_173000_permissions_to_uid','2019-07-04 18:30:08','2019-07-04 18:30:08','2019-07-04 18:30:08','9825227b-80a1-43bd-ae19-4bdad1664d62'),(114,NULL,'app','m180520_173000_matrix_context_to_uids','2019-07-04 18:30:08','2019-07-04 18:30:08','2019-07-04 18:30:08','d50f5ecb-21c9-46a3-993e-06104d04fbfd'),(115,NULL,'app','m180521_173000_initial_yml_and_snapshot','2019-07-04 18:30:08','2019-07-04 18:30:08','2019-07-04 18:30:08','3710a759-247b-413c-a5eb-8919472242ac'),(116,NULL,'app','m180731_162030_soft_delete_sites','2019-07-04 18:30:08','2019-07-04 18:30:08','2019-07-04 18:30:08','684375fb-25f5-4ee3-9689-bdea938855df'),(117,NULL,'app','m180810_214427_soft_delete_field_layouts','2019-07-04 18:30:08','2019-07-04 18:30:08','2019-07-04 18:30:08','3a52e999-f90b-4d10-b1d0-a65fc4c6fe26'),(118,NULL,'app','m180810_214439_soft_delete_elements','2019-07-04 18:30:09','2019-07-04 18:30:09','2019-07-04 18:30:09','84c3eff1-0e0f-4a6b-9f2e-73a602698dd3'),(119,NULL,'app','m180904_112109_permission_changes','2019-07-04 18:30:09','2019-07-04 18:30:09','2019-07-04 18:30:09','cd4194db-118a-4942-85de-52525d86ae6e'),(120,NULL,'app','m180910_142030_soft_delete_sitegroups','2019-07-04 18:30:09','2019-07-04 18:30:09','2019-07-04 18:30:09','58d7b92b-835d-4768-9890-7d952a5baf58'),(121,NULL,'app','m181011_160000_soft_delete_asset_support','2019-07-04 18:30:09','2019-07-04 18:30:09','2019-07-04 18:30:09','3af5264c-c5a4-46d8-8b0f-11d4cf6379e2'),(122,NULL,'app','m181016_183648_set_default_user_settings','2019-07-04 18:30:09','2019-07-04 18:30:09','2019-07-04 18:30:09','791c4456-21c1-4238-b9e6-400bedfa2b3e'),(123,NULL,'app','m181017_225222_system_config_settings','2019-07-04 18:30:09','2019-07-04 18:30:09','2019-07-04 18:30:09','2de54244-7d79-48de-b293-ab247d84e8b0'),(124,NULL,'app','m181018_222343_drop_userpermissions_from_config','2019-07-04 18:30:09','2019-07-04 18:30:09','2019-07-04 18:30:09','d5af7ace-8b0e-4186-9c7d-e53f713929c2'),(125,NULL,'app','m181029_130000_add_transforms_routes_to_config','2019-07-04 18:30:09','2019-07-04 18:30:09','2019-07-04 18:30:09','c9ec6153-4b28-41ad-9a03-93b3f921b039'),(126,NULL,'app','m181121_001712_cleanup_field_configs','2019-07-04 18:30:09','2019-07-04 18:30:09','2019-07-04 18:30:09','df654b63-28a2-4a07-aa7a-ada8471d4769'),(127,NULL,'app','m181128_193942_fix_project_config','2019-07-04 18:30:09','2019-07-04 18:30:09','2019-07-04 18:30:09','30702515-36fb-4597-ba87-f08dec14b7f9'),(128,NULL,'app','m181130_143040_fix_schema_version','2019-07-04 18:30:09','2019-07-04 18:30:09','2019-07-04 18:30:09','57c62122-5473-4bc4-ab6a-6c9f9322b73d'),(129,NULL,'app','m181211_143040_fix_entry_type_uids','2019-07-04 18:30:09','2019-07-04 18:30:09','2019-07-04 18:30:09','3d4c98e6-e99d-4d43-b6ce-e3b03c09d589'),(130,NULL,'app','m181213_102500_config_map_aliases','2019-07-04 18:30:09','2019-07-04 18:30:09','2019-07-04 18:30:09','e4c25308-6016-4dbe-bedc-4e5769b3c88e'),(131,NULL,'app','m181217_153000_fix_structure_uids','2019-07-04 18:30:09','2019-07-04 18:30:09','2019-07-04 18:30:09','994a29f1-c4e7-44cc-ad6a-a950dfca7711'),(132,NULL,'app','m190104_152725_store_licensed_plugin_editions','2019-07-04 18:30:09','2019-07-04 18:30:09','2019-07-04 18:30:09','e02f3c4b-4b78-4747-9d1f-f07f4db1eb6e'),(133,NULL,'app','m190108_110000_cleanup_project_config','2019-07-04 18:30:09','2019-07-04 18:30:09','2019-07-04 18:30:09','8d6e69c0-a56b-40c6-9b22-51cfb53461a1'),(134,NULL,'app','m190108_113000_asset_field_setting_change','2019-07-04 18:30:09','2019-07-04 18:30:09','2019-07-04 18:30:09','72b8f712-76cd-4f90-b268-71779efb4cf6'),(135,NULL,'app','m190109_172845_fix_colspan','2019-07-04 18:30:10','2019-07-04 18:30:10','2019-07-04 18:30:10','d79475cc-65fb-4fee-88d9-3d7006491a6e'),(136,NULL,'app','m190110_150000_prune_nonexisting_sites','2019-07-04 18:30:10','2019-07-04 18:30:10','2019-07-04 18:30:10','91b36df0-d7e1-4ac7-8a6e-9f95cfa1afa6'),(137,NULL,'app','m190110_214819_soft_delete_volumes','2019-07-04 18:30:10','2019-07-04 18:30:10','2019-07-04 18:30:10','80f0f095-3115-4604-b733-997f73c5864f'),(138,NULL,'app','m190112_124737_fix_user_settings','2019-07-04 18:30:10','2019-07-04 18:30:10','2019-07-04 18:30:10','7fcaf1ec-772a-4904-8ee6-020c571edea1'),(139,NULL,'app','m190112_131225_fix_field_layouts','2019-07-04 18:30:10','2019-07-04 18:30:10','2019-07-04 18:30:10','460ecab6-881f-4810-9df7-3ba21be2e212'),(140,NULL,'app','m190112_201010_more_soft_deletes','2019-07-04 18:30:11','2019-07-04 18:30:11','2019-07-04 18:30:11','d462c6cf-2e4b-492a-8d0e-cd0c600eba1a'),(141,NULL,'app','m190114_143000_more_asset_field_setting_changes','2019-07-04 18:30:11','2019-07-04 18:30:11','2019-07-04 18:30:11','a650777c-e7d9-4ef3-9bcc-76533e53fb3c'),(142,NULL,'app','m190121_120000_rich_text_config_setting','2019-07-04 18:30:11','2019-07-04 18:30:11','2019-07-04 18:30:11','a93c7640-bf6f-4eb4-9d97-e1edc9c75749'),(143,NULL,'app','m190125_191628_fix_email_transport_password','2019-07-04 18:30:11','2019-07-04 18:30:11','2019-07-04 18:30:11','35970a4b-f519-45b1-a1c6-efde1fd52cf6'),(144,NULL,'app','m190128_181422_cleanup_volume_folders','2019-07-04 18:30:11','2019-07-04 18:30:11','2019-07-04 18:30:11','4b51645c-2710-40b8-a68e-63e3ad7ffc99'),(145,NULL,'app','m190205_140000_fix_asset_soft_delete_index','2019-07-04 18:30:11','2019-07-04 18:30:11','2019-07-04 18:30:11','cdbbc306-bce3-442b-b957-e9fc2dfbe542'),(146,NULL,'app','m190208_140000_reset_project_config_mapping','2019-07-04 18:30:11','2019-07-04 18:30:11','2019-07-04 18:30:11','6882af0b-5b83-4cbc-b973-9e5353331e74'),(147,NULL,'app','m190218_143000_element_index_settings_uid','2019-07-04 18:30:11','2019-07-04 18:30:11','2019-07-04 18:30:11','32826952-1d3a-4e8d-a611-a23d926e70e8'),(148,NULL,'app','m190401_223843_drop_old_indexes','2019-07-04 18:30:11','2019-07-04 18:30:11','2019-07-04 18:30:11','0bd38c0b-a7f6-41a9-a597-f24fde8a56e5'),(149,NULL,'app','m190416_014525_drop_unique_global_indexes','2019-07-04 18:30:11','2019-07-04 18:30:11','2019-07-04 18:30:11','a1240b62-79eb-4c5e-bc55-3961a65f741d'),(150,NULL,'app','m190502_122019_store_default_user_group_uid','2019-07-04 18:30:11','2019-07-04 18:30:11','2019-07-04 18:30:11','2fefd133-f5fb-48d2-a524-f8beea5a9a33'),(151,1,'plugin','m190225_003922_split_cleanup_html_settings','2019-07-04 18:32:55','2019-07-04 18:32:55','2019-07-04 18:32:55','472b3e32-427f-480e-9140-ea41ae07b4aa'),(152,7,'plugin','m190114_152300_upgrade_to_new_data_format','2019-07-04 18:32:55','2019-07-04 18:32:55','2019-07-04 18:32:55','7ad50108-c6a1-45eb-bd6b-92a7ac437658'),(153,2,'plugin','m190117_000000_soft_deletes','2019-07-04 18:32:55','2019-07-04 18:32:55','2019-07-04 18:32:55','2ec96cfa-1cc6-4730-b576-23a3b35147b9'),(154,2,'plugin','m190117_000001_context_to_uids','2019-07-04 18:32:55','2019-07-04 18:32:55','2019-07-04 18:32:55','db3b9d2f-8f47-4825-be4c-84fdf154a6d6'),(155,2,'plugin','m190120_000000_fix_supertablecontent_tables','2019-07-04 18:32:55','2019-07-04 18:32:55','2019-07-04 18:32:55','2a8f82f4-b9b4-45f9-bb1b-e5a717bcdbbc'),(156,2,'plugin','m190131_000000_fix_supertable_missing_fields','2019-07-04 18:32:55','2019-07-04 18:32:55','2019-07-04 18:32:55','c31d67aa-1acd-40df-8b29-96bbdb5f8ad0'),(157,2,'plugin','m190227_100000_fix_project_config','2019-07-04 18:32:55','2019-07-04 18:32:55','2019-07-04 18:32:55','007fafac-ac6b-489d-8b5b-cf80ea6c2e7c'),(158,2,'plugin','m190511_100000_fix_project_config','2019-07-04 18:32:55','2019-07-04 18:32:55','2019-07-04 18:32:55','9f42714c-3183-4ccf-b3ab-a10ea79da6d4'),(159,2,'plugin','m190520_000000_fix_project_config','2019-07-04 18:32:55','2019-07-04 18:32:55','2019-07-04 18:32:55','8a3f57e6-defe-4fc4-94a1-d6b3e3c48fd6');
/*!40000 ALTER TABLE `migrations` ENABLE KEYS */;
UNLOCK TABLES;
commit;

--
-- Dumping data for table `plugins`
--

LOCK TABLES `plugins` WRITE;
/*!40000 ALTER TABLE `plugins` DISABLE KEYS */;
set autocommit=0;
INSERT INTO `plugins` VALUES (1,'redactor','2.3.3.2','2.3.0','unknown',NULL,'2018-10-14 21:22:40','2018-10-14 21:22:40','2019-07-04 18:33:09','6299ab03-30e7-4bd3-81b7-c9d00c16f81d'),(2,'super-table','2.1.20','2.0.12','unknown',NULL,'2018-11-27 22:02:24','2018-11-27 22:02:24','2019-07-04 18:33:09','2e4a4c48-c4f1-458a-b095-85c5ae746c61'),(3,'contact-form','2.2.5','1.0.0','unknown',NULL,'2018-11-27 22:26:07','2018-11-27 22:26:07','2019-07-04 18:33:09','54d51041-9419-43a7-8fb4-18f82f623436'),(4,'contact-form-extensions','1.1.6','1.0.0','unknown',NULL,'2018-11-27 22:27:05','2018-11-27 22:27:05','2019-07-04 18:33:09','567e349d-3b5b-4107-887c-7941e4233b83'),(5,'typedlinkfield','1.0.19','1.0.0','unknown',NULL,'2018-11-28 01:06:15','2018-11-28 01:06:15','2019-07-04 18:33:09','c8c3a28e-7282-4541-961f-f758f3b5a2aa'),(7,'seo','3.5.4','3.1.0','unknown',NULL,'2018-12-14 13:16:03','2018-12-14 13:16:03','2019-07-04 18:33:09','59a9baaa-7f33-4eeb-9cc4-b6b302dae6c6'),(8,'contact-form-honeypot','1.0.2','1.0.0','unknown',NULL,'2019-01-05 23:14:48','2019-01-05 23:14:48','2019-07-04 18:33:09','05352c30-48c6-4520-b2f3-1d440e153ad7');
/*!40000 ALTER TABLE `plugins` ENABLE KEYS */;
UNLOCK TABLES;
commit;

--
-- Dumping data for table `queue`
--

LOCK TABLES `queue` WRITE;
/*!40000 ALTER TABLE `queue` DISABLE KEYS */;
set autocommit=0;
/*!40000 ALTER TABLE `queue` ENABLE KEYS */;
UNLOCK TABLES;
commit;

--
-- Dumping data for table `relations`
--

LOCK TABLES `relations` WRITE;
/*!40000 ALTER TABLE `relations` DISABLE KEYS */;
set autocommit=0;
INSERT INTO `relations` VALUES (241,16,9,NULL,108,1,'2018-12-04 02:22:15','2018-12-04 02:22:15','9d187cb1-b047-4d2c-9888-ec3a472f1004'),(242,58,9,NULL,109,1,'2018-12-04 02:22:15','2018-12-04 02:22:15','f22294c0-b00b-478f-a43a-7122b6fe5ad9'),(243,1,9,NULL,107,1,'2018-12-04 02:22:16','2018-12-04 02:22:16','2a1dfdff-fe34-4a7a-a6af-003bed312a55'),(244,1,9,NULL,104,2,'2018-12-04 02:22:16','2018-12-04 02:22:16','ef2a37b7-39be-46d3-8b28-80a1325729e4'),(245,1,9,NULL,105,3,'2018-12-04 02:22:16','2018-12-04 02:22:16','b55af09e-59cc-4d92-a49e-2266c48ca21d'),(252,16,11,NULL,110,1,'2018-12-04 02:32:24','2018-12-04 02:32:24','09717d84-e8dc-43e3-804e-08dd2ab120cb'),(253,1,11,NULL,107,1,'2018-12-04 02:32:24','2018-12-04 02:32:24','d26de3e4-484f-4f75-b24f-34483d401aa5'),(254,1,11,NULL,104,2,'2018-12-04 02:32:24','2018-12-04 02:32:24','488bdac6-bb2e-40cb-8396-6687346a04bf'),(255,1,11,NULL,105,3,'2018-12-04 02:32:24','2018-12-04 02:32:24','7e683154-4a20-423b-9353-e342a194a56e'),(261,16,13,NULL,217,1,'2018-12-05 15:19:39','2018-12-05 15:19:39','d1e80513-a664-4321-826a-e572e005e616'),(393,22,43,NULL,36,1,'2018-12-05 21:12:28','2018-12-05 21:12:28','43edfa17-a6da-4814-bb2d-302090725d44'),(394,23,43,NULL,41,1,'2018-12-05 21:12:28','2018-12-05 21:12:28','4ee97a6a-4b01-48ca-8f5b-a2abf6ff7e67'),(395,22,220,NULL,38,1,'2018-12-05 21:12:29','2018-12-05 21:12:29','0c80a164-fd29-45f4-8a39-1d4099587b43'),(396,23,220,NULL,39,1,'2018-12-05 21:12:29','2018-12-05 21:12:29','b518c18f-19b7-48e8-8365-e510e5e9f39f'),(397,22,221,NULL,38,1,'2018-12-05 21:12:29','2018-12-05 21:12:29','d61f1471-e453-427b-b87a-19079500f142'),(398,23,221,NULL,41,1,'2018-12-05 21:12:29','2018-12-05 21:12:29','9951fa67-6fd3-4baa-90e0-b04964d04497'),(401,22,14,NULL,38,1,'2018-12-05 21:12:33','2018-12-05 21:12:33','615c9226-c516-4454-91ad-f2fb27fa1c94'),(402,23,14,NULL,39,1,'2018-12-05 21:12:33','2018-12-05 21:12:33','7fd9d4c8-463f-4944-975e-4ca8bff668a2'),(416,16,12,NULL,216,1,'2018-12-10 20:26:24','2018-12-10 20:26:24','4ee35a51-0b16-4f6f-908f-2c0b8d5b99cf'),(417,86,224,NULL,105,1,'2018-12-10 20:26:24','2018-12-10 20:26:24','1954e71b-8a60-4b70-a263-b99ce14f4ece'),(418,86,224,NULL,107,2,'2018-12-10 20:26:24','2018-12-10 20:26:24','8f291502-3a2f-42dc-94c4-a54bb9429ea8'),(419,86,224,NULL,104,3,'2018-12-10 20:26:24','2018-12-10 20:26:24','aee8667f-1a44-43f1-a02e-80a25ec6b28d'),(420,86,225,NULL,107,1,'2018-12-10 20:26:24','2018-12-10 20:26:24','17338f2b-6ac6-47ce-b409-0fe9ac21bed4'),(421,86,225,NULL,104,2,'2018-12-10 20:26:24','2018-12-10 20:26:24','a5d7d621-bc87-417a-8669-e10789a4d988'),(422,86,225,NULL,105,3,'2018-12-10 20:26:24','2018-12-10 20:26:24','eb940dfb-5808-4c6c-9c1e-3d9d34ce5954'),(423,86,226,NULL,107,1,'2018-12-10 20:26:24','2018-12-10 20:26:24','9db7f72b-1041-4154-9aa3-ee9a5eaff417'),(424,86,226,NULL,104,2,'2018-12-10 20:26:24','2018-12-10 20:26:24','50dddf85-0c4f-430f-a328-3ba5d4fc83e5'),(425,86,226,NULL,105,3,'2018-12-10 20:26:24','2018-12-10 20:26:24','d142a3bd-0613-491c-8da5-85c4ff1d89d9'),(426,86,227,NULL,107,1,'2018-12-10 20:26:24','2018-12-10 20:26:24','9075dc31-65e0-427d-af54-a8fe097dabf1'),(427,86,227,NULL,104,2,'2018-12-10 20:26:24','2018-12-10 20:26:24','5a0b4e2c-763c-4b2b-8d0d-b54c51652e63'),(428,86,227,NULL,105,3,'2018-12-10 20:26:24','2018-12-10 20:26:24','f9b70ae3-01ee-457f-acbd-df1d2b6cd91a'),(429,16,10,NULL,58,1,'2018-12-10 23:12:31','2018-12-10 23:12:31','87c0c56d-8e88-40e3-8ca9-5417753658b8'),(430,33,10,NULL,59,1,'2018-12-10 23:12:31','2018-12-10 23:12:31','84a2fd46-5c6d-4c36-8f67-17bf3e0b92ef'),(431,45,10,NULL,69,1,'2018-12-10 23:12:32','2018-12-10 23:12:32','391fb92b-f7ad-4de9-b726-b09483221051'),(432,45,10,NULL,70,2,'2018-12-10 23:12:32','2018-12-10 23:12:32','21857e64-4c15-4c27-a167-632e078772da'),(433,45,10,NULL,65,3,'2018-12-10 23:12:32','2018-12-10 23:12:32','479df96e-9d2c-4e56-9491-1c2a7545df79'),(434,45,10,NULL,66,4,'2018-12-10 23:12:32','2018-12-10 23:12:32','d2e4ee79-0248-4b5a-a7c3-c717c04cb1e1'),(435,45,10,NULL,67,5,'2018-12-10 23:12:32','2018-12-10 23:12:32','be596614-a087-4658-a8ad-39ce61c6f84c'),(436,45,10,NULL,68,6,'2018-12-10 23:12:32','2018-12-10 23:12:32','38865957-4d8d-4959-b622-b68293b4e2ef'),(437,45,10,NULL,228,7,'2018-12-10 23:12:32','2018-12-10 23:12:32','411185c5-361b-4359-afae-dba514b73223'),(440,16,16,NULL,33,1,'2018-12-14 08:30:40','2018-12-14 08:30:40','51e43d44-afc3-4121-8185-2eb7646c6077'),(441,22,16,NULL,35,1,'2018-12-14 08:30:40','2018-12-14 08:30:40','e6cbc0e7-5e3e-4528-8d65-d7d429419079'),(442,16,17,NULL,30,1,'2018-12-14 08:30:40','2018-12-14 08:30:40','5d7a5268-d04b-45f4-ae3b-04f575235870'),(443,22,17,NULL,36,1,'2018-12-14 08:30:40','2018-12-14 08:30:40','06b0fe03-5631-4bce-beb9-0be93a590b5d'),(444,1,17,NULL,104,1,'2018-12-14 08:30:43','2018-12-14 08:30:43','6fd08ee5-b1fb-49c4-bbfb-b8490e6325d5'),(445,1,17,NULL,105,2,'2018-12-14 08:30:43','2018-12-14 08:30:43','6ecc4162-aa7f-4f20-8f0c-cc119038a1c3'),(446,1,17,NULL,107,3,'2018-12-14 08:30:43','2018-12-14 08:30:43','49840bfe-47e2-4efe-8a82-3e57e3cf5e9d'),(447,16,15,NULL,32,1,'2018-12-14 08:30:55','2018-12-14 08:30:55','828ef442-b386-453e-8270-2b3e349ed864'),(448,22,15,NULL,34,1,'2018-12-14 08:30:55','2018-12-14 08:30:55','4b17c519-d518-4247-bef9-9257b659b502'),(449,22,222,NULL,38,1,'2018-12-14 08:47:04','2018-12-14 08:47:04','72933fa1-7e91-449b-9f94-ccbdd240f55c'),(450,23,222,NULL,41,1,'2018-12-14 08:47:04','2018-12-14 08:47:04','5a78e540-c83e-4d36-801c-68cb60d09192'),(459,16,2,NULL,37,1,'2018-12-14 10:52:45','2018-12-14 10:52:45','c93010a1-a96d-4d50-aaf3-e3a485031894'),(460,26,48,NULL,52,1,'2018-12-14 10:52:45','2018-12-14 10:52:45','1e3f1694-809f-4623-93e9-f219cde63be1'),(461,26,49,NULL,53,1,'2018-12-14 10:52:45','2018-12-14 10:52:45','2fe9177c-fc47-4503-ba74-e432d529772b'),(462,26,50,NULL,54,1,'2018-12-14 10:52:45','2018-12-14 10:52:45','7c698efa-c2e4-4320-a339-ee2e3aaed9bc'),(463,26,51,NULL,55,1,'2018-12-14 10:52:45','2018-12-14 10:52:45','69d9a49e-9431-46d4-9502-2e033ba9b5f0'),(481,90,57,NULL,37,1,'2019-01-08 03:11:34','2019-01-08 03:11:34','14f7fd6a-4733-4ec9-9829-00e7ead878d8'),(482,60,57,NULL,108,1,'2019-01-08 03:11:34','2019-01-08 03:11:34','d382d4ea-2554-4cc4-954e-76417f9b4cf5'),(483,73,57,NULL,117,1,'2019-01-08 03:11:34','2019-01-08 03:11:34','db95573b-ba72-46d1-b7f1-049b58f1f972'),(484,74,57,NULL,218,1,'2019-01-08 03:11:34','2019-01-08 03:11:34','9656f7c3-8144-4c47-8783-c888d27f2d01'),(485,83,57,NULL,223,1,'2019-01-08 03:11:34','2019-01-08 03:11:34','a6eccfaa-dcc4-4c41-a221-605eafa913fa'),(533,16,342,NULL,58,1,'2019-07-04 17:22:53','2019-07-04 17:22:53','777bda33-36db-4eeb-ac5a-b8142f907215'),(534,92,342,NULL,45,1,'2019-07-04 17:22:53','2019-07-04 17:22:53','2d5a0617-a5d5-4e87-892d-393ff7f18dc9'),(535,92,342,NULL,52,2,'2019-07-04 17:22:53','2019-07-04 17:22:53','af78e9bb-8525-42cb-a43e-72637276f86b'),(536,92,342,NULL,53,3,'2019-07-04 17:22:53','2019-07-04 17:22:53','ce628e17-0723-4425-88ce-2989e9dca602'),(537,92,342,NULL,55,4,'2019-07-04 17:22:53','2019-07-04 17:22:53','eb1471b7-1652-480a-82a0-12ae672a20a4'),(538,92,342,NULL,44,5,'2019-07-04 17:22:53','2019-07-04 17:22:53','e131e764-5e71-4ccd-9659-588ece355bc7'),(539,92,342,NULL,54,6,'2019-07-04 17:22:53','2019-07-04 17:22:53','5ebc628f-f713-4c76-b93e-9975a6fba6ab'),(540,92,342,NULL,46,7,'2019-07-04 17:22:53','2019-07-04 17:22:53','6163eada-d7bb-4683-b57a-05bb191aa558'),(541,92,342,NULL,47,8,'2019-07-04 17:22:53','2019-07-04 17:22:53','b4645e53-17a1-4801-9751-8bdf3d54227e');
/*!40000 ALTER TABLE `relations` ENABLE KEYS */;
UNLOCK TABLES;
commit;

--
-- Dumping data for table `resourcepaths`
--

LOCK TABLES `resourcepaths` WRITE;
/*!40000 ALTER TABLE `resourcepaths` DISABLE KEYS */;
set autocommit=0;
INSERT INTO `resourcepaths` VALUES ('108e2983','@lib/garnishjs'),('11e16f16','@craft/web/assets/generalsettings/dist'),('121261eb','@lib/velocity'),('18539bb8','@app/web/assets/dashboard/dist'),('18ce3b4d','@craft/web/assets/updateswidget/dist'),('1b21c07d','@lib/fabric'),('201c260d','@craft/web/assets/updater/dist'),('22f80759','@lib/xregexp'),('23333e05','@lib/d3'),('2636a86e','@craft/web/assets/cp/dist'),('2651af31','@craft/redactor/assets/field/dist'),('26747923','@craft/web/assets/recententries/dist'),('282cd58e','@lib/datepicker-i18n'),('285db383','@app/web/assets/clearcaches/dist'),('289443d3','@lib/selectize'),('28b4281f','@lib/prismjs'),('28dea220','@lib/picturefill'),('295382ce','@craft/web/assets/updater/dist'),('2a322296','@lib/jquery-touch-events'),('2b0e2dc','@craft/web/assets/cp/dist'),('2b97226a','@lib/fileupload'),('2d961e54','@lib/picturefill'),('2fb73f7c','@craft/web/assets/updater/dist'),('337f2394','@lib/picturefill'),('34db1f56','@lib/jquery-touch-events'),('357e1faa','@lib/fileupload'),('37818262','@craft/web/assets/searchindexes/dist'),('39061f2e','@app/web/assets/plugins/dist'),('3af7b329','@bower/jquery/dist'),('3dda03c5','@lib/d3'),('469a4835','@craft/web/assets/sites/dist'),('4a5fa59f','@craft/web/assets/utilities/dist'),('4c7b2f2f','@lib/timepicker'),('4ca1885e','@bower/jquery/dist'),('4dafbcff','@lib/fabric'),('50687260','@craft/web/assets/tablesettings/dist'),('50990e6f','@craft/web/assets/matrix/dist'),('520ef8e8','@craft/web/assets/cp/dist'),('5449b209','@app/web/assets/matrix/dist'),('57e9c367','@craft/web/assets/utilities/dist'),('5812e18a','@lib/jquery.payment'),('5842da16','@craft/web/assets/utilities/dist'),('58e968c1','@lib/garnishjs'),('5b6b903d','@app/web/assets/editentry/dist'),('5c8fdbd','@lib/fabric'),('5d2e7f23','@lib/velocity'),('5ea667a4','@craft/web/assets/utilities/dist'),('604b94cc','@lib/datepicker-i18n'),('625563d4','@lib/jquery-touch-events'),('64c1428f','@lib/datepicker-i18n'),('65c32110','@typedlinkfield/resources'),('67010e10','@lib/selectize'),('6b547f47','@lib/d3'),('6bf0e773','@craft/web/assets/updater/dist'),('6d6d4a9a','@lib/xregexp'),('70266172','@vendor/craftcms/redactor/lib/redactor'),('7384775a','@lib/xregexp'),('787ac015','@craft/web/assets/fields/dist'),('79e833d0','@lib/selectize'),('7a2a12ea','@lib/element-resize-detector'),('7a514038','@app/web/assets/deprecationerrors/dist'),('7bcd523d','@app/web/assets/dashboard/dist'),('7caa7c73','@app/web/assets/fields/dist'),('7cea6e57','@lib/picturefill'),('7d195ee8','@lib/fileupload'),('7ea2a90c','@lib/datepicker-i18n'),('806e3078','@craft/web/assets/clearcaches/dist'),('8077f000','@craft/web/assets/feed/dist'),('807813bb','@craft/web/assets/edittransform/dist'),('80d17afe','@craft/web/assets/assetindexes/dist'),('87ffdeeb','@lib'),('886891bb','@craft/web/assets/dbbackup/dist'),('8a265f65','@lib/element-resize-detector'),('8b622bad','@app/web/assets/updater/dist'),('8d132013','@lib/selectize'),('8d353dfc','@app/web/assets/installer/dist'),('8eac8926','@lib/element-resize-detector'),('9045b4e6','@lib/element-resize-detector'),('9475995d','@lib/selectize'),('94cd0f00','@lib/datepicker-i18n'),('95a5d553','@app/web/assets/craftsupport/dist'),('9916e32b','@lib'),('99a34cdc','@craft/web/assets/cp/dist'),('9b377992','@app/web/assets/updateswidget/dist'),('9c83ecd2','@lib/fileupload'),('9dd30bff','@craft/web/assets/plugins/dist'),('9e19ddd7','@lib/xregexp'),('a13c22d3','@bower/jquery/dist'),('a3f8515a','@app/web/assets/pluginstore/dist'),('a58d3bfc','@app/web/assets/recententries/dist'),('a9cd5c7','@lib/jquery-ui'),('a9dcc632','@lib/jquery.payment'),('ac947a46','@lib/jquery.payment'),('ae5ae86e','@lib/velocity'),('b0b3d5ae','@lib/velocity'),('b1f9b36c','@lib/jquery-touch-events'),('b27d4786','@lib/jquery.payment'),('b478c0bd','@app/web/assets/searchindexes/dist'),('b48b6c2c','@lib/xregexp'),('b5f5ea48','@craft/web/assets/dbbackup/dist'),('b67d0f49','@lib/jquery-ui'),('b6943310','@craft/web/assets/updates/dist'),('b7647a89','@craft/web/assets/login/dist'),('b8c01c71','@app/web/assets/cp/dist'),('b973dafb','@lib/garnishjs'),('bb5eaf0b','@app/web/assets/feed/dist'),('bcbd2a1','@craft/web/assets/pluginstore/dist'),('bcfe090f','@app/web/assets/login/dist'),('bf62cd44','@craft/web/assets/craftsupport/dist'),('bfd51f13','@bower/jquery/dist'),('c00bb4d9','@lib/picturefill'),('c0e5899d','@craft/web/assets/updates/dist'),('c1db57cf','@app/web/assets/feed/dist'),('c1f88466','@lib/fileupload'),('c245e4b5','@app/web/assets/cp/dist'),('c601342f','@craft/web/assets/updates/dist'),('c67bf1cb','@app/web/assets/login/dist'),('c6b73837','@craft/web/assets/deprecationerrors/dist'),('c6cbc864','@lib/element-resize-detector'),('cf4e90ec','@craft/web/assets/updates/dist'),('cf8a35c9','@ether/seo/resources'),('d39130bf','@app/web/assets/tablesettings/dist'),('d5c86020','@craft/web/assets/editcategory/dist'),('d7b5a5c9','@lib/d3'),('d97da99e','@app/web/assets/pluginstore/dist'),('d99214cb','@craft/web/assets/editentry/dist'),('dabb5ee0','@app/web/assets/utilities/dist'),('deb4b95a','@lib/jquery-touch-events'),('df08c338','@app/web/assets/recententries/dist'),('e0f373cb','@lib/jquery-ui'),('e1cfa5ad','@lib/velocity'),('e408b24f','@lib/garnishjs'),('e4f33b04','@lib/jquery.payment'),('e671443','@lib/garnishjs'),('e6fe35a7','@craft/web/assets/matrixsettings/dist'),('e8fce228','@app/web/assets/updater/dist'),('e95b6391','@bower/jquery/dist'),('e9aba0a5','@lib/d3'),('eabe5269','@craft/web/assets/routes/dist'),('edbb39f4','@verbb/supertable/resources/dist'),('ef202d97','@app/web/assets/craftsupport/dist'),('f01103a0','@app/web/assets/matrixsettings/dist'),('f14e6671','@lib/fabric'),('f7b0c538','@app/web/assets/installer/dist'),('f8a9b017','@app/web/assets/updateswidget/dist'),('f934d6cb','@craft/web/assets/dashboard/dist'),('fa6fa943','@lib/fabric'),('fb52f27f','@lib/jquery-ui'),('fe1a4e0b','@lib/jquery-ui');
/*!40000 ALTER TABLE `resourcepaths` ENABLE KEYS */;
UNLOCK TABLES;
commit;

--
-- Dumping data for table `searchindex`
--

LOCK TABLES `searchindex` WRITE;
/*!40000 ALTER TABLE `searchindex` DISABLE KEYS */;
set autocommit=0;
INSERT INTO `searchindex` VALUES (53,'filename',0,1,' logo partenaire 2 svg '),(53,'extension',0,1,' svg '),(53,'kind',0,1,' image '),(53,'slug',0,1,''),(53,'title',0,1,' logo partenaire 2 '),(35,'filename',0,1,' maison painchaud surveillance milieu ouvert home jpg '),(35,'extension',0,1,' jpg '),(35,'kind',0,1,' image '),(35,'slug',0,1,''),(35,'title',0,1,' maison painchaud surveillance milieu ouvert home '),(34,'filename',0,1,' maison painchaud reinsertion sociale home jpg '),(34,'extension',0,1,' jpg '),(34,'kind',0,1,' image '),(34,'slug',0,1,''),(34,'title',0,1,' maison painchaud reinsertion sociale home '),(29,'filename',0,1,' placeholder jpeg '),(29,'extension',0,1,' jpeg '),(29,'kind',0,1,' image '),(29,'slug',0,1,''),(29,'title',0,1,' placeholder '),(36,'filename',0,1,' maison painchaud programmes therapeutiques home jpg '),(36,'extension',0,1,' jpg '),(36,'kind',0,1,' image '),(36,'slug',0,1,''),(36,'title',0,1,' maison painchaud programmes therapeutiques home '),(31,'filename',0,1,' dummy 1680x430 dealmaker plain jpg '),(31,'extension',0,1,' jpg '),(31,'kind',0,1,' image '),(31,'slug',0,1,''),(31,'title',0,1,' dummy 1680x430 dealmaker plain '),(58,'filename',0,1,' maison painchaud about png '),(58,'extension',0,1,' png '),(58,'kind',0,1,' image '),(58,'slug',0,1,''),(58,'title',0,1,' maison painchaud about '),(30,'filename',0,1,' placeholderv2 jpeg '),(30,'extension',0,1,' jpeg '),(30,'kind',0,1,' image '),(30,'slug',0,1,''),(30,'title',0,1,' placeholderv2 '),(32,'filename',0,1,' maison painchaud reinsertion sociale jpg '),(32,'extension',0,1,' jpg '),(32,'kind',0,1,' image '),(32,'slug',0,1,''),(32,'title',0,1,' maison painchaud reinsertion sociale '),(108,'filename',0,1,' maison painchaud admission jpg '),(108,'extension',0,1,' jpg '),(108,'kind',0,1,' image '),(108,'slug',0,1,''),(108,'title',0,1,' maison painchaud admission '),(47,'filename',0,1,' scq logo png '),(47,'extension',0,1,' png '),(47,'kind',0,1,' image '),(47,'slug',0,1,''),(47,'title',0,1,' scq logo '),(46,'filename',0,1,' rimas logo png '),(46,'extension',0,1,' png '),(46,'kind',0,1,' image '),(46,'slug',0,1,''),(46,'title',0,1,' rimas logo '),(33,'filename',0,1,' test png '),(33,'extension',0,1,' png '),(33,'kind',0,1,' image '),(33,'slug',0,1,''),(33,'title',0,1,' test '),(55,'filename',0,1,' logo partenaire 4 svg '),(55,'extension',0,1,' svg '),(55,'kind',0,1,' image '),(55,'slug',0,1,''),(55,'title',0,1,' logo partenaire 4 '),(54,'filename',0,1,' logo partenaire 3 svg '),(54,'extension',0,1,' svg '),(54,'kind',0,1,' image '),(54,'slug',0,1,''),(54,'title',0,1,' logo partenaire 3 '),(52,'filename',0,1,' logo partenaire 1 svg '),(52,'extension',0,1,' svg '),(52,'kind',0,1,' image '),(52,'slug',0,1,''),(52,'title',0,1,' logo partenaire 1 '),(37,'filename',0,1,' maison painchaud jpg '),(37,'extension',0,1,' jpg '),(37,'kind',0,1,' image '),(37,'slug',0,1,''),(37,'title',0,1,' maison painchaud '),(38,'filename',0,1,' news thumbnail jpg '),(38,'extension',0,1,' jpg '),(38,'kind',0,1,' image '),(38,'slug',0,1,''),(38,'title',0,1,' news thumbnail '),(44,'filename',0,1,' cciq logo png '),(44,'extension',0,1,' png '),(44,'kind',0,1,' image '),(44,'slug',0,1,''),(44,'title',0,1,' cciq logo '),(45,'filename',0,1,' iusmq logo png '),(45,'extension',0,1,' png '),(45,'kind',0,1,' image '),(45,'slug',0,1,''),(45,'title',0,1,' iusmq logo '),(110,'filename',0,1,' maison painchaud career jpg '),(110,'extension',0,1,' jpg '),(110,'kind',0,1,' image '),(110,'slug',0,1,''),(110,'title',0,1,' maison painchaud career '),(109,'filename',0,1,' maison painchaud critere admission jpg '),(109,'extension',0,1,' jpg '),(109,'kind',0,1,' image '),(109,'slug',0,1,''),(109,'title',0,1,' maison painchaud critere admission '),(65,'filename',0,1,' 440 jpeg '),(65,'extension',0,1,' jpeg '),(65,'kind',0,1,' image '),(65,'slug',0,1,''),(65,'title',0,1,' 440 '),(66,'filename',0,1,' 425 jpeg '),(66,'extension',0,1,' jpeg '),(66,'kind',0,1,' image '),(66,'slug',0,1,''),(66,'title',0,1,' 425 '),(67,'filename',0,1,' 420 jpeg '),(67,'extension',0,1,' jpeg '),(67,'kind',0,1,' image '),(67,'slug',0,1,''),(67,'title',0,1,' 420 '),(68,'filename',0,1,' 415 jpeg '),(68,'extension',0,1,' jpeg '),(68,'kind',0,1,' image '),(68,'slug',0,1,''),(68,'title',0,1,' 415 '),(59,'filename',0,1,' ana tavares 598934 unsplash jpg '),(59,'extension',0,1,' jpg '),(59,'kind',0,1,' image '),(59,'slug',0,1,''),(59,'title',0,1,' ana tavares 598934 unsplash '),(69,'filename',0,1,' 410 jpeg '),(69,'extension',0,1,' jpeg '),(69,'kind',0,1,' image '),(69,'slug',0,1,''),(69,'title',0,1,' 410 '),(70,'filename',0,1,' 405 jpeg '),(70,'extension',0,1,' jpeg '),(70,'kind',0,1,' image '),(70,'slug',0,1,''),(70,'title',0,1,' 405 '),(104,'filename',0,1,' 001 pdf '),(104,'extension',0,1,' pdf '),(104,'kind',0,1,' pdf '),(104,'slug',0,1,''),(104,'title',0,1,' guide de sejour des residents '),(105,'filename',0,1,' 001_181203_221958 pdf '),(105,'extension',0,1,' pdf '),(105,'kind',0,1,' pdf '),(105,'slug',0,1,''),(105,'title',0,1,' votre cadre de vie '),(107,'filename',0,1,' 001_181203_222027 pdf '),(107,'extension',0,1,' pdf '),(107,'kind',0,1,' pdf '),(107,'slug',0,1,''),(107,'title',0,1,' depliant maison painchaud '),(117,'filename',0,1,' maison painchaud 00 jpg '),(117,'extension',0,1,' jpg '),(117,'kind',0,1,' image '),(117,'slug',0,1,''),(117,'title',0,1,' maison painchaud 00 '),(39,'slug',0,1,' creation '),(39,'title',0,1,' creation '),(40,'slug',0,1,' repas communautaires '),(40,'title',0,1,' repas communautaires '),(41,'slug',0,1,' loisirs '),(41,'title',0,1,' loisirs '),(42,'slug',0,1,' culture '),(42,'title',0,1,' culture '),(2,'slug',0,1,' accueil '),(2,'title',0,1,' accueil '),(2,'field',16,1,' maison painchaud '),(2,'field',17,1,' quel que soit '),(2,'field',18,1,' votre passe '),(2,'field',19,1,' favoriser la reinsertion sociale '),(2,'field',20,1,' la maison painchaud est un centre residentiel communautaire crc situe dans le quartier limoilou a quebec notre mission est d accueillir une clientele adulte judiciarisee et d offrir de l hebergement de l encadrement des services de soutien et d accompagnement dans le but de favoriser la reinsertion sociale et ce tout en assurant la protection de la societe notre clientele provient des centres de detention et des penitenciers situes dans la province de quebec l intervention y est personnalisee et vise la prise en charge responsable de l individu dans la communaute ainsi que l acquisition d habiletes relationnelles et sociales un programme therapeutique la recherche d emploi le retour aux etudes le benevolat les loisirs sont autant de moyens preconises pour favoriser la reinsertion sociale '),(2,'field',21,1,' http painchaud test a propos '),(2,'field',25,1,' logo partenaire 1 https www cciquebec ca logo partenaire 2 https www rimas qc ca logo partenaire 3 https www ciusss capitalenationale gouv qc ca institut universitaire en sante mentale de quebec iusmq logo partenaire 4 http www societecrimino qc ca '),(9,'slug',0,1,' criteres dadmission '),(9,'title',0,1,' criteres d admission '),(9,'field',16,1,' maison painchaud admission '),(9,'field',46,1,' quel que soit votre passe '),(9,'field',47,1,' pour etre admis a la maison painchaud les contrevenants qui nous sont referes doivent presenter un niveau de risque assumable dans la collectivite niveau de dangerosite sociale presenter un projet de sortie pertinent et realiste presenter de la motivation et du serieux dans sa demarche de reinsertion sociale avoir des capacites d introspection et d autocritique etre ouverts a l intervention presenter des conditions physiques et mentales permettant de participer a un processus de reinsertion sociale reagir adequatement face a l autorite communiquez avec nous si vous souhaitez obtenir plus de renseignements '),(9,'field',58,1,' maison painchaud critere admission '),(9,'field',1,1,' depliant maison painchaud guide de sejour des residents votre cadre de vie '),(10,'slug',0,1,' a propos '),(10,'title',0,1,' a propos '),(10,'field',16,1,' maison painchaud about '),(10,'field',33,1,' ana tavares 598934 unsplash '),(10,'field',34,1,' au service de la communaute depuis 1967 '),(10,'field',35,1,' la maison painchaud a vu le jour le 8 decembre 1967 grace a l apport de la societe de saint vincent de paul le nom painchaud est celui du dr joseph painchaud fondateur de cette societe a quebec en 1846 c est d ailleurs la societe de la saint vincent de paul de quebec qui a paye les frais d amenagement des premiers locaux situes au 1 rue simard a quebec par la suite la maison painchaud a pu se loger dans l ancienne academie notre dame coin des glacis et richelieu a la haute ville depuis 1980 la maison painchaud est etablie au 1415 avenue st pascal dans le quartier limoilou a deux pas du parc maizeret et de l hopital de l enfant jesus depuis le 5 avril 2018 la maison painchaud est egalement proprietaire du 1045 chemin sainte foy dans la haute ville de quebec c est a cet endroit que les services de surveillance en milieu ouvert seront offerts a compter de juillet 2018 '),(10,'field',36,1,' notre equipe '),(10,'field',37,1,' la maison painchaud regroupe un personnel qualifie et une equipe multidisciplinaire dynamique composee d educateurs specialises de criminologues de conseillers en orientation de travailleurs sociaux et de psycho educateurs la maison painchaud est egalement regie par un conseil d administration compose de 7 membres dont le role est de veiller aux interets de l organisation et au respect de sa mission '),(10,'field',38,1,' clamarche maisonpainchaud org christine lamarche est detentrice d un baccalaureat en psychologie et d un certificat universitaire en gestion des ressources humaines elle a complete le programme complexite conscience et gestion offert aux cadres par la faculte d administration de l universite laval depuis 2006 elle est membre de l ordre des conseillers en ressources humaines agrees crha christine a debute sa carriere en intervention clinique en crc avant de se diriger en ressources humaines pendant plus de dix ans elle a occupe des postes a responsabilite croissante en gestion des ressources humaines dans les secteurs prive et public avant de joindre la maison painchaud en 2009 a titre de directrice generale elle est chargee de la gestion et de la direction generale des activites de l organisation dans le but d en realiser la mission et les objectifs elle assure la supervision des membres de l equipe de gestion christine lamarche crha 232 directrice generale aleclerc maisonpainchaud org annie leclerc est detentrice d un baccalaureat en relations industrielles d un certificat universitaire en psychologie et d une technique collegiale en comptabilite et gestion elle est membre de l ordre des conseillers en ressources humaines agrees crha elle a travaille plusieurs annees au sein d une organisation publique ses principales responsabilites sont la comptabilite la paie les relations avec les fournisseurs et la gestion des ressources humaines et administratives de la maison painchaud elle s est jointe a la maison painchaud en 2015 elle assure la supervision du personnel du service alimentaire et effectue la liaison avec l equipe d agents de securite annie leclerc crha 233 coordonnatrice des ressources humaines et financieres mparecardinal maisonpainchaud org maude pare cardinal possede un baccalaureat en psychologie une maitrise en criminologie un certificat en toxicomanie ainsi que le microprogramme en sexualite humaine offert a l universite laval elle travaille a la maison painchaud depuis 2015 elle a occupe un poste d intervenante clinique a la surveillance en milieu ouvert d intervenante aux programmes et a l hebergement elle a ete nommee au poste de chef d equipe a l hebergement a l ete 2018 elle possede une solide experience du suivi de la clientele contrevenante de meme que de la clientele marginale ayant au prealable ete travailleuse de milieu pendant plusieurs annees maude est responsable de l encadrement de l equipe d intervenantes a l hebergement elle est egalement en charge des evaluations en vue d une admission federales et provinciales maude pare cardinal 223 chef d equipe a l hebergement mcgirard maisonpainchaud org marie christine girard detient un baccalaureat en travail social ainsi qu un certificat en sexualite humaine abus sexuels de l universite laval elle travaille a la maison painchaud depuis 2007 elle est responsable de l encadrement de l equipe de la smo de celle des intervenants aux programmes des evaluations a l etablissement de detention de quebec edq et de l admission de la clientele provinciale a la maison painchaud marie christine detient une excellente maitrise du suivi des contrevenants sous juridiction provinciale ayant pendant plusieurs annees effectue le suivi de cette clientele a travers ses nombreuses annees a la maison painchaud elle a collabore a l animation des programmes therapeutiques de l organisation leur revision et leur evaluation marie christine girard 227 chef d equipe a la surveillance en milieu ouvert et aux programmes '),(10,'field',44,1,' la maison painchaud en images '),(10,'field',45,1,' 410 405 440 425 420 415 2000 '),(11,'slug',0,1,' carrieres '),(11,'title',0,1,' carrieres '),(11,'field',16,1,' maison painchaud career '),(11,'field',46,1,' evoluer professionnellement a la maison painchaud '),(11,'field',47,1,' un emploi dans le domaine de la reinsertion sociale vous interesse notre mission vous interpelle joignez vous a notre equipe dynamique et professionnelle profitez de divers avantages la maison painchaud offre d excellentes conditions de travail telles que un regime d assurances medicales et dentairesun fond de pension des l entree en poste lla possibilite de prendre un repas equilibre a la cuisine a un cout tres abordabledes conges de maladie payes si non utilisesle stationnement gratuitun espace de travail bien amenage fraichement renove et dote d outils informatiques performants une ambiance ou il fait bon travailler de plus notre etablissement se situe dans un quartier residentiel a proximite des transports en commun de tous les services et a deux pas du parc maizeret '),(11,'field',59,1,' opportunites '),(11,'field',50,1,' banques de candidatures recrutements universitaires benevolat emplois d ete '),(11,'field',1,1,' depliant maison painchaud guide de sejour des residents votre cadre de vie '),(12,'slug',0,1,' documentation '),(12,'title',0,1,' documentation '),(13,'slug',0,1,' nous joindre '),(13,'title',0,1,' nous joindre '),(14,'slug',0,1,' test '),(14,'title',0,1,' aenane x proin gravida dolort venetetas perpeta '),(14,'field',23,1,' creation '),(14,'field',24,1,''),(14,'field',22,1,' news thumbnail '),(15,'slug',0,1,' reinsertion sociale '),(15,'title',0,1,' reinsertion sociale '),(15,'field',16,1,' maison painchaud reinsertion sociale '),(15,'field',22,1,' maison painchaud reinsertion sociale home '),(15,'field',46,1,' pour cheminer vers son plein potentiel '),(15,'field',47,1,' le programme de reinsertion sociale de la maison painchaud a pour but d aider les individus ayant eu des demeles judiciaires a reintegrer la communaute et a demeurer un citoyen respectueux des lois le programme vise a aider les individus face aux problematiques liees a leur agir delictuel toxicomanie violence valeurs et attitudes delinquance sexuelle et ce tout en assurant la protection de la societe la maison painchaud offre des services d hebergement de surveillance de suivi clinique et d accompagnement aux contrevenants sous juridiction provinciale et federale l intervention est personnalisee et vise la prise en charge responsable de l individu dans la communaute ainsi que l acquisition de meilleures habiletes relationnelles et sociales un programme therapeutique la recherche d emploi le retour aux etudes les loisirs le benevolat sont autant de moyens preconises pour favoriser la reinsertion sociale le crc painchaud accueille des delinquants federaux en semi liberte de type projet communautaire depuis 1997 le crc offre a cette clientele un cadre structure et supportant permettant l acquisition d habiletes sociales et personnelles par le retour aux etudes le travail ou le benevolat '),(15,'field',48,1,''),(15,'field',49,1,''),(15,'field',50,1,''),(15,'field',1,1,''),(16,'slug',0,1,' surveillance en milieu ouvert '),(16,'title',0,1,' surveillance en milieu ouvert '),(16,'field',16,1,' test '),(16,'field',22,1,' maison painchaud surveillance milieu ouvert home '),(16,'field',46,1,' accompagnement et encadrement vers la reinsertion sociale '),(16,'field',47,1,' la surveillance en milieu ouvert offre aux personnes contrevenantes homme et femmes sous juridiction provinciale soumises a une mesure appliquee telle que l ordonnance de probation l emprisonnement avec sursis la permission de sortir ou encore la liberation conditionnelle un encadrement legal visant l atteinte d objectifs de reinsertion sociale en plus de veiller au respect des conditions legales des personnes contrevenantes en vue d assurer la protection du public les intervenants accompagnent la clientele dans son processus de reinsertion sociale et l epanouissement le developpement de son plein potentiel la maison painchaud effectue le suivi de 255 contrevenants suivis en communaute '),(16,'field',48,1,' surveillance des contrevenants sous ordonnance de sursis '),(16,'field',49,1,' depuis 1999 le crc painchaud assure le mandat legal et la surveillance des contrevenants sous ordonnance de sursis l intervenant a la surveillance en milieu ouvert qui detient la designation d agent de surveillance assume toutes les activites d accompagnement et d encadrement qui ont pour objectif la reinsertion sociale il travaille en collaboration avec l asc verificateur qui surveille les conditions de couvre feu et d assignation a domicile considerant les besoins des contrevenants qui sont referes a l intervenant a la surveillance en milieu ouvert celui ci a pour mandat plus specifique d amener la personne contrevenante a developper a renforcer et a consolider ses habiletes sociales ou son reseau social '),(16,'field',50,1,''),(16,'field',1,1,''),(17,'slug',0,1,' programmes therapeutiques '),(17,'title',0,1,' programmes therapeutiques '),(17,'field',16,1,' placeholderv2 '),(17,'field',22,1,' maison painchaud programmes therapeutiques home '),(17,'field',46,1,' des programmes specialises '),(17,'field',47,1,' la toxicomaniela violence les valeurs et attitudes la delinquance sexuelle etc consultez la liste de nos programmes ci dessous pour en apprendre plus '),(17,'field',48,1,''),(17,'field',49,1,''),(17,'field',50,1,' cafe rencontres compas cypres depart vi dilemme emprise nouveau depart premices il s agit d un programme pour des personnes presentant un trouble de comportement sexuel prise de consciencereconnaissance et responsabilisationidentification de mes facteurs de risque et de protectionsavoir m affirmer et repondre a mes besoins fondamentaux adequatementm eloigneront de la recidive comportementaleet favoriseront ma croissance personnelle le programme vise la prise en charge de l individu en lien avec son trouble de deviance sexuelle but favoriser la remise en question et la reconnaissance du participant vis a vis ses comportements sexuels deviants aider le participant a identifier les facteurs de risque ainsi que les indices precurseurs de ses comportements sensibiliser le participant aux differents moyens pouvant etre utilises pour eviter la recidive sexuelle objectifs programme offert en groupe au cout de 210 $ duree entrevue d evaluationun suivi individuel peut etre offert suite a l evaluation des besoins de l intervenante aux programmes autres renseignements responsable madame lina cloutier418 661 0203 poste 230 inscription prisme '),(17,'field',1,1,' guide de sejour des residents votre cadre de vie depliant maison painchaud '),(18,'slug',0,1,' a propos '),(18,'title',0,1,' a propos '),(18,'field',15,1,' http painchaud test a propos '),(19,'slug',0,1,' criteres dadmission '),(19,'title',0,1,' criteres d admission '),(19,'field',15,1,' http painchaud test criteres dadmission '),(20,'slug',0,1,' activites '),(20,'title',0,1,' activites '),(20,'field',15,1,' http painchaud test activites '),(21,'slug',0,1,' programmationt services '),(21,'title',0,1,' programmation et services '),(21,'field',15,1,''),(22,'slug',0,1,' reinsertion sociale '),(22,'title',0,1,' reinsertion sociale '),(22,'field',15,1,' http painchaud test programmaton services reinsertion sociale '),(23,'slug',0,1,' surveillance en milieu ouvert '),(23,'title',0,1,' surveillance en milieu ouvert '),(23,'field',15,1,' http painchaud test programmaton services surveillance en milieu ouvert '),(24,'slug',0,1,' programmes therapeutiques '),(24,'title',0,1,' programmes therapeutiques '),(24,'field',15,1,' http painchaud test programmaton services programmes therapeutiques '),(25,'slug',0,1,' carrieres '),(25,'title',0,1,' carrieres '),(25,'field',15,1,' http painchaud test carrieres '),(26,'slug',0,1,' documentation '),(26,'title',0,1,' documentation '),(26,'field',15,1,' http painchaud test documentation '),(27,'slug',0,1,' nous joindre '),(27,'title',0,1,' nous joindre '),(27,'field',15,1,' http painchaud test nous joindre '),(43,'slug',0,1,' test 2 '),(43,'title',0,1,' aenane x proin gravida dolort venetetas perpeta aenane x proin gravida dolort venetetas perpeta '),(43,'field',23,1,' loisirs '),(43,'field',24,1,''),(43,'field',22,1,' maison painchaud programmes therapeutiques home '),(115,'slug',0,1,' intervenante '),(115,'title',0,1,' intervenant e '),(115,'field',61,1,' des que possible '),(115,'field',62,1,' 1 '),(115,'field',63,1,' a discuter '),(115,'field',64,1,' 40h temps plein '),(115,'field',65,1,' permanent '),(115,'field',66,1,' jour soir fin de semaine '),(115,'field',67,1,' lorem ipsum dolor sit amet consectetur adipiscing elit sed do eiusmod tempor incididunt ut labore et dolore magna aliqua ut enim ad minim veniam quis nostrud exercitation ullamco laboris nisi ut aliquip ex ea commodo consequat duis aute irure dolor in reprehenderit in voluptate velit esse cillum dolore eu fugiat nulla pariatur excepteur sint occaecat cupidatat non proident sunt in culpa qui officia deserunt mollit anim id est laborum '),(115,'field',68,1,' secondaire '),(115,'field',69,1,' des termine '),(115,'field',70,1,' 0 2 annees '),(115,'field',71,1,' lorem ipsum dolor sit amet consectetur adipiscing elit sed do eiusmod tempor incididunt ut labore et dolore magna aliqua ut enim ad minim veniam quis nostrud exercitation ullamco laboris nisi ut aliquip ex ea commodo consequat duis aute irure dolor in reprehenderit in voluptate velit esse cillum dolore eu fugiat nulla pariatur excepteur sint occaecat cupidatat non proident sunt in culpa qui officia deserunt mollit anim id est laborum '),(115,'field',72,1,' lorem ipsum dolor sit amet consectetur adipiscing elit sed do eiusmod tempor incididunt ut labore et dolore magna aliqua ut enim ad minim veniam quis nostrud exercitation ullamco laboris nisi ut aliquip ex ea commodo consequat duis aute irure dolor in reprehenderit in voluptate velit esse cillum dolore eu fugiat nulla pariatur excepteur sint occaecat cupidatat non proident sunt in culpa qui officia deserunt mollit anim id est laborum '),(116,'slug',0,1,' organisateurrice communautaire '),(116,'title',0,1,' organisateur rice communautaire '),(116,'field',61,1,''),(116,'field',62,1,''),(116,'field',63,1,''),(116,'field',64,1,''),(116,'field',65,1,''),(116,'field',66,1,''),(116,'field',67,1,''),(116,'field',68,1,''),(116,'field',69,1,''),(116,'field',70,1,''),(116,'field',71,1,''),(116,'field',72,1,''),(57,'slug',0,1,''),(57,'field',28,1,' 1415 avenue saint pascalquebec qc g1j 4r1 '),(57,'field',29,1,' https www google ca maps place maison painchaud inc 46 836305 71 2183312 15z data= 4m5 3m4 1s0x0 0x30a80b15262d9949 8m2 3d46 836305 4d 71 2183312 '),(57,'field',30,1,' 418 661 0203 '),(57,'field',31,1,' 418 661 7443 '),(57,'field',32,1,' info maisonpainchaud com '),(57,'field',60,1,' maison painchaud admission '),(57,'field',73,1,' maison painchaud 00 '),(48,'slug',0,1,''),(48,'field',26,1,' logo partenaire 1 '),(48,'field',27,1,' https www cciquebec ca '),(49,'slug',0,1,''),(49,'field',26,1,' logo partenaire 2 '),(49,'field',27,1,' https www rimas qc ca '),(50,'slug',0,1,''),(50,'field',26,1,' logo partenaire 3 '),(50,'field',27,1,' https www ciusss capitalenationale gouv qc ca institut universitaire en sante mentale de quebec iusmq '),(51,'slug',0,1,''),(51,'field',26,1,' logo partenaire 4 '),(51,'field',27,1,' http www societecrimino qc ca '),(61,'slug',0,1,''),(61,'field',39,1,' christine lamarche crha '),(61,'field',40,1,' directrice generale '),(61,'field',41,1,' 232 '),(61,'field',42,1,' clamarche maisonpainchaud org '),(61,'field',43,1,' christine lamarche est detentrice d un baccalaureat en psychologie et d un certificat universitaire en gestion des ressources humaines elle a complete le programme complexite conscience et gestion offert aux cadres par la faculte d administration de l universite laval depuis 2006 elle est membre de l ordre des conseillers en ressources humaines agrees crha christine a debute sa carriere en intervention clinique en crc avant de se diriger en ressources humaines pendant plus de dix ans elle a occupe des postes a responsabilite croissante en gestion des ressources humaines dans les secteurs prive et public avant de joindre la maison painchaud en 2009 a titre de directrice generale elle est chargee de la gestion et de la direction generale des activites de l organisation dans le but d en realiser la mission et les objectifs elle assure la supervision des membres de l equipe de gestion '),(62,'slug',0,1,''),(62,'field',39,1,' annie leclerc crha '),(62,'field',40,1,' coordonnatrice des ressources humaines et financieres '),(62,'field',41,1,' 233 '),(62,'field',42,1,' aleclerc maisonpainchaud org '),(62,'field',43,1,' annie leclerc est detentrice d un baccalaureat en relations industrielles d un certificat universitaire en psychologie et d une technique collegiale en comptabilite et gestion elle est membre de l ordre des conseillers en ressources humaines agrees crha elle a travaille plusieurs annees au sein d une organisation publique ses principales responsabilites sont la comptabilite la paie les relations avec les fournisseurs et la gestion des ressources humaines et administratives de la maison painchaud elle s est jointe a la maison painchaud en 2015 elle assure la supervision du personnel du service alimentaire et effectue la liaison avec l equipe d agents de securite '),(63,'slug',0,1,''),(63,'field',39,1,' maude pare cardinal '),(63,'field',40,1,' chef d equipe a l hebergement '),(63,'field',41,1,' 223 '),(63,'field',42,1,' mparecardinal maisonpainchaud org '),(63,'field',43,1,' maude pare cardinal possede un baccalaureat en psychologie une maitrise en criminologie un certificat en toxicomanie ainsi que le microprogramme en sexualite humaine offert a l universite laval elle travaille a la maison painchaud depuis 2015 elle a occupe un poste d intervenante clinique a la surveillance en milieu ouvert d intervenante aux programmes et a l hebergement elle a ete nommee au poste de chef d equipe a l hebergement a l ete 2018 elle possede une solide experience du suivi de la clientele contrevenante de meme que de la clientele marginale ayant au prealable ete travailleuse de milieu pendant plusieurs annees maude est responsable de l encadrement de l equipe d intervenantes a l hebergement elle est egalement en charge des evaluations en vue d une admission federales et provinciales '),(64,'slug',0,1,''),(64,'field',39,1,' marie christine girard '),(64,'field',40,1,' chef d equipe a la surveillance en milieu ouvert et aux programmes '),(64,'field',41,1,' 227 '),(64,'field',42,1,' mcgirard maisonpainchaud org '),(64,'field',43,1,' marie christine girard detient un baccalaureat en travail social ainsi qu un certificat en sexualite humaine abus sexuels de l universite laval elle travaille a la maison painchaud depuis 2007 elle est responsable de l encadrement de l equipe de la smo de celle des intervenants aux programmes des evaluations a l etablissement de detention de quebec edq et de l admission de la clientele provinciale a la maison painchaud marie christine detient une excellente maitrise du suivi des contrevenants sous juridiction provinciale ayant pendant plusieurs annees effectue le suivi de cette clientele a travers ses nombreuses annees a la maison painchaud elle a collabore a l animation des programmes therapeutiques de l organisation leur revision et leur evaluation '),(71,'slug',0,1,''),(71,'field',56,1,''),(71,'field',8,1,' avant l admission outre ses activites professionnelles le crc painchaud offre dans une ambiance chaleureuse des installations et des services adaptes aux besoins de sa clientele environnement agreable fraichement renove et chaleureux24 chambres permettant une occupation individuelle double ou quadruplecuisine diners et soupers prepares par une equipe dynamique soucieuse d offrir un menu varie et equilibre respectant le guide alimentaire canadiencomprenant soupe salade plat principal et dessertcasse croute dejeuner et pause cafesalon equipe d un televiseur a ecran plat d un lecteur dvd et d une console de jeux wiibuanderie sur chaque etagecour arriere et stationnementsalle de jeux equipee table de billard televiseur a ecran plat jeu de tennis sur table table de soccer et equipement de conditionnement physique fonctionnelactivites de groupe variees incluant la zootherapie services complementaires services a proximite '),(76,'slug',0,1,''),(76,'field',11,1,''),(76,'field',14,1,' outre ses activites professionnelles le crc painchaud offre dans une ambiance chaleureuse des installations et des services adaptes aux besoins de sa clientele environnement agreable fraichement renove et chaleureux24 chambres permettant une occupation individuelle double ou quadruplecuisine diners et soupers prepares par une equipe dynamique soucieuse d offrir un menu varie et equilibre respectant le guide alimentaire canadiencomprenant soupe salade plat principal et dessertcasse croute dejeuner et pause cafesalon equipe d un televiseur a ecran plat d un lecteur dvd et d une console de jeux wiibuanderie sur chaque etagecour arriere et stationnementsalle de jeux equipee table de billard televiseur a ecran plat jeu de tennis sur table table de soccer et equipement de conditionnement physique fonctionnelactivites de groupe variees incluant la zootherapie '),(77,'slug',0,1,''),(77,'field',56,1,''),(77,'field',8,1,' but loren cafe rencontres compas il s agit d un programme pour des personnes presentant un trouble de comportement sexuel p rise de consciencer econnaissance et responsabilisationi dentification de mes facteurs de risque et de protections avoir m affirmer et repondre a mes besoins fondamentaux adequatementm eloigneront de la recidive comportementalee t favoriseront ma croissance personnelle but le programme vise la prise en charge de l individu en lien avec son trouble de deviance sexuelle objectifs favoriser la remise en question et la reconnaissance du participant vis a vis ses comportements sexuels deviants aider le participant a identifier les facteurs de risque ainsi que les indices precurseurs de ses comportements sensibiliser le participant aux differents moyens pouvant etre utilises pour eviter la recidive sexuelle duree programme offert en groupe au cout de 210 $ autres renseignements entrevue d evaluationun suivi individuel peut etre offert suite a l evaluation des besoins de l intervenante aux programmes inscription responsable madame lina cloutier418 661 0203 poste 230 prisme '),(79,'slug',0,1,''),(79,'field',12,1,''),(79,'field',13,1,' il s agit d un programme pour des personnes presentant un trouble de comportement sexuel p rise de consciencer econnaissance et responsabilisationi dentification de mes facteurs de risque et de protections avoir m affirmer et repondre a mes besoins fondamentaux adequatementm eloigneront de la recidive comportementalee t favoriseront ma croissance personnelle '),(80,'slug',0,1,''),(80,'field',11,1,' but '),(80,'field',14,1,' le programme vise la prise en charge de l individu en lien avec son trouble de deviance sexuelle '),(81,'slug',0,1,''),(81,'field',11,1,' objectifs '),(81,'field',14,1,' favoriser la remise en question et la reconnaissance du participant vis a vis ses comportements sexuels deviants aider le participant a identifier les facteurs de risque ainsi que les indices precurseurs de ses comportements sensibiliser le participant aux differents moyens pouvant etre utilises pour eviter la recidive sexuelle '),(82,'slug',0,1,''),(82,'field',11,1,' duree '),(82,'field',14,1,' programme offert en groupe au cout de 210 $ '),(83,'slug',0,1,''),(83,'field',11,1,' autres renseignements '),(83,'field',14,1,' entrevue d evaluationun suivi individuel peut etre offert suite a l evaluation des besoins de l intervenante aux programmes '),(84,'slug',0,1,''),(84,'field',11,1,' inscription '),(84,'field',14,1,' responsable madame lina cloutier418 661 0203 poste 230 '),(87,'slug',0,1,''),(87,'field',11,1,' but '),(87,'field',14,1,' loren '),(98,'slug',0,1,''),(98,'field',53,1,''),(98,'field',55,1,' il s agit d un programme pour des personnes presentant un trouble de comportement sexuel prise de consciencereconnaissance et responsabilisationidentification de mes facteurs de risque et de protectionsavoir m affirmer et repondre a mes besoins fondamentaux adequatementm eloigneront de la recidive comportementaleet favoriseront ma croissance personnelle '),(99,'slug',0,1,''),(99,'field',54,1,' but '),(99,'field',52,1,' le programme vise la prise en charge de l individu en lien avec son trouble de deviance sexuelle '),(100,'slug',0,1,''),(100,'field',54,1,' objectifs '),(100,'field',52,1,' favoriser la remise en question et la reconnaissance du participant vis a vis ses comportements sexuels deviants aider le participant a identifier les facteurs de risque ainsi que les indices precurseurs de ses comportements sensibiliser le participant aux differents moyens pouvant etre utilises pour eviter la recidive sexuelle '),(101,'slug',0,1,''),(101,'field',54,1,' duree '),(101,'field',52,1,' programme offert en groupe au cout de 210 $ '),(102,'slug',0,1,''),(102,'field',54,1,' autres renseignements '),(102,'field',52,1,' entrevue d evaluationun suivi individuel peut etre offert suite a l evaluation des besoins de l intervenante aux programmes '),(103,'slug',0,1,''),(103,'field',54,1,' inscription '),(103,'field',52,1,' responsable madame lina cloutier418 661 0203 poste 230 '),(1,'username',0,1,' agencezel '),(1,'firstname',0,1,''),(1,'lastname',0,1,''),(1,'fullname',0,1,''),(1,'email',0,1,' web agencezel com '),(1,'slug',0,1,''),(72,'slug',0,1,''),(72,'field',9,1,' avant l admission '),(72,'field',10,1,''),(74,'slug',0,1,''),(74,'field',9,1,' services complementaires '),(74,'field',10,1,' outre ses activites professionnelles le crc painchaud offre dans une ambiance chaleureuse des installations et des services adaptes aux besoins de sa clientele environnement agreable fraichement renove et chaleureux24 chambres permettant une occupation individuelle double ou quadruplecuisine diners et soupers prepares par une equipe dynamique soucieuse d offrir un menu varie et equilibre respectant le guide alimentaire canadiencomprenant soupe salade plat principal et dessertcasse croute dejeuner et pause cafesalon equipe d un televiseur a ecran plat d un lecteur dvd et d une console de jeux wiibuanderie sur chaque etagecour arriere et stationnementsalle de jeux equipee table de billard televiseur a ecran plat jeu de tennis sur table table de soccer et equipement de conditionnement physique fonctionnelactivites de groupe variees incluant la zootherapie '),(75,'slug',0,1,''),(75,'field',9,1,' services a proximite '),(75,'field',10,1,''),(78,'slug',0,1,''),(78,'field',9,1,' prisme '),(78,'field',10,1,' il s agit d un programme pour des personnes presentant un trouble de comportement sexuel p rise de consciencer econnaissance et responsabilisationi dentification de mes facteurs de risque et de protections avoir m affirmer et repondre a mes besoins fondamentaux adequatementm eloigneront de la recidive comportementalee t favoriseront ma croissance personnelle but le programme vise la prise en charge de l individu en lien avec son trouble de deviance sexuelle objectifs favoriser la remise en question et la reconnaissance du participant vis a vis ses comportements sexuels deviants aider le participant a identifier les facteurs de risque ainsi que les indices precurseurs de ses comportements sensibiliser le participant aux differents moyens pouvant etre utilises pour eviter la recidive sexuelle duree programme offert en groupe au cout de 210 $ autres renseignements entrevue d evaluationun suivi individuel peut etre offert suite a l evaluation des besoins de l intervenante aux programmes inscription responsable madame lina cloutier418 661 0203 poste 230 '),(85,'slug',0,1,''),(85,'field',9,1,' cafe rencontres '),(85,'field',10,1,' but loren '),(86,'slug',0,1,''),(86,'field',9,1,' compas '),(86,'field',10,1,''),(88,'slug',0,1,''),(88,'field',57,1,' cafe rencontres '),(88,'field',51,1,''),(90,'slug',0,1,''),(90,'field',57,1,' compas '),(90,'field',51,1,''),(91,'slug',0,1,''),(91,'field',57,1,' cypres '),(91,'field',51,1,''),(92,'slug',0,1,''),(92,'field',57,1,' depart vi '),(92,'field',51,1,''),(93,'slug',0,1,''),(93,'field',57,1,' dilemme '),(93,'field',51,1,''),(94,'slug',0,1,''),(94,'field',57,1,' emprise '),(94,'field',51,1,''),(95,'slug',0,1,''),(95,'field',57,1,' nouveau depart '),(95,'field',51,1,''),(96,'slug',0,1,''),(96,'field',57,1,' premices '),(96,'field',51,1,''),(97,'slug',0,1,''),(97,'field',57,1,' prisme '),(97,'field',51,1,' il s agit d un programme pour des personnes presentant un trouble de comportement sexuel prise de consciencereconnaissance et responsabilisationidentification de mes facteurs de risque et de protectionsavoir m affirmer et repondre a mes besoins fondamentaux adequatementm eloigneront de la recidive comportementaleet favoriseront ma croissance personnelle le programme vise la prise en charge de l individu en lien avec son trouble de deviance sexuelle but favoriser la remise en question et la reconnaissance du participant vis a vis ses comportements sexuels deviants aider le participant a identifier les facteurs de risque ainsi que les indices precurseurs de ses comportements sensibiliser le participant aux differents moyens pouvant etre utilises pour eviter la recidive sexuelle objectifs programme offert en groupe au cout de 210 $ duree entrevue d evaluationun suivi individuel peut etre offert suite a l evaluation des besoins de l intervenante aux programmes autres renseignements responsable madame lina cloutier418 661 0203 poste 230 inscription '),(111,'slug',0,1,''),(111,'field',57,1,' banques de candidatures '),(111,'field',51,1,''),(112,'slug',0,1,''),(112,'field',57,1,' recrutements universitaires '),(112,'field',51,1,''),(113,'slug',0,1,''),(113,'field',57,1,' benevolat '),(113,'field',51,1,''),(114,'slug',0,1,''),(114,'field',57,1,' emplois d ete '),(114,'field',51,1,''),(13,'field',16,1,' maison painchaud contact us '),(12,'field',16,1,' maison painchaud documentation '),(216,'filename',0,1,' maison painchaud documentation jpg '),(216,'extension',0,1,' jpg '),(216,'kind',0,1,' image '),(216,'slug',0,1,''),(216,'title',0,1,' maison painchaud documentation '),(217,'filename',0,1,' maison painchaud contact us jpg '),(217,'extension',0,1,' jpg '),(217,'kind',0,1,' image '),(217,'slug',0,1,''),(217,'title',0,1,' maison painchaud contact us '),(57,'field',74,1,' maison painchaud write us '),(218,'filename',0,1,' maison painchaud write us jpg '),(218,'extension',0,1,' jpg '),(218,'kind',0,1,' image '),(218,'slug',0,1,''),(218,'title',0,1,' maison painchaud write us '),(57,'field',75,1,' 1045 chemin sainte foyquebec qc g1s 2l8 '),(57,'field',76,1,' 418 661 0203 '),(57,'field',77,1,' 418 661 7443 '),(57,'field',78,1,' info maisonpainchaud com '),(219,'slug',0,1,' activites '),(219,'title',0,1,' activites '),(219,'field',16,1,''),(219,'field',46,1,' calendrier des activites '),(219,'field',47,1,' fidele a ses habitudes et convaincue que de saines activites de loisirs contribuent a un mode de vie equilibre la maison painchaud offre une gamme d activites des plus diversifiees '),(220,'field',23,1,' creation '),(220,'field',24,1,''),(220,'field',22,1,' news thumbnail '),(220,'slug',0,1,' test 1 '),(220,'title',0,1,' test '),(221,'field',23,1,' loisirs '),(221,'field',24,1,''),(221,'field',22,1,' news thumbnail '),(221,'slug',0,1,' 1234 '),(221,'title',0,1,' 1234 '),(222,'field',23,1,' loisirs '),(222,'field',24,1,''),(222,'field',22,1,' news thumbnail '),(222,'slug',0,1,' asdfasfd23424 '),(222,'title',0,1,' asdfasfd23424 '),(57,'field',46,1,' calendrier des activites '),(57,'field',47,1,' fidele a ses habitudes et convaincue que de saines activites de loisirs contribuent a un mode de vie equilibre la maison painchaud offre une gamme d activites des plus diversifiees '),(14,'field',79,1,' 203 rue brasse '),(14,'field',80,1,' madame lina cloutier au 418 661 0203 poste 230 '),(43,'field',79,1,''),(43,'field',80,1,''),(220,'field',79,1,''),(220,'field',80,1,''),(221,'field',79,1,''),(221,'field',80,1,''),(222,'field',79,1,''),(222,'field',80,1,''),(14,'field',81,1,' gratuit '),(43,'field',81,1,''),(220,'field',81,1,''),(221,'field',81,1,''),(222,'field',81,1,''),(14,'field',82,1,''),(43,'field',82,1,''),(220,'field',82,1,''),(221,'field',82,1,''),(222,'field',82,1,''),(14,'field',46,1,''),(14,'field',47,1,' lorem ipsum dolor sit amet consectetur adipiscing elit aenean euismod bibendum laoreet proin gravida dolor sit amet lacus accumsan et viverra justo commodo proin sodales pulvinar sic tempor sociis natoque penatibus et magnis dis parturient montes nascetur ridiculus mus nam fermentum nulla luctus pharetra vulputate felis tellus mollis orci sed rhoncus pronin sapien nunc accuan eget '),(43,'field',46,1,''),(43,'field',47,1,''),(220,'field',46,1,''),(220,'field',47,1,''),(221,'field',46,1,''),(221,'field',47,1,''),(222,'field',46,1,''),(222,'field',47,1,''),(57,'field',83,1,' 003 '),(223,'filename',0,1,' 003 jpg '),(223,'extension',0,1,' jpg '),(223,'kind',0,1,' image '),(223,'slug',0,1,''),(223,'title',0,1,' 003 '),(12,'field',84,1,' votre cadre de vie depliant maison painchaud guide de sejour des residents la maison painchaud depliant maison painchaud guide de sejour des residents votre cadre de vie rapports annuels depliant maison painchaud guide de sejour des residents votre cadre de vie documents pour les usagers depliant maison painchaud guide de sejour des residents votre cadre de vie documents internes '),(224,'field',85,1,' la maison painchaud '),(224,'field',86,1,' votre cadre de vie depliant maison painchaud guide de sejour des residents '),(224,'slug',0,1,''),(225,'field',85,1,' rapports annuels '),(225,'field',86,1,' depliant maison painchaud guide de sejour des residents votre cadre de vie '),(225,'slug',0,1,''),(226,'field',85,1,' documents pour les usagers '),(226,'field',86,1,' depliant maison painchaud guide de sejour des residents votre cadre de vie '),(226,'slug',0,1,''),(227,'field',85,1,' documents internes '),(227,'field',86,1,' depliant maison painchaud guide de sejour des residents votre cadre de vie '),(227,'slug',0,1,''),(228,'filename',0,1,' 2000 jpeg '),(228,'extension',0,1,' jpeg '),(228,'kind',0,1,' image '),(228,'slug',0,1,''),(228,'title',0,1,' 2000 '),(15,'field',87,1,' reinsertionsociale '),(16,'field',87,1,''),(17,'field',87,1,''),(57,'field',88,1,' http painchaud test activites '),(55,'field',93,1,' https www google ca '),(52,'field',93,1,' https www google ca '),(53,'field',93,1,' https www google ca '),(343,'slug',0,1,' partenaires '),(343,'title',0,1,' partenaires '),(342,'field',16,1,' maison painchaud about '),(343,'field',15,1,' http painchaud test partenaires '),(45,'field',93,1,' https www google ca '),(342,'field',92,1,' iusmq logo logo partenaire 1 logo partenaire 2 logo partenaire 4 cciq logo logo partenaire 3 rimas logo scq logo '),(341,'slug',0,1,''),(342,'slug',0,1,' partenaires '),(342,'title',0,1,' partenaires '),(341,'fromname',0,1,' gabriel thiffault '),(341,'fromemail',0,1,' gabriel agencezel com '),(341,'subject',0,1,' carriere '),(340,'slug',0,1,''),(341,'form',0,1,' contact '),(340,'fromemail',0,1,' gabriel agencezel com '),(340,'subject',0,1,' carriere '),(340,'fromname',0,1,' gabriel thiffault '),(340,'form',0,1,' contact '),(339,'fromemail',0,1,' gabriel agencezel com '),(339,'slug',0,1,''),(339,'form',0,1,' contact '),(339,'subject',0,1,' activites '),(339,'fromname',0,1,' gabriel thiffault '),(338,'slug',0,1,''),(338,'fromemail',0,1,' gabriel agencezel com '),(338,'fromname',0,1,' gabriel thiffault '),(337,'slug',0,1,''),(338,'form',0,1,' contact '),(338,'subject',0,1,' message '),(337,'fromname',0,1,' gabriel thiffault '),(337,'fromemail',0,1,' gabriel agencezel com '),(337,'subject',0,1,' carriere '),(336,'slug',0,1,''),(337,'form',0,1,' contact '),(336,'fromemail',0,1,' gabriel agencezel com '),(336,'subject',0,1,' activites '),(336,'fromname',0,1,' gabriel thiffault '),(336,'form',0,1,' contact '),(57,'field',89,1,' http painchaud test carrieres '),(57,'field',90,1,' maison painchaud '),(335,'slug',0,1,''),(335,'fromemail',0,1,' gabriel agencezel com '),(335,'fromname',0,1,' gabriel thiffault '),(334,'slug',0,1,''),(335,'form',0,1,' contact '),(335,'subject',0,1,' carriere '),(334,'fromname',0,1,' asdf thiffault '),(334,'fromemail',0,1,' gabriel agencezel com '),(334,'subject',0,1,' carriere '),(333,'slug',0,1,''),(334,'form',0,1,' contact '),(333,'fromemail',0,1,' gabriel agencezel com '),(333,'subject',0,1,' carriere '),(333,'fromname',0,1,' gabriel thiffault '),(333,'form',0,1,' contact '),(332,'fromemail',0,1,' gabriel agencezel com '),(332,'slug',0,1,''),(332,'form',0,1,' contact '),(332,'subject',0,1,' carriere '),(332,'fromname',0,1,' gabriel thiffault '),(331,'slug',0,1,''),(331,'fromname',0,1,' gabriel thiffault '),(331,'fromemail',0,1,' gabriel agencezel com '),(331,'subject',0,1,' test '),(330,'slug',0,1,''),(331,'form',0,1,' contact '),(330,'fromemail',0,1,' gabriel agencezel com '),(330,'form',0,1,' contact '),(330,'subject',0,1,''),(330,'fromname',0,1,' gabriel thiffault '),(329,'slug',0,1,''),(329,'fromname',0,1,' gabriel thiffault '),(329,'fromemail',0,1,' gabriel agencezel com '),(329,'subject',0,1,''),(328,'slug',0,1,''),(329,'form',0,1,' contact '),(328,'fromemail',0,1,' gabriel agencezel com '),(328,'form',0,1,' contact '),(328,'subject',0,1,''),(328,'fromname',0,1,' gabriel thiffault '),(327,'slug',0,1,''),(327,'fromname',0,1,' guy viens '),(327,'fromemail',0,1,' gabriel agencezel com '),(327,'subject',0,1,''),(326,'slug',0,1,''),(327,'form',0,1,' contact '),(326,'fromemail',0,1,' gabriel agencezel com '),(326,'form',0,1,' contact '),(326,'subject',0,1,''),(326,'fromname',0,1,' asdf wert ');
/*!40000 ALTER TABLE `searchindex` ENABLE KEYS */;
UNLOCK TABLES;
commit;

--
-- Dumping data for table `sections`
--

LOCK TABLES `sections` WRITE;
/*!40000 ALTER TABLE `sections` DISABLE KEYS */;
set autocommit=0;
INSERT INTO `sections` VALUES (1,NULL,'Accueil','home','single',1,1,'2018-11-27 21:36:09','2018-11-27 21:52:55',NULL,'f6d958e4-c6b6-4913-a0ef-2486ac4eb6bd'),(3,2,'Liste des activités','activities','structure',1,1,'2018-11-28 00:38:04','2018-12-05 18:57:41',NULL,'2b25c7a9-c9d3-4826-910e-5efce4ef17aa'),(4,5,'Programmaton et services','programmatonServices','structure',1,1,'2018-11-28 00:39:48','2018-11-28 00:47:17',NULL,'dbb2ace7-c57b-4848-b6e5-16c7c15cc757'),(5,NULL,'À propos','about','single',1,1,'2018-11-28 00:40:56','2018-11-28 00:48:02',NULL,'c831850c-a555-491a-8416-76afacddca90'),(6,NULL,'Critères d\'admission','admissionCriteria','single',1,1,'2018-11-28 00:44:26','2018-11-28 00:45:37',NULL,'48d1ad7c-a386-43a0-bf36-b2f9c7f6b98a'),(7,NULL,'Carrières','Careers','single',1,1,'2018-11-28 00:49:29','2018-11-28 00:55:49',NULL,'b525bdc2-6c87-4962-8728-30592e7348f5'),(8,6,'Postes disponibles','availablePositions','structure',1,1,'2018-11-28 00:50:26','2018-11-28 00:50:26',NULL,'7e44e799-052a-4846-83b8-6d68f359b15e'),(9,NULL,'Documentation','documentation','single',1,1,'2018-11-28 00:50:58','2018-11-28 00:50:58',NULL,'8f6b865c-5735-4346-a497-f2565e0ec881'),(10,NULL,'Nous joindre','contactUs','single',1,1,'2018-11-28 00:51:18','2018-11-28 00:51:18',NULL,'cca7a3e2-402c-469a-8210-ccad381a5c22'),(11,7,'Menu principal','menuMain','structure',1,1,'2018-11-28 01:04:32','2018-11-28 01:04:32',NULL,'631be873-0b20-419a-9f4a-57fdafdbf662'),(12,8,'Menu utilitaire','menuSecondary','structure',1,1,'2018-11-28 01:04:54','2018-11-28 01:04:54',NULL,'2368e738-77e3-48af-ad89-7d6c9145730f'),(13,NULL,'Activités','activitesSingle','single',1,1,'2018-12-05 17:05:49','2018-12-05 17:05:49',NULL,'a7c97e84-2423-42a0-884f-f5139bba2644'),(14,NULL,'Partenaires','partners','single',1,1,'2019-07-04 16:47:42','2019-07-04 16:47:42',NULL,'30a1ce4b-b05a-449c-9cf1-2ac83d156f5d');
/*!40000 ALTER TABLE `sections` ENABLE KEYS */;
UNLOCK TABLES;
commit;

--
-- Dumping data for table `sections_sites`
--

LOCK TABLES `sections_sites` WRITE;
/*!40000 ALTER TABLE `sections_sites` DISABLE KEYS */;
set autocommit=0;
INSERT INTO `sections_sites` VALUES (1,1,1,1,'__home__','_pages/home',1,'2018-11-27 21:36:09','2018-11-27 21:52:55','3ccb42ea-4b17-41e5-a856-86dbb002b430'),(3,3,1,1,'activites/{activitiesCategories.one().slug}/{slug}','_activities/entry',1,'2018-11-28 00:38:04','2018-12-05 18:57:41','d0d6a0d0-586a-4589-9396-86069f77808b'),(4,4,1,1,'programmaton-services/{slug}','_programmaton-services/entry',1,'2018-11-28 00:39:48','2018-11-28 00:47:17','6b4604a2-57d6-4881-a9c0-1d6d4d468f0f'),(5,5,1,1,'a-propos','_pages/about',1,'2018-11-28 00:40:56','2018-11-28 00:48:02','e9a376d1-fe30-4bdd-9c14-f85c615ece00'),(6,6,1,1,'criteres-dadmission','_pages/admission-criteria',1,'2018-11-28 00:44:26','2018-11-28 00:45:37','570f7991-8b27-457c-9385-89a84b2c2640'),(7,7,1,1,'carrieres','_pages/careers',1,'2018-11-28 00:49:29','2018-11-28 00:55:49','705e638f-d60d-4b02-9476-eddaea8e53e8'),(8,8,1,1,'carrieres/{slug}','_careers/entry',1,'2018-11-28 00:50:26','2018-11-28 00:50:26','6417fffd-309e-4e8c-9721-e1d59b6755d8'),(9,9,1,1,'documentation','_pages/documentation',1,'2018-11-28 00:50:58','2018-11-28 00:50:58','9caa4b70-b441-4cb3-abdd-cd6edec6eec1'),(10,10,1,1,'nous-joindre','_pages/contact-us',1,'2018-11-28 00:51:18','2018-11-28 00:51:18','83f5ccce-5148-4c61-90ad-3debba156021'),(11,11,1,0,NULL,NULL,1,'2018-11-28 01:04:32','2018-11-28 01:04:32','a4fafd71-2ccc-418f-8f34-1e498314fec8'),(12,12,1,0,NULL,NULL,1,'2018-11-28 01:04:54','2018-11-28 01:04:54','5e47686c-9afd-45ae-990f-4edf9a1c39d9'),(13,13,1,1,'activites','_pages/activities',1,'2018-12-05 17:05:49','2018-12-05 17:05:49','c33c9edc-abb2-477d-b91b-ebe477faea27'),(14,14,1,1,'partenaires','_pages/partners',1,'2019-07-04 16:47:42','2019-07-04 16:47:42','106f488d-6c57-4f79-b91e-59aad1127f8b');
/*!40000 ALTER TABLE `sections_sites` ENABLE KEYS */;
UNLOCK TABLES;
commit;

--
-- Dumping data for table `seo_redirects`
--

LOCK TABLES `seo_redirects` WRITE;
/*!40000 ALTER TABLE `seo_redirects` DISABLE KEYS */;
set autocommit=0;
/*!40000 ALTER TABLE `seo_redirects` ENABLE KEYS */;
UNLOCK TABLES;
commit;

--
-- Dumping data for table `seo_sitemap`
--

LOCK TABLES `seo_sitemap` WRITE;
/*!40000 ALTER TABLE `seo_sitemap` DISABLE KEYS */;
set autocommit=0;
/*!40000 ALTER TABLE `seo_sitemap` ENABLE KEYS */;
UNLOCK TABLES;
commit;

--
-- Dumping data for table `sequences`
--

LOCK TABLES `sequences` WRITE;
/*!40000 ALTER TABLE `sequences` DISABLE KEYS */;
set autocommit=0;
/*!40000 ALTER TABLE `sequences` ENABLE KEYS */;
UNLOCK TABLES;
commit;

--
-- Dumping data for table `shunnedmessages`
--

LOCK TABLES `shunnedmessages` WRITE;
/*!40000 ALTER TABLE `shunnedmessages` DISABLE KEYS */;
set autocommit=0;
/*!40000 ALTER TABLE `shunnedmessages` ENABLE KEYS */;
UNLOCK TABLES;
commit;

--
-- Dumping data for table `sitegroups`
--

LOCK TABLES `sitegroups` WRITE;
/*!40000 ALTER TABLE `sitegroups` DISABLE KEYS */;
set autocommit=0;
INSERT INTO `sitegroups` VALUES (1,'Painchaud','2018-10-14 21:15:05','2018-10-14 21:15:05',NULL,'000c15f6-a601-4ded-9c85-595f698b15cd');
/*!40000 ALTER TABLE `sitegroups` ENABLE KEYS */;
UNLOCK TABLES;
commit;

--
-- Dumping data for table `sites`
--

LOCK TABLES `sites` WRITE;
/*!40000 ALTER TABLE `sites` DISABLE KEYS */;
set autocommit=0;
INSERT INTO `sites` VALUES (1,1,1,'CRC Maison Paincaud','default','fr',1,'http://painchaud.test/',1,'2018-10-14 21:15:05','2018-11-28 03:02:14',NULL,'f0279bc7-47c0-4423-b733-8a8df86a510f');
/*!40000 ALTER TABLE `sites` ENABLE KEYS */;
UNLOCK TABLES;
commit;

--
-- Dumping data for table `stc_3_accordionbloc`
--

LOCK TABLES `stc_3_accordionbloc` WRITE;
/*!40000 ALTER TABLE `stc_3_accordionbloc` DISABLE KEYS */;
set autocommit=0;
INSERT INTO `stc_3_accordionbloc` VALUES (1,72,1,'2018-12-01 13:44:52','2018-12-03 21:13:03','40b51fe1-62e6-47a6-ba04-4e55938e2b5d','Avant l\'admission'),(2,74,1,'2018-12-01 13:44:52','2018-12-03 21:13:04','ecc4007c-febf-469b-b6c0-0f9781684aea','Services complémentaires'),(3,75,1,'2018-12-01 13:45:29','2018-12-03 21:13:04','ed3f60d8-66fd-4385-84d3-b8ecb48ce379','Services à proximité'),(4,78,1,'2018-12-01 14:03:08','2018-12-03 21:58:04','40a05a80-19b1-404d-a6b5-0f241d46d77b','Prisme'),(5,85,1,'2018-12-01 14:47:05','2018-12-03 21:58:04','6367839b-7c1c-4141-a37c-e68b253ba185','Café rencontres'),(6,86,1,'2018-12-01 14:47:05','2018-12-03 21:58:04','fb49aae6-15c0-418f-967f-8513f8d5cc3c','Compas');
/*!40000 ALTER TABLE `stc_3_accordionbloc` ENABLE KEYS */;
UNLOCK TABLES;
commit;

--
-- Dumping data for table `stc_accordionv2`
--

LOCK TABLES `stc_accordionv2` WRITE;
/*!40000 ALTER TABLE `stc_accordionv2` DISABLE KEYS */;
set autocommit=0;
INSERT INTO `stc_accordionv2` VALUES (1,88,1,'2018-12-03 21:26:11','2018-12-14 08:30:40','b00a969b-1289-4424-a1e3-61aa7c9aee99','Café rencontres'),(2,90,1,'2018-12-03 21:54:33','2018-12-14 08:30:40','f20446b3-7776-417d-af24-850ab3d163a9','Compas'),(3,91,1,'2018-12-03 21:54:33','2018-12-14 08:30:40','cc588f30-854d-4dc6-9d03-c530763354e9','Cyprès'),(4,92,1,'2018-12-03 21:54:33','2018-12-14 08:30:40','b16c8656-ff3e-4777-a9db-d16c74d48b31','Départ VI'),(5,93,1,'2018-12-03 21:54:33','2018-12-14 08:30:41','865ed59f-3594-4429-acce-b70a20d57651','Dilemme'),(6,94,1,'2018-12-03 21:54:33','2018-12-14 08:30:41','8cabedc5-e719-44ac-abfa-fac3826e816b','Emprise'),(7,95,1,'2018-12-03 21:54:33','2018-12-14 08:30:41','f682b598-2b1e-4a17-82a0-f1f3f4d3b58a','Nouveau départ'),(8,96,1,'2018-12-03 21:54:33','2018-12-14 08:30:41','c79fcdf1-d0f5-4d67-b759-74c917f84a5b','Prémices'),(9,97,1,'2018-12-03 21:54:33','2018-12-14 08:30:41','72b4f077-ed18-40ba-a136-a659d91a61c9','Prisme'),(10,111,1,'2018-12-04 02:29:07','2018-12-04 02:32:24','7d6d4169-4222-4447-920f-4dd16a3d4aa3','Banques de candidatures'),(11,112,1,'2018-12-04 02:29:07','2018-12-04 02:32:24','ea58a973-563d-4a93-b344-0087041166cd','Recrutements universitaires'),(12,113,1,'2018-12-04 02:29:07','2018-12-04 02:32:24','b6158dc3-52e6-47db-ac0f-10e6ac4c8f71','Bénévolat'),(13,114,1,'2018-12-04 02:29:07','2018-12-04 02:32:24','e843bef2-8328-4a2a-a072-7fbc57bbe504','Emplois d\'été');
/*!40000 ALTER TABLE `stc_accordionv2` ENABLE KEYS */;
UNLOCK TABLES;
commit;

--
-- Dumping data for table `stc_pagelist`
--

LOCK TABLES `stc_pagelist` WRITE;
/*!40000 ALTER TABLE `stc_pagelist` DISABLE KEYS */;
set autocommit=0;
/*!40000 ALTER TABLE `stc_pagelist` ENABLE KEYS */;
UNLOCK TABLES;
commit;

--
-- Dumping data for table `structureelements`
--

LOCK TABLES `structureelements` WRITE;
/*!40000 ALTER TABLE `structureelements` DISABLE KEYS */;
set autocommit=0;
INSERT INTO `structureelements` VALUES (7,5,NULL,7,1,8,0,'2018-11-28 00:47:18','2018-11-28 00:59:41','4a25ba41-b922-4222-b652-ce05c56b6e18'),(9,2,NULL,9,1,12,0,'2018-11-28 00:57:50','2018-12-05 17:42:57','9da071b7-f79c-425c-9a45-36f483a76562'),(10,2,14,9,2,3,1,'2018-11-28 00:57:50','2018-11-28 00:57:50','3ab027b5-1678-47d1-ab29-6862b50a8389'),(11,5,15,7,2,3,1,'2018-11-28 00:58:59','2018-11-28 00:58:59','2b48334e-4ce9-41b8-ac5e-5dd70accbff5'),(12,5,16,7,4,5,1,'2018-11-28 00:59:23','2018-11-28 00:59:23','7552d68c-8b65-42e8-b0e7-c727d8fb02a2'),(13,5,17,7,6,7,1,'2018-11-28 00:59:41','2018-11-28 00:59:41','eb8e518e-a081-4396-87a5-d3dcaba58208'),(14,7,NULL,14,1,16,0,'2018-11-28 01:09:19','2018-11-28 01:19:27','c01fe1d7-4ec3-44c7-8c8e-4dc9d8ffa58d'),(15,7,18,14,2,3,1,'2018-11-28 01:09:19','2018-11-28 01:09:19','83e86d0f-71b2-4f28-9336-84f53f946268'),(16,7,19,14,14,15,1,'2018-11-28 01:09:59','2018-11-28 01:19:27','c16a5676-add5-423f-a8db-0a9222ec5df2'),(17,7,20,14,12,13,1,'2018-11-28 01:11:46','2018-11-28 01:19:27','95bc7b81-898e-46bf-807a-792ce000e138'),(18,7,21,14,4,11,1,'2018-11-28 01:13:50','2018-11-28 01:19:27','34791321-4046-44f5-a2ca-cb36b1f7fa0a'),(19,7,22,14,5,6,2,'2018-11-28 01:18:29','2018-11-28 01:18:46','70c5c444-a428-4c34-bd9a-b596f0a384bc'),(20,7,23,14,7,8,2,'2018-11-28 01:19:05','2018-11-28 01:19:25','249f8cec-da86-43d4-b819-fb11a81836f9'),(21,7,24,14,9,10,2,'2018-11-28 01:19:20','2018-11-28 01:19:27','335be728-f8f1-4af7-90ef-b839b82643e1'),(22,8,NULL,22,1,10,0,'2018-11-28 01:19:56','2019-07-04 16:55:52','6ab1cdfa-6d38-4708-b588-1fda73d012a1'),(23,8,25,22,2,3,1,'2018-11-28 01:19:56','2018-11-28 01:19:56','03316117-8873-4dd2-86b2-bda1a57e3e75'),(24,8,26,22,4,5,1,'2018-11-28 01:20:11','2018-11-28 01:20:11','ecb75b6e-abc7-4baa-8771-fa0258a905e8'),(25,8,27,22,8,9,1,'2018-11-28 01:20:26','2019-07-04 16:55:52','c92e54ba-ce51-47ac-bde7-c6efe88a9878'),(26,9,NULL,26,1,10,0,'2018-11-28 06:38:34','2018-11-28 06:39:19','cdc8885e-d431-4000-b6ee-318e1cb98aaa'),(27,9,39,26,2,3,1,'2018-11-28 06:38:34','2018-11-28 06:38:34','91378522-6eae-4ab6-8f4e-41c1b9009c57'),(28,9,40,26,8,9,1,'2018-11-28 06:38:50','2018-11-28 06:39:19','b66e255e-08c7-4c50-9206-7204ce01029d'),(29,9,41,26,6,7,1,'2018-11-28 06:39:03','2018-11-28 06:39:19','979c44be-de39-4517-b454-5066159fdb92'),(30,9,42,26,4,5,1,'2018-11-28 06:39:11','2018-11-28 06:39:17','be98975f-e1c6-4411-baa3-ce5663459c14'),(31,2,43,9,4,5,1,'2018-11-28 07:10:31','2018-11-28 07:10:31','90f1ead7-1a27-4e78-a9c4-9a79128d5577'),(32,6,NULL,32,1,6,0,'2018-12-04 02:37:26','2018-12-04 02:37:55','efb6c6cc-1b18-4223-9cc5-7a3412958d9b'),(33,6,115,32,2,3,1,'2018-12-04 02:37:26','2018-12-04 02:37:26','54f70eda-7bff-4ef8-965a-5318fc1a3bdd'),(34,6,116,32,4,5,1,'2018-12-04 02:37:55','2018-12-04 02:37:55','b68e84cf-8a90-465f-b3ad-c31b44249585'),(35,2,220,9,6,7,1,'2018-12-05 17:34:26','2018-12-05 17:34:26','fde516d8-f9cf-4f80-858e-47348ae8727b'),(36,2,221,9,8,9,1,'2018-12-05 17:34:57','2018-12-05 17:34:57','3e3de606-f11f-4db9-977c-56c433497a40'),(37,2,222,9,10,11,1,'2018-12-05 17:42:57','2018-12-05 17:42:57','23ed7211-d73c-493d-8c65-a98eeae818fd'),(38,8,343,22,6,7,1,'2019-07-04 16:55:42','2019-07-04 16:55:52','94bbc81f-1f3e-4867-be7f-61e21708c7ee');
/*!40000 ALTER TABLE `structureelements` ENABLE KEYS */;
UNLOCK TABLES;
commit;

--
-- Dumping data for table `structures`
--

LOCK TABLES `structures` WRITE;
/*!40000 ALTER TABLE `structures` DISABLE KEYS */;
set autocommit=0;
INSERT INTO `structures` VALUES (2,NULL,'2018-11-28 00:38:04','2018-12-05 18:57:41',NULL,'17eedc78-efc8-4f39-b53c-6d23f0183145'),(5,NULL,'2018-11-28 00:47:17','2018-11-28 00:47:17',NULL,'a28ab406-11e7-4369-8e04-ef1499c59953'),(6,NULL,'2018-11-28 00:50:26','2018-11-28 00:50:26',NULL,'959ef78c-7d91-4ac3-b9c3-86aaebdfa02f'),(7,NULL,'2018-11-28 01:04:32','2018-11-28 01:04:32',NULL,'abd96c39-5538-4d2f-a886-a2eeff70517e'),(8,NULL,'2018-11-28 01:04:54','2018-11-28 01:04:54',NULL,'37589ce4-0f6e-47fc-a807-8d0d6b1b0875'),(9,NULL,'2018-11-28 06:37:53','2018-12-05 18:59:57',NULL,'60de9d57-79ad-4793-896f-ea593f48caba');
/*!40000 ALTER TABLE `structures` ENABLE KEYS */;
UNLOCK TABLES;
commit;

--
-- Dumping data for table `supertableblocks`
--

LOCK TABLES `supertableblocks` WRITE;
/*!40000 ALTER TABLE `supertableblocks` DISABLE KEYS */;
set autocommit=0;
INSERT INTO `supertableblocks` VALUES (72,71,NULL,8,2,1,NULL,'2018-12-01 13:44:52','2018-12-03 21:13:03','98f428a0-49a8-4674-ad6c-95f0f122f48f'),(74,71,NULL,8,2,2,NULL,'2018-12-01 13:44:52','2018-12-03 21:13:04','631b0857-1aaa-464b-83ad-c4059bbae2cd'),(75,71,NULL,8,2,3,NULL,'2018-12-01 13:45:29','2018-12-03 21:13:04','9195df92-1f18-4199-893e-efaebdfb8304'),(78,77,NULL,8,2,3,NULL,'2018-12-01 14:03:08','2018-12-03 21:58:04','7c04f952-0f6f-41fa-b354-30170e30e1e0'),(85,77,NULL,8,2,1,NULL,'2018-12-01 14:47:05','2018-12-03 21:58:04','4403175c-ec7f-4f3a-988c-0fdafffbfdcc'),(86,77,NULL,8,2,2,NULL,'2018-12-01 14:47:05','2018-12-03 21:58:04','b8d31208-bd02-425e-b368-00bfd9b103ea'),(88,17,NULL,50,3,1,NULL,'2018-12-03 21:26:11','2018-12-14 08:30:40','c61e5e89-41f1-47f6-8198-fab7107c0047'),(90,17,NULL,50,3,2,NULL,'2018-12-03 21:54:33','2018-12-14 08:30:40','4c6a345c-a911-4f1e-80cf-74197ec616c8'),(91,17,NULL,50,3,3,NULL,'2018-12-03 21:54:33','2018-12-14 08:30:40','f6870a9a-5229-40cf-b57c-76711f12518c'),(92,17,NULL,50,3,4,NULL,'2018-12-03 21:54:33','2018-12-14 08:30:40','4c7e2f67-081e-42bc-a2de-28aee5bdd595'),(93,17,NULL,50,3,5,NULL,'2018-12-03 21:54:33','2018-12-14 08:30:41','ce28b3e4-d170-4232-8e4e-1546bc1d5079'),(94,17,NULL,50,3,6,NULL,'2018-12-03 21:54:33','2018-12-14 08:30:41','cc319dd1-13c3-4ab9-93fe-4eb4b1e4b007'),(95,17,NULL,50,3,7,NULL,'2018-12-03 21:54:33','2018-12-14 08:30:41','cc20c965-e853-4966-8c9f-0e4f454c31b1'),(96,17,NULL,50,3,8,NULL,'2018-12-03 21:54:33','2018-12-14 08:30:41','684a0f91-32b2-4bdf-9506-175ccc2fb884'),(97,17,NULL,50,3,9,NULL,'2018-12-03 21:54:33','2018-12-14 08:30:41','432afa17-3e95-4a83-ad42-6a8eea29edbc'),(111,11,NULL,50,3,1,NULL,'2018-12-04 02:29:07','2018-12-04 02:32:24','1c0844ad-4b24-49f2-8ede-d41cb478a3c7'),(112,11,NULL,50,3,2,NULL,'2018-12-04 02:29:07','2018-12-04 02:32:24','0343b33a-6696-4eb1-b621-c7514c92ed80'),(113,11,NULL,50,3,3,NULL,'2018-12-04 02:29:07','2018-12-04 02:32:24','00bb497d-c609-4835-8af9-4a996744389f'),(114,11,NULL,50,3,4,NULL,'2018-12-04 02:29:07','2018-12-04 02:32:24','b329ec49-8290-49db-bcfa-de43fe37a537');
/*!40000 ALTER TABLE `supertableblocks` ENABLE KEYS */;
UNLOCK TABLES;
commit;

--
-- Dumping data for table `supertableblocktypes`
--

LOCK TABLES `supertableblocktypes` WRITE;
/*!40000 ALTER TABLE `supertableblocktypes` DISABLE KEYS */;
set autocommit=0;
INSERT INTO `supertableblocktypes` VALUES (1,2,7,'2018-11-27 22:38:44','2018-11-27 22:38:45','55b159c8-de70-4fc0-a529-445e143f2c1a'),(2,8,9,'2018-11-27 22:46:37','2018-12-03 21:20:55','18237d05-e80c-4b0e-8dbc-db03e2ce4a1d'),(3,50,29,'2018-12-03 21:12:49','2018-12-03 21:26:07','062ed927-a797-45b7-b88c-8b6eb55167b7');
/*!40000 ALTER TABLE `supertableblocktypes` ENABLE KEYS */;
UNLOCK TABLES;
commit;

--
-- Dumping data for table `systemmessages`
--

LOCK TABLES `systemmessages` WRITE;
/*!40000 ALTER TABLE `systemmessages` DISABLE KEYS */;
set autocommit=0;
/*!40000 ALTER TABLE `systemmessages` ENABLE KEYS */;
UNLOCK TABLES;
commit;

--
-- Dumping data for table `taggroups`
--

LOCK TABLES `taggroups` WRITE;
/*!40000 ALTER TABLE `taggroups` DISABLE KEYS */;
set autocommit=0;
/*!40000 ALTER TABLE `taggroups` ENABLE KEYS */;
UNLOCK TABLES;
commit;

--
-- Dumping data for table `tags`
--

LOCK TABLES `tags` WRITE;
/*!40000 ALTER TABLE `tags` DISABLE KEYS */;
set autocommit=0;
/*!40000 ALTER TABLE `tags` ENABLE KEYS */;
UNLOCK TABLES;
commit;

--
-- Dumping data for table `tokens`
--

LOCK TABLES `tokens` WRITE;
/*!40000 ALTER TABLE `tokens` DISABLE KEYS */;
set autocommit=0;
/*!40000 ALTER TABLE `tokens` ENABLE KEYS */;
UNLOCK TABLES;
commit;

--
-- Dumping data for table `usergroups`
--

LOCK TABLES `usergroups` WRITE;
/*!40000 ALTER TABLE `usergroups` DISABLE KEYS */;
set autocommit=0;
/*!40000 ALTER TABLE `usergroups` ENABLE KEYS */;
UNLOCK TABLES;
commit;

--
-- Dumping data for table `usergroups_users`
--

LOCK TABLES `usergroups_users` WRITE;
/*!40000 ALTER TABLE `usergroups_users` DISABLE KEYS */;
set autocommit=0;
/*!40000 ALTER TABLE `usergroups_users` ENABLE KEYS */;
UNLOCK TABLES;
commit;

--
-- Dumping data for table `userpermissions`
--

LOCK TABLES `userpermissions` WRITE;
/*!40000 ALTER TABLE `userpermissions` DISABLE KEYS */;
set autocommit=0;
/*!40000 ALTER TABLE `userpermissions` ENABLE KEYS */;
UNLOCK TABLES;
commit;

--
-- Dumping data for table `userpermissions_usergroups`
--

LOCK TABLES `userpermissions_usergroups` WRITE;
/*!40000 ALTER TABLE `userpermissions_usergroups` DISABLE KEYS */;
set autocommit=0;
/*!40000 ALTER TABLE `userpermissions_usergroups` ENABLE KEYS */;
UNLOCK TABLES;
commit;

--
-- Dumping data for table `userpermissions_users`
--

LOCK TABLES `userpermissions_users` WRITE;
/*!40000 ALTER TABLE `userpermissions_users` DISABLE KEYS */;
set autocommit=0;
/*!40000 ALTER TABLE `userpermissions_users` ENABLE KEYS */;
UNLOCK TABLES;
commit;

--
-- Dumping data for table `userpreferences`
--

LOCK TABLES `userpreferences` WRITE;
/*!40000 ALTER TABLE `userpreferences` DISABLE KEYS */;
set autocommit=0;
INSERT INTO `userpreferences` VALUES (1,'{\"language\":\"fr\"}');
/*!40000 ALTER TABLE `userpreferences` ENABLE KEYS */;
UNLOCK TABLES;
commit;

--
-- Dumping data for table `users`
--

LOCK TABLES `users` WRITE;
/*!40000 ALTER TABLE `users` DISABLE KEYS */;
set autocommit=0;
INSERT INTO `users` VALUES (1,'agenceZel',NULL,NULL,NULL,'web@agencezel.com','$2y$13$DZIQGMzHpFliSZDfLyB.h.z.Gsk3QgD/qHHZSadtHXyZ7jsOEDBwS',1,0,0,0,'2019-07-04 16:47:03','192.168.10.1',NULL,NULL,'2018-11-30 14:12:58',NULL,1,NULL,NULL,NULL,0,'2018-10-14 21:15:06','2018-10-14 21:15:06','2019-07-04 16:47:04','a4298d29-5ae1-4237-832d-bcb02a1153e3');
/*!40000 ALTER TABLE `users` ENABLE KEYS */;
UNLOCK TABLES;
commit;

--
-- Dumping data for table `volumefolders`
--

LOCK TABLES `volumefolders` WRITE;
/*!40000 ALTER TABLE `volumefolders` DISABLE KEYS */;
set autocommit=0;
INSERT INTO `volumefolders` VALUES (1,NULL,1,'Fichier','','2018-11-27 22:29:47','2018-11-27 22:29:47','6cc30839-6f8c-4980-8276-b27a3b3a5655'),(2,NULL,NULL,'Source temporaire',NULL,'2018-11-28 01:06:47','2018-11-28 01:06:47','63e33bea-8448-4dca-8423-5452b9d9f828'),(3,2,NULL,'user_1','user_1/','2018-11-28 01:06:47','2018-11-28 01:06:47','8fb29b83-1540-4f1e-a304-ceaf0ac6f3a2'),(4,NULL,2,'Images','','2018-11-28 02:29:20','2018-11-28 02:29:20','8299de3d-f63e-4b35-b5fd-90782e6a47f6'),(5,4,2,'en-tete','en-tete/','2018-11-28 02:34:10','2018-11-28 02:34:10','c21a4027-200a-4336-af1b-b59e1c6d9e54'),(6,4,2,'thumbnail','thumbnail/','2018-11-28 05:37:42','2018-11-28 05:37:42','1f67fa5d-a699-4014-89c5-ac0fa7b934af'),(7,4,2,'partenaires','partenaires/','2018-11-30 14:18:58','2018-11-30 14:18:58','cdea4ba8-df13-49c4-9e53-de80f7dc21ba'),(8,4,2,'maison-painchaud','maison-painchaud/','2018-12-01 12:50:08','2018-12-01 12:50:08','8d70dde9-dfe2-44c6-a717-1a7db2ee31d8'),(9,4,2,'pages','pages/','2018-12-04 00:04:59','2018-12-04 00:04:59','31b39ee2-3872-4ac0-9f7a-1e962f81b547');
/*!40000 ALTER TABLE `volumefolders` ENABLE KEYS */;
UNLOCK TABLES;
commit;

--
-- Dumping data for table `volumes`
--

LOCK TABLES `volumes` WRITE;
/*!40000 ALTER TABLE `volumes` DISABLE KEYS */;
set autocommit=0;
INSERT INTO `volumes` VALUES (1,4,'Fichier','files','craft\\volumes\\Local',1,'//painchaud.test/assets/files/upload','{\"path\":\"assets/files/upload\"}',1,'2018-11-27 22:29:47','2018-12-03 22:19:29',NULL,'91c26a36-2b39-48a6-8254-80a6f5d8af34'),(2,22,'Images','images','craft\\volumes\\Local',1,'//painchaud.test/assets/images/upload','{\"path\":\"assets/images/upload\"}',2,'2018-11-28 02:29:20','2019-07-04 16:51:07',NULL,'640e592b-bd09-44b8-a184-178d05770bf3');
/*!40000 ALTER TABLE `volumes` ENABLE KEYS */;
UNLOCK TABLES;
commit;

--
-- Dumping data for table `widgets`
--

LOCK TABLES `widgets` WRITE;
/*!40000 ALTER TABLE `widgets` DISABLE KEYS */;
set autocommit=0;
INSERT INTO `widgets` VALUES (1,1,'craft\\widgets\\RecentEntries',1,0,'{\"section\":\"*\",\"siteId\":\"1\",\"limit\":10}',1,'2018-10-14 21:15:08','2018-10-14 21:15:08','f2100242-f910-47bc-8ee0-ad23aa78c71b'),(2,1,'craft\\widgets\\CraftSupport',2,0,'[]',1,'2018-10-14 21:15:08','2018-10-14 21:15:08','8e5a4222-d0f2-4b7b-876e-c4eaed85d1f6'),(3,1,'craft\\widgets\\Updates',3,0,'[]',1,'2018-10-14 21:15:08','2018-10-14 21:15:08','f37189d1-6bbf-47b1-afea-4741f05f7fdb'),(4,1,'craft\\widgets\\Feed',4,0,'{\"url\":\"https://craftcms.com/news.rss\",\"title\":\"Craft News\",\"limit\":5}',1,'2018-10-14 21:15:08','2018-10-14 21:15:08','827ed3a1-f229-4d3d-8957-9fec7eae9305');
/*!40000 ALTER TABLE `widgets` ENABLE KEYS */;
UNLOCK TABLES;
commit;

--
-- Dumping routines for database 'painchaud'
--
/*!40103 SET TIME_ZONE=@OLD_TIME_ZONE */;

/*!40101 SET SQL_MODE=@OLD_SQL_MODE */;
/*!40014 SET FOREIGN_KEY_CHECKS=@OLD_FOREIGN_KEY_CHECKS */;
/*!40014 SET UNIQUE_CHECKS=@OLD_UNIQUE_CHECKS */;
/*!40101 SET CHARACTER_SET_CLIENT=@OLD_CHARACTER_SET_CLIENT */;
/*!40101 SET CHARACTER_SET_RESULTS=@OLD_CHARACTER_SET_RESULTS */;
/*!40101 SET COLLATION_CONNECTION=@OLD_COLLATION_CONNECTION */;
/*!40111 SET SQL_NOTES=@OLD_SQL_NOTES */;

-- Dump completed on 2019-07-04 18:33:24
